Date;GBPEUR_HIGH;GBPEUR_LOW;SEKEUR_HIGH;SEKEUR_LOW;CADEUR_HIGH;CADEUR_LOW
07/03/2016 09:00;1,2932;1,2917;0,10725;0,1072;0,6842;0,6829
07/03/2016 09:15;1,294;1,293;0,10728;0,10717;0,6849;0,6841
07/03/2016 09:30;1,2943;1,2922;0,10726;0,10719;0,6844;0,6837
07/03/2016 09:45;1,293;1,2913;0,10728;0,10721;0,6844;0,6839
07/03/2016 10:00;1,2931;1,2921;0,10725;0,10719;0,684;0,6835
07/03/2016 10:15;1,2926;1,2921;0,10724;0,10718;0,6839;0,6836
07/03/2016 10:30;1,293;1,2906;0,10722;0,1072;0,684;0,6834
07/03/2016 10:45;1,2917;1,2907;0,10725;0,1072;0,6836;0,683
07/03/2016 11:00;1,292;1,2912;0,10727;0,10722;0,6834;0,6828
07/03/2016 11:15;1,2921;1,2907;0,10727;0,10714;0,6831;0,6827
07/03/2016 11:30;1,2912;1,2905;0,10723;0,10719;0,683;0,6828
07/03/2016 11:45;1,2913;1,2905;0,10727;0,10724;0,6832;0,6828
07/03/2016 12:00;1,2919;1,2912;0,10725;0,10722;0,6832;0,6829
07/03/2016 12:15;1,2927;1,2916;0,10724;0,10722;0,6843;0,6831
07/03/2016 12:30;1,2927;1,2918;0,10724;0,10719;0,6842;0,6839
07/03/2016 12:45;1,2928;1,2919;0,10721;0,10716;0,6842;0,6834
07/03/2016 13:00;1,2933;1,2925;0,10722;0,10714;0,6834;0,6832
07/03/2016 13:15;1,2934;1,2914;0,10721;0,10716;0,6833;0,682
07/03/2016 13:30;1,2927;1,2917;0,10724;0,1072;0,683;0,6823
07/03/2016 13:45;1,2932;1,2922;0,10724;0,10715;0,6838;0,6829
07/03/2016 14:00;1,2925;1,2909;0,10719;0,10716;0,6835;0,6823
07/03/2016 14:15;1,2925;1,291;0,10716;0,10705;0,6828;0,6822
07/03/2016 14:30;1,2919;1,2911;0,10716;0,10707;0,6826;0,6821
07/03/2016 14:45;1,2924;1,2908;0,10715;0,10708;0,6832;0,6825
07/03/2016 15:00;1,2921;1,2915;0,10714;0,1071;0,6837;0,6829
07/03/2016 15:15;1,2932;1,2919;0,10711;0,10706;0,6838;0,6832
07/03/2016 15:30;1,2933;1,2925;0,10712;0,10706;0,6837;0,6831
07/03/2016 15:45;1,2937;1,2928;0,10713;0,10703;0,6847;0,6836
07/03/2016 16:00;1,2934;1,292;0,10711;0,10706;0,685;0,6834
07/03/2016 16:15;1,2935;1,2923;0,10713;0,10707;0,6844;0,6836
07/03/2016 16:30;1,2935;1,2923;0,10716;0,10712;0,6847;0,684
07/03/2016 16:45;1,2937;1,2932;0,10727;0,10715;0,6849;0,684
07/03/2016 17:00;1,2949;1,2931;0,10728;0,10719;0,6852;0,6839
07/03/2016 17:15;1,2946;1,2935;0,10729;0,10721;0,6842;0,6837
07/03/2016 17:30;1,2957;1,2942;0,10731;0,10725;0,6845;0,6838
07/03/2016 17:45;1,2955;1,2941;0,10725;0,1072;0,6844;0,6834
07/03/2016 18:00;1,296;1,2947;0,10719;0,10711;0,6835;0,6828
07/03/2016 18:15;1,2963;1,2949;0,10713;0,1071;0,683;0,6826
07/03/2016 18:30;1,2957;1,2952;0,10712;0,10709;0,6839;0,6831
07/03/2016 18:45;1,2956;1,295;0,10711;0,10708;0,6841;0,6836
07/03/2016 19:00;1,2958;1,2951;0,1071;0,10708;0,6845;0,6835
07/03/2016 19:15;1,296;1,2953;0,10712;0,10709;0,6843;0,6836
07/03/2016 19:30;1,2964;1,2955;0,10717;0,1071;0,6837;0,6834
07/03/2016 19:45;1,2964;1,2959;0,10714;0,10711;0,6837;0,6834
07/03/2016 20:00;1,2963;1,296;0,10713;0,10712;0,684;0,6835
07/03/2016 20:15;1,2962;1,2952;0,10713;0,10709;0,684;0,6832
07/03/2016 20:30;1,2956;1,295;0,10711;0,10709;0,6837;0,6833
07/03/2016 20:45;1,2956;1,2946;0,1071;0,10708;0,6837;0,6833
07/03/2016 21:00;1,2955;1,2945;0,1071;0,10709;0,6839;0,6834
07/03/2016 21:15;1,2959;1,2954;0,1071;0,10708;0,684;0,6837
07/03/2016 21:30;1,2955;1,2949;0,1071;0,10708;0,6836;0,6832
07/03/2016 21:45;1,2955;1,2949;0,10709;0,10709;0,6841;0,6834
07/03/2016 22:00;1,2958;1,2952;0,10713;0,10709;0,684;0,6833
07/03/2016 22:15;1,2954;1,2951;0,1071;0,10709;0,6834;0,6831
07/03/2016 22:30;1,2955;1,2951;0,10712;0,1071;0,6836;0,6831
07/03/2016 22:45;1,2957;1,2951;0,10715;0,10712;0,6836;0,6835
07/03/2016 23:00;1,2954;1,295;0,10719;0,10711;0,6836;0,6833
07/03/2016 23:15;1,2956;1,2949;0,10714;0,10711;0,6837;0,6834
07/03/2016 23:30;1,2951;1,2946;0,10713;0,10711;0,6834;0,6831
07/03/2016 23:45;1,295;1,2946;0,10714;0,10711;0,6832;0,683
08/03/2016;1,2951;1,2946;0,10714;0,10711;0,6832;0,683
08/03/2016 00:15;1,2948;1,2943;0,10712;0,1071;0,6832;0,683
08/03/2016 00:30;1,2947;1,2943;0,10713;0,10711;0,6831;0,6829
08/03/2016 00:45;1,2949;1,2943;0,10714;0,10712;0,6832;0,6828
08/03/2016 01:00;1,2949;1,2944;0,10713;0,10712;0,6832;0,6829
08/03/2016 01:15;1,2951;1,294;0,10712;0,10709;0,683;0,6825
08/03/2016 01:30;1,2946;1,294;0,10711;0,10708;0,6829;0,6825
08/03/2016 01:45;1,2946;1,294;0,10712;0,10708;0,6828;0,6824
08/03/2016 02:00;1,2944;1,2938;0,10711;0,1071;0,6828;0,6823
08/03/2016 02:15;1,2946;1,2941;0,10713;0,1071;0,6831;0,6827
08/03/2016 02:30;1,2946;1,2939;0,10712;0,10709;0,6829;0,6823
08/03/2016 02:45;1,294;1,2931;0,1071;0,10704;0,6823;0,6816
08/03/2016 03:00;1,2932;1,2923;0,10705;0,10701;0,6818;0,681
08/03/2016 03:15;1,2927;1,2922;0,10705;0,10701;0,6811;0,6806
08/03/2016 03:30;1,2929;1,2924;0,10709;0,10702;0,6809;0,6804
08/03/2016 03:45;1,2928;1,2918;0,10707;0,10704;0,6805;0,6799
08/03/2016 04:00;1,2928;1,2925;0,10709;0,10706;0,6809;0,6802
08/03/2016 04:15;1,2933;1,2926;0,10708;0,10706;0,6807;0,6804
08/03/2016 04:30;1,2934;1,2928;0,1071;0,10706;0,6811;0,6808
08/03/2016 04:45;1,2935;1,2929;0,1071;0,10709;0,6812;0,6808
08/03/2016 05:00;1,2937;1,2931;0,1071;0,10709;0,6812;0,6808
08/03/2016 05:15;1,2939;1,2933;0,10711;0,1071;0,6813;0,6809
08/03/2016 05:30;1,2939;1,2937;0,10713;0,1071;0,6812;0,6811
08/03/2016 05:45;1,2942;1,2938;0,10713;0,10712;0,6814;0,6812
08/03/2016 06:00;1,294;1,2932;0,10712;0,10709;0,6813;0,6809
08/03/2016 06:15;1,2934;1,2928;0,1071;0,10709;0,681;0,6806
08/03/2016 06:30;1,2929;1,2924;0,1071;0,10708;0,6808;0,6805
08/03/2016 06:45;1,2933;1,2928;0,1071;0,10709;0,6811;0,6808
08/03/2016 07:00;1,2933;1,2929;0,1071;0,10708;0,681;0,6807
08/03/2016 07:15;1,2935;1,2929;0,10709;0,10706;0,6809;0,6806
08/03/2016 07:30;1,2929;1,2919;0,10705;0,10701;0,6807;0,6804
08/03/2016 07:45;1,2928;1,292;0,10706;0,10703;0,6808;0,6803
08/03/2016 08:00;1,2943;1,2923;0,10708;0,10704;0,681;0,6805
08/03/2016 08:15;1,2944;1,2927;0,10708;0,10705;0,6807;0,6802
08/03/2016 08:30;1,2927;1,291;0,10707;0,10704;0,6802;0,6796
08/03/2016 08:45;1,2931;1,2912;0,10706;0,10702;0,68;0,6795
08/03/2016 09:00;1,2918;1,291;0,10709;0,107;0,6806;0,6796
08/03/2016 09:15;1,2924;1,2906;0,10707;0,10698;0,681;0,6805
08/03/2016 09:30;1,2926;1,2913;0,10707;0,10699;0,6808;0,6804
08/03/2016 09:45;1,2924;1,2905;0,10712;0,10701;0,6815;0,6804
08/03/2016 10:00;1,2921;1,2902;0,10711;0,10704;0,6805;0,68
08/03/2016 10:15;1,2922;1,2912;0,10712;0,10706;0,6811;0,6804
08/03/2016 10:30;1,2927;1,291;0,10714;0,10699;0,6809;0,6797
08/03/2016 10:45;1,2928;1,2919;0,10705;0,10697;0,6803;0,6798
08/03/2016 11:00;1,2931;1,2913;0,10699;0,10693;0,6805;0,68
08/03/2016 11:15;1,292;1,2909;0,10696;0,10676;0,6802;0,6796
08/03/2016 11:30;1,2928;1,2919;0,1068;0,10674;0,6806;0,6798
08/03/2016 11:45;1,2922;1,2906;0,1068;0,10667;0,6807;0,6798
08/03/2016 12:00;1,2923;1,2907;0,10672;0,10665;0,6806;0,6799
08/03/2016 12:15;1,2921;1,2895;0,10673;0,10663;0,6807;0,6803
08/03/2016 12:30;1,2914;1,2898;0,10682;0,10672;0,6811;0,6806
08/03/2016 12:45;1,2912;1,2899;0,10678;0,10671;0,6813;0,6806
08/03/2016 13:00;1,2911;1,2903;0,10685;0,1067;0,6818;0,6808
08/03/2016 13:15;1,2907;1,29;0,10683;0,10676;0,6813;0,6804
08/03/2016 13:30;1,2907;1,289;0,10684;0,10674;0,6808;0,6803
08/03/2016 13:45;1,2899;1,2889;0,10684;0,10676;0,6817;0,6805
08/03/2016 14:00;1,2897;1,2884;0,10682;0,10663;0,6814;0,6803
08/03/2016 14:15;1,2887;1,2879;0,10684;0,10666;0,6811;0,6801
08/03/2016 14:30;1,289;1,2876;0,10693;0,10684;0,6817;0,681
08/03/2016 14:45;1,2892;1,2881;0,10708;0,10692;0,6817;0,6802
08/03/2016 15:00;1,2886;1,2872;0,10703;0,10694;0,6802;0,6789
08/03/2016 15:15;1,2873;1,2862;0,10695;0,1068;0,6792;0,6775
08/03/2016 15:30;1,2869;1,2841;0,10682;0,10673;0,6777;0,6766
08/03/2016 15:45;1,2859;1,2838;0,10674;0,10668;0,6777;0,6763
08/03/2016 16:00;1,2858;1,2837;0,10676;0,10666;0,6776;0,6762
08/03/2016 16:15;1,2854;1,2844;0,10674;0,10667;0,6772;0,6764
08/03/2016 16:30;1,2857;1,2842;0,10675;0,10666;0,6771;0,6758
08/03/2016 16:45;1,2852;1,2834;0,10679;0,10666;0,6759;0,6745
08/03/2016 17:00;1,2873;1,2851;0,10692;0,1068;0,6763;0,6746
08/03/2016 17:15;1,2887;1,2867;0,10688;0,10679;0,6766;0,6757
08/03/2016 17:30;1,2885;1,2874;0,10691;0,10686;0,6769;0,6764
08/03/2016 17:45;1,2899;1,2879;0,10703;0,10691;0,6777;0,6766
08/03/2016 18:00;1,2908;1,2896;0,10697;0,10692;0,6778;0,6769
08/03/2016 18:15;1,2916;1,2905;0,10698;0,10691;0,679;0,6777
08/03/2016 18:30;1,2916;1,2905;0,10698;0,10693;0,6789;0,6782
08/03/2016 18:45;1,2912;1,2906;0,10694;0,10688;0,6785;0,6775
08/03/2016 19:00;1,2923;1,2911;0,10691;0,1069;0,6785;0,678
08/03/2016 19:15;1,292;1,2908;0,10697;0,1069;0,6789;0,6781
08/03/2016 19:30;1,292;1,2907;0,10698;0,10693;0,6793;0,6786
08/03/2016 19:45;1,2917;1,2907;0,10696;0,10689;0,6792;0,6788
08/03/2016 20:00;1,2923;1,2909;0,10698;0,10687;0,6791;0,6787
08/03/2016 20:15;1,2923;1,2914;0,10697;0,1069;0,679;0,6782
08/03/2016 20:30;1,2918;1,2913;0,10695;0,10691;0,6783;0,6777
08/03/2016 20:45;1,2922;1,2912;0,10695;0,1069;0,6783;0,6774
08/03/2016 21:00;1,2922;1,2911;0,10698;0,10693;0,6784;0,6777
08/03/2016 21:15;1,2915;1,2909;0,10695;0,10694;0,678;0,6774
08/03/2016 21:30;1,2915;1,2911;0,10695;0,1069;0,6775;0,677
08/03/2016 21:45;1,2914;1,291;0,10697;0,10691;0,6774;0,6767
08/03/2016 22:00;1,2918;1,291;0,10699;0,10694;0,6776;0,6771
08/03/2016 22:15;1,2916;1,2911;0,10702;0,10698;0,6774;0,677
08/03/2016 22:30;1,2915;1,2909;0,10702;0,10701;0,6773;0,6768
08/03/2016 22:45;1,2913;1,2908;0,10703;0,107;0,6773;0,6767
08/03/2016 23:00;1,2914;1,2909;0,10704;0,10703;0,6775;0,6772
08/03/2016 23:15;1,2915;1,291;0,10705;0,10704;0,6775;0,6771
08/03/2016 23:30;1,2915;1,2909;0,10705;0,10704;0,6772;0,6769
08/03/2016 23:45;1,2914;1,2909;0,10705;0,10704;0,6772;0,6769
09/03/2016;1,2912;1,2908;0,10705;0,10702;0,6771;0,6768
09/03/2016 00:15;1,2916;1,291;0,10703;0,10701;0,6772;0,6769
09/03/2016 00:30;1,2915;1,291;0,10703;0,10701;0,6774;0,6771
09/03/2016 00:45;1,2918;1,2911;0,10702;0,10701;0,6777;0,6773
09/03/2016 01:00;1,2915;1,2904;0,10702;0,10701;0,6775;0,6771
09/03/2016 01:15;1,2915;1,2908;0,10702;0,10701;0,6778;0,6772
09/03/2016 01:30;1,2915;1,291;0,10702;0,10701;0,6775;0,6772
09/03/2016 01:45;1,2918;1,2911;0,10703;0,10701;0,6777;0,6774
09/03/2016 02:00;1,2917;1,2912;0,10703;0,10702;0,6777;0,6774
09/03/2016 02:15;1,2918;1,2911;0,10704;0,10702;0,6776;0,6772
09/03/2016 02:30;1,2926;1,2915;0,10705;0,10703;0,6779;0,6776
09/03/2016 02:45;1,2926;1,2919;0,10705;0,10704;0,678;0,6777
09/03/2016 03:00;1,2927;1,2919;0,10705;0,10704;0,678;0,6777
09/03/2016 03:15;1,2931;1,2926;0,10705;0,10704;0,6782;0,6779
09/03/2016 03:30;1,2932;1,2922;0,10705;0,10704;0,678;0,6777
09/03/2016 03:45;1,2932;1,2928;0,10704;0,10704;0,6779;0,6776
09/03/2016 04:00;1,2932;1,2922;0,10704;0,10703;0,678;0,6778
09/03/2016 04:15;1,2929;1,2926;0,10704;0,10704;0,678;0,6778
09/03/2016 04:30;1,2928;1,2925;0,10704;0,10704;0,678;0,6777
09/03/2016 04:45;1,2927;1,2921;0,10705;0,10704;0,6781;0,6779
09/03/2016 05:00;1,2927;1,2921;0,10706;0,10704;0,6781;0,6779
09/03/2016 05:15;1,2929;1,2926;0,10707;0,10705;0,6782;0,6779
09/03/2016 05:30;1,2928;1,2924;0,10707;0,10706;0,6782;0,6779
09/03/2016 05:45;1,2927;1,2922;0,10707;0,10706;0,6783;0,6779
09/03/2016 06:00;1,2929;1,2925;0,10708;0,10707;0,6786;0,6782
09/03/2016 06:15;1,2929;1,2926;0,10708;0,10707;0,6786;0,6783
09/03/2016 06:30;1,2928;1,2925;0,10708;0,10707;0,6786;0,6784
09/03/2016 06:45;1,2928;1,2923;0,10709;0,10707;0,6787;0,6783
09/03/2016 07:00;1,2926;1,292;0,10708;0,10706;0,6786;0,6782
09/03/2016 07:15;1,2923;1,2918;0,10709;0,10706;0,6784;0,6782
09/03/2016 07:30;1,2926;1,2921;0,1071;0,10708;0,6787;0,6782
09/03/2016 07:45;1,2927;1,2922;0,1072;0,10708;0,6786;0,6784
09/03/2016 08:00;1,2929;1,2919;0,10725;0,10718;0,6788;0,6783
09/03/2016 08:15;1,2932;1,2922;0,10722;0,10718;0,6786;0,678
09/03/2016 08:30;1,2925;1,2914;0,10735;0,1072;0,6785;0,6779
09/03/2016 08:45;1,2926;1,2916;0,10741;0,10733;0,6786;0,6781
09/03/2016 09:00;1,2942;1,2924;0,10745;0,10733;0,6802;0,6783
09/03/2016 09:15;1,2946;1,2932;0,10753;0,10743;0,6805;0,6795
09/03/2016 09:30;1,2945;1,2932;0,10751;0,10745;0,6799;0,6795
09/03/2016 09:45;1,2953;1,2945;0,10747;0,10738;0,6801;0,6793
09/03/2016 10:00;1,2965;1,2951;0,10752;0,1074;0,6803;0,6795
09/03/2016 10:15;1,297;1,2958;0,10756;0,10749;0,6805;0,68
09/03/2016 10:30;1,2977;1,296;0,10753;0,10746;0,6809;0,6804
09/03/2016 10:45;1,2977;1,2969;0,1075;0,10746;0,6809;0,6803
09/03/2016 11:00;1,2979;1,2971;0,10753;0,10749;0,6809;0,6803
09/03/2016 11:15;1,2983;1,2967;0,10759;0,10751;0,6808;0,6803
09/03/2016 11:30;1,2979;1,2965;0,10754;0,10745;0,6815;0,6803
09/03/2016 11:45;1,2986;1,2976;0,10751;0,10742;0,6817;0,6813
09/03/2016 12:00;1,2982;1,2971;0,10759;0,1075;0,6819;0,6812
09/03/2016 12:15;1,2983;1,2973;0,10758;0,10752;0,6816;0,6806
09/03/2016 12:30;1,2981;1,2974;0,1076;0,10753;0,6814;0,6808
09/03/2016 12:45;1,2974;1,2961;0,10759;0,10754;0,681;0,6803
09/03/2016 13:00;1,297;1,2961;0,10759;0,10753;0,6809;0,6801
09/03/2016 13:15;1,297;1,2963;0,10757;0,10751;0,6809;0,6799
09/03/2016 13:30;1,2965;1,2957;0,10753;0,10748;0,6804;0,6799
09/03/2016 13:45;1,2968;1,2956;0,10759;0,10749;0,6804;0,6798
09/03/2016 14:00;1,2966;1,2958;0,10767;0,10754;0,6803;0,6794
09/03/2016 14:15;1,2965;1,2957;0,10768;0,1076;0,6806;0,6797
09/03/2016 14:30;1,2966;1,2954;0,10778;0,10766;0,681;0,68
09/03/2016 14:45;1,2971;1,2959;0,10778;0,10774;0,681;0,6803
09/03/2016 15:00;1,297;1,2964;0,1078;0,10776;0,6811;0,6805
09/03/2016 15:15;1,2968;1,2964;0,10778;0,1077;0,6809;0,6802
09/03/2016 15:30;1,2968;1,2961;0,10777;0,10762;0,6809;0,6803
09/03/2016 15:45;1,2964;1,2952;0,10781;0,10776;0,6809;0,6802
09/03/2016 16:00;1,2956;1,2938;0,1078;0,10776;0,683;0,6809
09/03/2016 16:15;1,2944;1,2922;0,10778;0,10776;0,6828;0,6812
09/03/2016 16:30;1,293;1,2912;0,10779;0,10776;0,6832;0,6814
09/03/2016 16:45;1,2935;1,2912;0,10778;0,1076;0,6839;0,6816
09/03/2016 17:00;1,2925;1,2913;0,10783;0,10769;0,684;0,6829
09/03/2016 17:15;1,2917;1,2906;0,10782;0,10777;0,6856;0,6837
09/03/2016 17:30;1,2918;1,2902;0,1078;0,10769;0,6858;0,6845
09/03/2016 17:45;1,2916;1,2903;0,10774;0,10767;0,6855;0,6846
09/03/2016 18:00;1,2917;1,2905;0,10769;0,10764;0,6858;0,685
09/03/2016 18:15;1,2911;1,2902;0,10777;0,10765;0,6854;0,6846
09/03/2016 18:30;1,2909;1,2897;0,10772;0,10766;0,6853;0,6847
09/03/2016 18:45;1,29;1,2892;0,10765;0,10757;0,6847;0,6843
09/03/2016 19:00;1,2906;1,2898;0,10766;0,10758;0,6851;0,6844
09/03/2016 19:15;1,2908;1,2902;0,10763;0,10759;0,6851;0,6843
09/03/2016 19:30;1,2911;1,2905;0,10763;0,10759;0,6849;0,6842
09/03/2016 19:45;1,2914;1,2905;0,10765;0,1076;0,6855;0,6849
09/03/2016 20:00;1,2914;1,2904;0,10766;0,10763;0,6852;0,6846
09/03/2016 20:15;1,2918;1,2911;0,10768;0,10765;0,6856;0,6848
09/03/2016 20:30;1,2918;1,2913;0,1077;0,10766;0,6855;0,685
09/03/2016 20:45;1,2933;1,2916;0,1077;0,10763;0,686;0,6853
09/03/2016 21:00;1,2933;1,2918;0,10763;0,10759;0,686;0,6852
09/03/2016 21:15;1,2922;1,2917;0,1076;0,10758;0,6857;0,6853
09/03/2016 21:30;1,2928;1,2919;0,10767;0,10759;0,6863;0,6857
09/03/2016 21:45;1,2925;1,292;0,10766;0,10762;0,686;0,6855
09/03/2016 22:00;1,2925;1,292;0,10767;0,10763;0,6861;0,6856
09/03/2016 22:15;1,2923;1,2921;0,10765;0,10763;0,6862;0,6856
09/03/2016 22:30;1,2924;1,2921;0,10767;0,10763;0,686;0,6859
09/03/2016 22:45;1,2926;1,2923;0,10766;0,10763;0,6864;0,6859
09/03/2016 23:00;1,2926;1,2923;0,10764;0,10762;0,6863;0,6858
09/03/2016 23:15;1,2927;1,2919;0,10765;0,10763;0,6861;0,6856
09/03/2016 23:30;1,2924;1,2919;0,10767;0,10763;0,6863;0,6858
09/03/2016 23:45;1,2928;1,2923;0,10768;0,10766;0,6865;0,6862
10/03/2016;1,2925;1,2922;0,10767;0,10765;0,6866;0,6863
10/03/2016 00:15;1,2931;1,2924;0,10769;0,10766;0,6872;0,6862
10/03/2016 00:30;1,2932;1,2929;0,10768;0,10766;0,6874;0,6871
10/03/2016 00:45;1,2932;1,2926;0,10771;0,10766;0,6873;0,6868
10/03/2016 01:00;1,2931;1,2924;0,10769;0,10767;0,687;0,6866
10/03/2016 01:15;1,2933;1,2924;0,1077;0,10768;0,6869;0,6865
10/03/2016 01:30;1,2934;1,2927;0,1077;0,10768;0,6869;0,6866
10/03/2016 01:45;1,2935;1,2931;0,10769;0,10767;0,6868;0,6863
10/03/2016 02:00;1,2932;1,2928;0,1077;0,10767;0,6864;0,686
10/03/2016 02:15;1,2937;1,2931;0,10773;0,10768;0,6864;0,686
10/03/2016 02:30;1,2941;1,2932;0,10773;0,10769;0,687;0,6862
10/03/2016 02:45;1,2933;1,2925;0,10771;0,10767;0,6867;0,6861
10/03/2016 03:00;1,2931;1,2926;0,10769;0,10762;0,6866;0,6859
10/03/2016 03:15;1,293;1,2919;0,10764;0,10761;0,6866;0,6859
10/03/2016 03:30;1,2925;1,292;0,10762;0,10756;0,6865;0,6858
10/03/2016 03:45;1,2926;1,292;0,10759;0,10758;0,6864;0,686
10/03/2016 04:00;1,2926;1,2923;0,10759;0,10758;0,6863;0,6859
10/03/2016 04:15;1,2926;1,2923;0,1076;0,10759;0,6861;0,6857
10/03/2016 04:30;1,2935;1,2923;0,10766;0,10759;0,6864;0,6858
10/03/2016 04:45;1,2939;1,2931;0,10768;0,10763;0,6865;0,6862
10/03/2016 05:00;1,2939;1,2936;0,10767;0,10767;0,6864;0,6861
10/03/2016 05:15;1,2939;1,2937;0,10767;0,10766;0,6864;0,6861
10/03/2016 05:30;1,2938;1,2935;0,10767;0,10766;0,6862;0,686
10/03/2016 05:45;1,2936;1,2934;0,10767;0,10761;0,6862;0,686
10/03/2016 06:00;1,2937;1,2934;0,10762;0,10761;0,6863;0,6862
10/03/2016 06:15;1,2939;1,2935;0,10762;0,1076;0,6866;0,6862
10/03/2016 06:30;1,2938;1,293;0,10762;0,10761;0,6865;0,6863
10/03/2016 06:45;1,2935;1,2928;0,10762;0,10761;0,6865;0,6863
10/03/2016 07:00;1,2937;1,2927;0,10762;0,10762;0,6867;0,6863
10/03/2016 07:15;1,2939;1,2935;0,10763;0,10762;0,6869;0,6866
10/03/2016 07:30;1,2937;1,2932;0,10764;0,10763;0,6867;0,6865
10/03/2016 07:45;1,2939;1,2934;0,10766;0,10764;0,6868;0,6866
10/03/2016 08:00;1,2938;1,2932;0,10766;0,10759;0,6871;0,6867
10/03/2016 08:15;1,294;1,2931;0,10766;0,10763;0,687;0,6866
10/03/2016 08:30;1,2946;1,2938;0,10765;0,10758;0,6871;0,6867
10/03/2016 08:45;1,2948;1,2938;0,10773;0,10766;0,6873;0,687
10/03/2016 09:00;1,2953;1,294;0,10778;0,10771;0,6876;0,6872
10/03/2016 09:15;1,2961;1,2947;0,10773;0,10767;0,6875;0,6869
10/03/2016 09:30;1,2971;1,2957;0,1077;0,10767;0,6881;0,6875
10/03/2016 09:45;1,2972;1,2964;0,1078;0,1077;0,6883;0,6879
10/03/2016 10:00;1,2971;1,2963;0,10781;0,10775;0,6886;0,6879
10/03/2016 10:15;1,2966;1,2949;0,10784;0,10777;0,6884;0,6878
10/03/2016 10:30;1,2956;1,2942;0,10782;0,10775;0,6877;0,6871
10/03/2016 10:45;1,2955;1,2946;0,10782;0,10775;0,6876;0,6869
10/03/2016 11:00;1,2958;1,2949;0,10783;0,10773;0,6872;0,6868
10/03/2016 11:15;1,297;1,2948;0,10778;0,10775;0,6871;0,6866
10/03/2016 11:30;1,2972;1,2945;0,10778;0,10775;0,6871;0,6857
10/03/2016 11:45;1,2962;1,2947;0,10782;0,10778;0,6864;0,6858
10/03/2016 12:00;1,2967;1,2956;0,10786;0,10782;0,6864;0,6859
10/03/2016 12:15;1,2975;1,2957;0,10786;0,10775;0,687;0,6864
10/03/2016 12:30;1,2959;1,2943;0,10779;0,10772;0,6871;0,6864
10/03/2016 12:45;1,2948;1,2937;0,10774;0,10772;0,687;0,6863
10/03/2016 13:00;1,2949;1,2937;0,10775;0,10769;0,6868;0,6862
10/03/2016 13:15;1,2945;1,2932;0,10774;0,10764;0,6866;0,6862
10/03/2016 13:30;1,296;1,2932;0,10783;0,10773;0,6875;0,6865
10/03/2016 13:45;1,3061;1,2936;0,10817;0,10776;0,6943;0,687
10/03/2016 14:00;1,3067;1,3024;0,10833;0,10814;0,6949;0,693
10/03/2016 14:15;1,3037;1,3019;0,10828;0,10809;0,6933;0,6924
10/03/2016 14:30;1,3057;1,3021;0,10817;0,10805;0,6947;0,6929
10/03/2016 14:45;1,3053;1,2945;0,10807;0,10767;0,6941;0,687
10/03/2016 15:00;1,2992;1,2825;0,1079;0,10733;0,6896;0,6799
10/03/2016 15:15;1,2907;1,2865;0,10753;0,10734;0,6844;0,681
10/03/2016 15:30;1,2885;1,2838;0,10735;0,1071;0,6819;0,6786
10/03/2016 15:45;1,2894;1,2866;0,10731;0,10715;0,682;0,6803
10/03/2016 16:00;1,2874;1,2836;0,10727;0,10714;0,6811;0,6777
10/03/2016 16:15;1,286;1,2823;0,10726;0,10711;0,6788;0,677
10/03/2016 16:30;1,2833;1,2805;0,10704;0,10693;0,6768;0,6748
10/03/2016 16:45;1,2836;1,2824;0,10706;0,10698;0,677;0,6731
10/03/2016 17:00;1,284;1,2813;0,10702;0,10692;0,6727;0,6703
10/03/2016 17:15;1,283;1,2785;0,10698;0,1068;0,6719;0,6687
10/03/2016 17:30;1,2816;1,2787;0,10682;0,1066;0,6695;0,6678
10/03/2016 17:45;1,282;1,2804;0,10701;0,10682;0,67;0,6689
10/03/2016 18:00;1,2824;1,2808;0,10707;0,10695;0,6709;0,6696
10/03/2016 18:15;1,2809;1,278;0,10702;0,10692;0,6696;0,6686
10/03/2016 18:30;1,2792;1,2747;0,10707;0,1068;0,6695;0,6662
10/03/2016 18:45;1,277;1,2746;0,10687;0,10676;0,6676;0,6662
10/03/2016 19:00;1,277;1,2759;0,10688;0,10679;0,668;0,6669
10/03/2016 19:15;1,2767;1,2761;0,10684;0,10677;0,6684;0,6672
10/03/2016 19:30;1,2766;1,2751;0,10698;0,10682;0,6689;0,6684
10/03/2016 19:45;1,276;1,2749;0,10696;0,10688;0,6697;0,6682
10/03/2016 20:00;1,2758;1,2744;0,10689;0,10677;0,6693;0,6681
10/03/2016 20:15;1,2749;1,2743;0,10685;0,10672;0,6687;0,668
10/03/2016 20:30;1,2759;1,2745;0,10679;0,10674;0,6689;0,6679
10/03/2016 20:45;1,2759;1,2753;0,10682;0,10676;0,6691;0,6684
10/03/2016 21:00;1,2766;1,2756;0,10677;0,10674;0,6692;0,6687
10/03/2016 21:15;1,2776;1,2764;0,10675;0,10669;0,6698;0,6689
10/03/2016 21:30;1,2776;1,2766;0,10676;0,10672;0,67;0,6697
10/03/2016 21:45;1,2776;1,2769;0,1068;0,1067;0,6705;0,67
10/03/2016 22:00;1,2775;1,2769;0,10675;0,10668;0,6706;0,6702
10/03/2016 22:15;1,2776;1,2769;0,10684;0,10675;0,6706;0,6702
10/03/2016 22:30;1,2774;1,277;0,10683;0,10679;0,6707;0,67
10/03/2016 22:45;1,2777;1,2769;0,10682;0,10672;0,6711;0,6702
10/03/2016 23:00;1,2778;1,2771;0,10691;0,10676;0,6711;0,67
10/03/2016 23:15;1,278;1,2775;0,1069;0,10682;0,6708;0,6706
10/03/2016 23:30;1,2782;1,2774;0,10693;0,10683;0,6709;0,6697
10/03/2016 23:45;1,2782;1,2775;0,10704;0,10669;0,671;0,6698
11/03/2016;1,2782;1,2773;0,10699;0,10668;0,6706;0,6702
11/03/2016 00:15;1,2785;1,278;0,10693;0,10687;0,6712;0,6706
11/03/2016 00:30;1,2785;1,278;0,10694;0,1069;0,671;0,6704
11/03/2016 00:45;1,2784;1,2779;0,10691;0,10683;0,6708;0,6705
11/03/2016 01:00;1,2784;1,2773;0,10683;0,10681;0,6709;0,6704
11/03/2016 01:15;1,2777;1,2765;0,10683;0,10682;0,6708;0,6704
11/03/2016 01:30;1,2775;1,2764;0,10683;0,10682;0,6707;0,6704
11/03/2016 01:45;1,2765;1,2756;0,10683;0,10681;0,6709;0,6702
11/03/2016 02:00;1,2759;1,2747;0,10682;0,10676;0,6708;0,67
11/03/2016 02:15;1,2756;1,2742;0,10679;0,10677;0,6705;0,6698
11/03/2016 02:30;1,2762;1,275;0,10681;0,10679;0,6709;0,6702
11/03/2016 02:45;1,2766;1,2758;0,1069;0,1068;0,6714;0,6709
11/03/2016 03:00;1,2762;1,2758;0,10701;0,10688;0,6714;0,6711
11/03/2016 03:15;1,2762;1,2756;0,107;0,10696;0,6715;0,6711
11/03/2016 03:30;1,2767;1,276;0,10702;0,107;0,6717;0,6712
11/03/2016 03:45;1,2773;1,2764;0,10701;0,10699;0,6723;0,6714
11/03/2016 04:00;1,2778;1,2771;0,10702;0,10699;0,6725;0,672
11/03/2016 04:15;1,2783;1,2774;0,10701;0,107;0,6734;0,6724
11/03/2016 04:30;1,2783;1,2778;0,10701;0,10699;0,6737;0,6734
11/03/2016 04:45;1,2785;1,2778;0,107;0,10696;0,6738;0,6732
11/03/2016 05:00;1,2785;1,278;0,10698;0,10697;0,6738;0,6735
11/03/2016 05:15;1,2789;1,278;0,10699;0,10697;0,6743;0,6736
11/03/2016 05:30;1,2786;1,2784;0,10698;0,10698;0,6743;0,6739
11/03/2016 05:45;1,2786;1,278;0,10698;0,10692;0,6742;0,674
11/03/2016 06:00;1,2781;1,2777;0,10697;0,10696;0,6743;0,6739
11/03/2016 06:15;1,278;1,2777;0,10697;0,10696;0,6745;0,6743
11/03/2016 06:30;1,2779;1,2773;0,10697;0,10695;0,6745;0,6742
11/03/2016 06:45;1,2778;1,2772;0,10698;0,10696;0,6749;0,6742
11/03/2016 07:00;1,2777;1,2771;0,10699;0,10696;0,6746;0,674
11/03/2016 07:15;1,278;1,2774;0,107;0,10695;0,675;0,6744
11/03/2016 07:30;1,2779;1,277;0,10706;0,10697;0,6754;0,6746
11/03/2016 07:45;1,2789;1,2777;0,10707;0,10685;0,6757;0,675
11/03/2016 08:00;1,2796;1,2769;0,10694;0,10685;0,6759;0,6746
11/03/2016 08:15;1,2799;1,2784;0,10702;0,10693;0,6762;0,6755
11/03/2016 08:30;1,2815;1,2788;0,10718;0,107;0,6768;0,6754
11/03/2016 08:45;1,2812;1,279;0,10721;0,1071;0,6767;0,6758
11/03/2016 09:00;1,2817;1,2784;0,10736;0,10714;0,6773;0,6763
11/03/2016 09:15;1,2831;1,2809;0,10742;0,10734;0,6778;0,6768
11/03/2016 09:30;1,2843;1,2826;0,10745;0,10735;0,678;0,6774
11/03/2016 09:45;1,2846;1,283;0,10746;0,10735;0,6788;0,6776
11/03/2016 10:00;1,2838;1,282;0,10737;0,10725;0,6786;0,6776
11/03/2016 10:15;1,2827;1,2814;0,10735;0,10725;0,6781;0,6773
11/03/2016 10:30;1,2853;1,282;0,10738;0,10729;0,679;0,6773
11/03/2016 10:45;1,2854;1,2837;0,10741;0,10733;0,6799;0,6787
11/03/2016 11:00;1,2873;1,2851;0,10738;0,10734;0,6806;0,6797
11/03/2016 11:15;1,288;1,2864;0,10742;0,10735;0,6811;0,6802
11/03/2016 11:30;1,2891;1,2867;0,10744;0,10735;0,6809;0,68
11/03/2016 11:45;1,2892;1,2883;0,10743;0,10741;0,6816;0,6804
11/03/2016 12:00;1,2894;1,2888;0,10745;0,10741;0,6815;0,6804
11/03/2016 12:15;1,2907;1,2891;0,10745;0,10744;0,6813;0,6804
11/03/2016 12:30;1,2903;1,2889;0,10744;0,10737;0,681;0,6804
11/03/2016 12:45;1,2897;1,2876;0,10738;0,10731;0,681;0,6797
11/03/2016 13:00;1,288;1,2866;0,10738;0,10729;0,6797;0,6789
11/03/2016 13:15;1,2875;1,2865;0,10741;0,10732;0,6794;0,6785
11/03/2016 13:30;1,2878;1,2869;0,10737;0,10734;0,6793;0,6788
11/03/2016 13:45;1,2884;1,2873;0,1074;0,10732;0,68;0,6792
11/03/2016 14:00;1,2891;1,2871;0,10743;0,10734;0,6803;0,6792
11/03/2016 14:15;1,2886;1,2868;0,10743;0,10738;0,6805;0,6792
11/03/2016 14:30;1,2871;1,2853;0,10751;0,10739;0,678;0,676
11/03/2016 14:45;1,2858;1,2846;0,10754;0,10751;0,6765;0,6757
11/03/2016 15:00;1,2853;1,2838;0,10754;0,10751;0,6782;0,6759
11/03/2016 15:15;1,2867;1,2848;0,10755;0,1075;0,6786;0,6779
11/03/2016 15:30;1,2887;1,2864;0,10756;0,10753;0,6797;0,6782
11/03/2016 15:45;1,2883;1,2869;0,10755;0,1075;0,6797;0,6785
11/03/2016 16:00;1,2888;1,2854;0,10754;0,10741;0,6805;0,6792
11/03/2016 16:15;1,2885;1,2872;0,10742;0,10737;0,6798;0,6791
11/03/2016 16:30;1,2891;1,2874;0,10744;0,10741;0,6793;0,6787
11/03/2016 16:45;1,29;1,2885;0,10744;0,10732;0,6789;0,6767
11/03/2016 17:00;1,2907;1,2887;0,10743;0,10735;0,6786;0,6767
11/03/2016 17:15;1,2904;1,2885;0,10742;0,10729;0,6791;0,6782
11/03/2016 17:30;1,2894;1,2873;0,10734;0,10726;0,6789;0,6773
11/03/2016 17:45;1,2906;1,289;0,10732;0,10722;0,6778;0,6768
11/03/2016 18:00;1,2904;1,2895;0,10731;0,10726;0,6776;0,6767
11/03/2016 18:15;1,291;1,2894;0,10743;0,10732;0,6782;0,6772
11/03/2016 18:30;1,2921;1,2907;0,1075;0,10742;0,6788;0,678
11/03/2016 18:45;1,2922;1,2907;0,10751;0,10743;0,6789;0,6782
11/03/2016 19:00;1,2913;1,2896;0,10749;0,10741;0,6784;0,6778
11/03/2016 19:15;1,2902;1,2888;0,10749;0,10746;0,678;0,6778
11/03/2016 19:30;1,2894;1,2887;0,10746;0,10743;0,6778;0,6771
11/03/2016 19:45;1,2894;1,2889;0,10743;0,10743;0,6775;0,6772
11/03/2016 20:00;1,2892;1,2886;0,10744;0,10742;0,6777;0,6773
11/03/2016 20:15;1,2892;1,2884;0,10745;0,10744;0,678;0,6775
11/03/2016 20:30;1,2895;1,2889;0,10745;0,10744;0,6782;0,6779
11/03/2016 20:45;1,2896;1,2891;0,10746;0,10744;0,6782;0,6778
11/03/2016 21:00;1,2894;1,289;0,10749;0,10745;0,6779;0,6776
11/03/2016 21:15;1,2897;1,2892;0,1075;0,10749;0,6777;0,6774
11/03/2016 21:30;1,2899;1,2897;0,1075;0,10749;0,6776;0,6773
11/03/2016 21:45;1,2899;1,2888;0,10752;0,10749;0,6777;0,6773
11/03/2016 22:00;1,2899;1,2889;0,10752;0,10751;0,6779;0,6775
11/03/2016 22:15;1,2903;1,2896;0,10754;0,10751;0,6781;0,6776
11/03/2016 22:30;1,29;1,2894;0,10754;0,10753;0,6783;0,6779
11/03/2016 22:45;1,291;1,2895;0,10754;0,1075;0,6787;0,6783
13/03/2016 19:00;1,2917;1,29;0,1075;0,10735;0,6792;0,6784
13/03/2016 19:15;1,2921;1,2892;0,10754;0,10725;0,6792;0,6784
13/03/2016 19:30;1,2905;1,2884;0,10753;0,10743;0,6789;0,6782
13/03/2016 19:45;1,2901;1,2889;0,10758;0,1074;0,6789;0,6781
13/03/2016 20:00;1,2919;1,2898;0,10753;0,10747;0,6796;0,6787
13/03/2016 20:15;1,2928;1,29;0,10752;0,10747;0,6794;0,6789
13/03/2016 20:30;1,2919;1,2908;0,10755;0,10745;0,6791;0,6787
13/03/2016 20:45;1,2916;1,2907;0,10754;0,10744;0,6794;0,6789
13/03/2016 21:00;1,291;1,2896;0,10752;0,10745;0,6793;0,679
13/03/2016 21:15;1,2918;1,2895;0,10752;0,10743;0,6791;0,6789
13/03/2016 21:30;1,2917;1,2892;0,10754;0,10747;0,6791;0,679
13/03/2016 21:45;1,292;1,2907;0,10752;0,10744;0,6791;0,6789
13/03/2016 22:00;1,2909;1,2902;0,10751;0,10744;0,679;0,6785
13/03/2016 22:15;1,2912;1,2905;0,10754;0,10747;0,6787;0,6785
13/03/2016 22:30;1,2909;1,2897;0,10752;0,10748;0,6785;0,6782
13/03/2016 22:45;1,2901;1,2897;0,10753;0,10749;0,6783;0,6781
13/03/2016 23:00;1,29;1,2887;0,10751;0,10747;0,6782;0,6776
13/03/2016 23:15;1,289;1,2879;0,1075;0,10748;0,6776;0,6764
13/03/2016 23:30;1,2881;1,2872;0,10748;0,10745;0,6767;0,6761
13/03/2016 23:45;1,2879;1,2876;0,10746;0,10744;0,6764;0,6762
14/03/2016;1,2882;1,2875;0,10747;0,10745;0,6768;0,6761
14/03/2016 00:15;1,2884;1,287;0,10747;0,10743;0,6768;0,6762
14/03/2016 00:30;1,2875;1,287;0,10749;0,10742;0,6765;0,6761
14/03/2016 00:45;1,2879;1,2872;0,10742;0,10741;0,6766;0,6763
14/03/2016 01:00;1,2889;1,2878;0,10747;0,10742;0,6772;0,6766
14/03/2016 01:15;1,289;1,2883;0,10748;0,10746;0,6773;0,677
14/03/2016 01:30;1,2891;1,2886;0,10747;0,10745;0,6775;0,6772
14/03/2016 01:45;1,2894;1,2884;0,10745;0,10741;0,6783;0,6773
14/03/2016 02:00;1,2897;1,2893;0,10746;0,10744;0,6784;0,678
14/03/2016 02:15;1,29;1,2891;0,10745;0,10744;0,6784;0,6781
14/03/2016 02:30;1,2899;1,2891;0,10745;0,10743;0,6785;0,6777
14/03/2016 02:45;1,2897;1,2891;0,10744;0,10742;0,678;0,6775
14/03/2016 03:00;1,2895;1,2892;0,10744;0,10743;0,6781;0,6779
14/03/2016 03:15;1,2895;1,2891;0,10745;0,10742;0,6784;0,6779
14/03/2016 03:30;1,2894;1,289;0,10746;0,10744;0,6783;0,6781
14/03/2016 03:45;1,2895;1,2891;0,10748;0,10744;0,6783;0,6782
14/03/2016 04:00;1,2896;1,2893;0,10748;0,10747;0,6784;0,6781
14/03/2016 04:15;1,2894;1,2891;0,10748;0,10747;0,6783;0,678
14/03/2016 04:30;1,2892;1,2888;0,10748;0,10747;0,6783;0,6779
14/03/2016 04:45;1,2891;1,2888;0,10748;0,10747;0,6781;0,6777
14/03/2016 05:00;1,2891;1,2885;0,10748;0,10747;0,6779;0,6777
14/03/2016 05:15;1,289;1,2884;0,10748;0,10747;0,6779;0,6777
14/03/2016 05:30;1,289;1,2888;0,10748;0,10747;0,678;0,6778
14/03/2016 05:45;1,2891;1,2887;0,10748;0,10743;0,6781;0,6779
14/03/2016 06:00;1,2888;1,2884;0,10745;0,10742;0,6783;0,6779
14/03/2016 06:15;1,2886;1,2881;0,10742;0,10741;0,6781;0,6779
14/03/2016 06:30;1,2883;1,2879;0,10744;0,10741;0,678;0,6776
14/03/2016 06:45;1,2885;1,288;0,10743;0,10741;0,6777;0,6772
14/03/2016 07:00;1,2884;1,2878;0,10744;0,10741;0,6773;0,6768
14/03/2016 07:15;1,2881;1,2875;0,10744;0,1074;0,6769;0,6764
14/03/2016 07:30;1,2881;1,2874;0,10741;0,10739;0,6769;0,6765
14/03/2016 07:45;1,288;1,2871;0,10744;0,10739;0,6768;0,676
14/03/2016 08:00;1,2886;1,2872;0,10752;0,10745;0,6767;0,676
14/03/2016 08:15;1,2891;1,2876;0,1075;0,10741;0,6769;0,6762
14/03/2016 08:30;1,2901;1,2889;0,10759;0,1075;0,6775;0,6769
14/03/2016 08:45;1,2906;1,2893;0,10759;0,10755;0,6773;0,6767
14/03/2016 09:00;1,2909;1,2898;0,10761;0,10758;0,6773;0,6765
14/03/2016 09:15;1,2917;1,2899;0,10763;0,1076;0,6782;0,677
14/03/2016 09:30;1,2919;1,2909;0,10761;0,10754;0,6783;0,6773
14/03/2016 09:45;1,2916;1,2894;0,10761;0,10754;0,6781;0,6775
14/03/2016 10:00;1,2912;1,2904;0,10759;0,10752;0,6786;0,6778
14/03/2016 10:15;1,2924;1,2908;0,10756;0,10749;0,678;0,6775
14/03/2016 10:30;1,2925;1,2914;0,10757;0,10753;0,6784;0,6773
14/03/2016 10:45;1,2927;1,2916;0,10762;0,10757;0,679;0,6785
14/03/2016 11:00;1,2922;1,2906;0,10765;0,1076;0,6793;0,6785
14/03/2016 11:15;1,2912;1,2905;0,10766;0,10763;0,6791;0,6787
14/03/2016 11:30;1,2915;1,2903;0,1077;0,10764;0,6793;0,6787
14/03/2016 11:45;1,2922;1,2908;0,10775;0,10764;0,6797;0,6792
14/03/2016 12:00;1,2922;1,2912;0,10775;0,10768;0,6795;0,6791
14/03/2016 12:15;1,2923;1,2916;0,10781;0,10774;0,6799;0,6795
14/03/2016 12:30;1,2926;1,2912;0,10784;0,10775;0,6803;0,6796
14/03/2016 12:45;1,2925;1,2915;0,1079;0,10778;0,6802;0,6794
14/03/2016 13:00;1,2923;1,2912;0,10789;0,10777;0,6795;0,679
14/03/2016 13:15;1,2922;1,2912;0,10779;0,10774;0,6806;0,6793
14/03/2016 13:30;1,2923;1,2913;0,10775;0,10773;0,6805;0,6791
14/03/2016 13:45;1,2919;1,2907;0,10778;0,10772;0,6795;0,6783
14/03/2016 14:00;1,2917;1,291;0,10777;0,1077;0,6786;0,6783
14/03/2016 14:15;1,2924;1,2911;0,10777;0,10773;0,6791;0,6786
14/03/2016 14:30;1,2917;1,2903;0,10786;0,10775;0,6792;0,678
14/03/2016 14:45;1,2906;1,2891;0,10791;0,10783;0,6779;0,677
14/03/2016 15:00;1,2903;1,289;0,10791;0,10786;0,6775;0,6766
14/03/2016 15:15;1,2907;1,2895;0,10794;0,10785;0,6779;0,677
14/03/2016 15:30;1,2902;1,2889;0,10794;0,10784;0,6775;0,6769
14/03/2016 15:45;1,2916;1,2899;0,10793;0,10786;0,6785;0,6775
14/03/2016 16:00;1,2908;1,2896;0,10794;0,10787;0,6782;0,6773
14/03/2016 16:15;1,2904;1,2896;0,10794;0,10784;0,6779;0,6769
14/03/2016 16:30;1,2907;1,2898;0,10793;0,10785;0,6782;0,6777
14/03/2016 16:45;1,2902;1,2892;0,10804;0,10785;0,6783;0,6774
14/03/2016 17:00;1,2905;1,2888;0,1081;0,10796;0,6778;0,677
14/03/2016 17:15;1,2893;1,2884;0,10796;0,10789;0,6776;0,6769
14/03/2016 17:30;1,2894;1,2886;0,10795;0,10788;0,6782;0,6773
14/03/2016 17:45;1,2904;1,2887;0,108;0,10793;0,6787;0,6778
14/03/2016 18:00;1,2903;1,2895;0,108;0,10791;0,6787;0,6782
14/03/2016 18:15;1,2907;1,2897;0,10803;0,10796;0,6794;0,6785
14/03/2016 18:30;1,2906;1,2897;0,10803;0,10801;0,6794;0,6789
14/03/2016 18:45;1,291;1,29;0,10803;0,10801;0,6793;0,6786
14/03/2016 19:00;1,2911;1,29;0,10803;0,10801;0,6791;0,6788
14/03/2016 19:15;1,2905;1,2899;0,10803;0,10801;0,6798;0,6789
14/03/2016 19:30;1,2909;1,2898;0,10806;0,10802;0,6803;0,6798
14/03/2016 19:45;1,29;1,2888;0,10808;0,10804;0,6801;0,6793
14/03/2016 20:00;1,289;1,2886;0,10806;0,10804;0,6794;0,6791
14/03/2016 20:15;1,289;1,2884;0,10805;0,108;0,6794;0,6791
14/03/2016 20:30;1,2888;1,2882;0,108;0,10795;0,6792;0,679
14/03/2016 20:45;1,2887;1,2879;0,108;0,10793;0,6793;0,6791
14/03/2016 21:00;1,2886;1,288;0,10796;0,10795;0,6792;0,6791
14/03/2016 21:15;1,2887;1,2882;0,10795;0,10793;0,6792;0,6788
14/03/2016 21:30;1,2883;1,2879;0,10794;0,1079;0,679;0,6788
14/03/2016 21:45;1,2884;1,2878;0,10795;0,1079;0,6793;0,6788
14/03/2016 22:00;1,2885;1,2879;0,10795;0,10789;0,6792;0,679
14/03/2016 22:15;1,2885;1,288;0,10793;0,10786;0,6791;0,6788
14/03/2016 22:30;1,2885;1,2881;0,10787;0,10785;0,6791;0,6789
14/03/2016 22:45;1,2887;1,2878;0,10791;0,10787;0,6791;0,6788
14/03/2016 23:00;1,2885;1,2877;0,10791;0,10787;0,6791;0,6788
14/03/2016 23:15;1,2884;1,2877;0,10788;0,10785;0,679;0,6786
14/03/2016 23:30;1,2885;1,2879;0,10792;0,10786;0,6789;0,6785
14/03/2016 23:45;1,2881;1,2876;0,10791;0,10788;0,6789;0,6788
15/03/2016;1,2881;1,2875;0,10791;0,10789;0,6791;0,6788
15/03/2016 00:15;1,2878;1,2855;0,10791;0,10788;0,6791;0,6787
15/03/2016 00:30;1,2865;1,286;0,10791;0,1079;0,6788;0,6787
15/03/2016 00:45;1,2869;1,2863;0,10792;0,10791;0,679;0,6786
15/03/2016 01:00;1,2869;1,2864;0,10796;0,10791;0,6787;0,6785
15/03/2016 01:15;1,287;1,2868;0,10795;0,10794;0,6789;0,6786
15/03/2016 01:30;1,287;1,2865;0,10794;0,10792;0,6789;0,6784
15/03/2016 01:45;1,2868;1,286;0,10795;0,10793;0,6789;0,6781
15/03/2016 02:00;1,2861;1,2855;0,10794;0,10789;0,6781;0,6773
15/03/2016 02:15;1,2861;1,2855;0,1079;0,10788;0,6774;0,6769
15/03/2016 02:30;1,2859;1,2853;0,10788;0,10786;0,6775;0,677
15/03/2016 02:45;1,2857;1,2852;0,10787;0,10785;0,677;0,6766
15/03/2016 03:00;1,2856;1,2851;0,10786;0,10785;0,6769;0,6766
15/03/2016 03:15;1,2855;1,2852;0,10785;0,10782;0,6768;0,6767
15/03/2016 03:30;1,2855;1,285;0,10782;0,10781;0,6771;0,6767
15/03/2016 03:45;1,2854;1,2844;0,10783;0,10781;0,6771;0,6768
15/03/2016 04:00;1,2856;1,2848;0,10787;0,10783;0,6773;0,677
15/03/2016 04:15;1,2858;1,2853;0,10787;0,10784;0,6773;0,6771
15/03/2016 04:30;1,286;1,2849;0,10788;0,10781;0,6774;0,6767
15/03/2016 04:45;1,2854;1,2849;0,10784;0,10782;0,6771;0,6769
15/03/2016 05:00;1,2854;1,285;0,10784;0,10782;0,6774;0,677
15/03/2016 05:15;1,2855;1,2849;0,10784;0,10782;0,6772;0,6769
15/03/2016 05:30;1,2855;1,2851;0,10783;0,10781;0,6773;0,677
15/03/2016 05:45;1,2853;1,2844;0,10783;0,10781;0,6771;0,6769
15/03/2016 06:00;1,2848;1,2842;0,10784;0,1078;0,6771;0,677
15/03/2016 06:15;1,2844;1,2841;0,10782;0,10781;0,6771;0,6767
15/03/2016 06:30;1,2845;1,284;0,10786;0,10781;0,677;0,6768
15/03/2016 06:45;1,2849;1,2843;0,10787;0,10785;0,6771;0,6769
15/03/2016 07:00;1,2845;1,284;0,10784;0,10781;0,6769;0,6767
15/03/2016 07:15;1,2853;1,2842;0,10785;0,10782;0,6772;0,6768
15/03/2016 07:30;1,2853;1,2847;0,10785;0,10781;0,6775;0,6769
15/03/2016 07:45;1,2853;1,2849;0,10788;0,10782;0,6775;0,6771
15/03/2016 08:00;1,2858;1,2845;0,10791;0,1078;0,6778;0,6772
15/03/2016 08:15;1,2858;1,2848;0,10792;0,10784;0,6778;0,6766
15/03/2016 08:30;1,2852;1,2828;0,10791;0,10785;0,6767;0,6751
15/03/2016 08:45;1,2832;1,2821;0,10789;0,10778;0,6751;0,6738
15/03/2016 09:00;1,2831;1,2818;0,10785;0,10779;0,6742;0,6736
15/03/2016 09:15;1,282;1,2803;0,10795;0,1078;0,6747;0,6741
15/03/2016 09:30;1,2811;1,2798;0,10803;0,10782;0,6748;0,674
15/03/2016 09:45;1,2818;1,2804;0,10807;0,10795;0,6748;0,6742
15/03/2016 10:00;1,2812;1,2803;0,10803;0,10797;0,6743;0,6738
15/03/2016 10:15;1,2803;1,2775;0,10808;0,10803;0,6747;0,674
15/03/2016 10:30;1,2779;1,2765;0,10806;0,108;0,6744;0,6732
15/03/2016 10:45;1,2787;1,2772;0,10807;0,10799;0,6743;0,673
15/03/2016 11:00;1,2788;1,2776;0,10806;0,108;0,6742;0,6736
15/03/2016 11:15;1,2784;1,2774;0,10806;0,108;0,6742;0,6739
15/03/2016 11:30;1,2783;1,2769;0,10808;0,108;0,6745;0,6741
15/03/2016 11:45;1,2776;1,2769;0,10812;0,10807;0,6746;0,6739
15/03/2016 12:00;1,2774;1,2757;0,10837;0,10811;0,6739;0,6735
15/03/2016 12:15;1,2771;1,2755;0,10832;0,10827;0,6741;0,6735
15/03/2016 12:30;1,2773;1,2765;0,10827;0,10824;0,6743;0,674
15/03/2016 12:45;1,2776;1,276;0,10825;0,10818;0,6744;0,6738
15/03/2016 13:00;1,2763;1,275;0,10826;0,10818;0,6742;0,6731
15/03/2016 13:15;1,2761;1,2752;0,10827;0,10813;0,6738;0,6732
15/03/2016 13:30;1,2763;1,2743;0,10828;0,10817;0,6735;0,6723
15/03/2016 13:45;1,2762;1,2749;0,10817;0,10813;0,6736;0,6728
15/03/2016 14:00;1,2768;1,2755;0,1082;0,10812;0,6742;0,6737
15/03/2016 14:15;1,2777;1,2762;0,10823;0,10817;0,6748;0,6741
15/03/2016 14:30;1,2774;1,2757;0,10821;0,10812;0,6747;0,6737
15/03/2016 14:45;1,2769;1,2757;0,10821;0,1081;0,6744;0,6739
15/03/2016 15:00;1,2759;1,2749;0,10823;0,10813;0,674;0,6726
15/03/2016 15:15;1,2759;1,275;0,10822;0,10813;0,6733;0,6728
15/03/2016 15:30;1,277;1,2754;0,10824;0,10816;0,6743;0,6732
15/03/2016 15:45;1,278;1,2767;0,10825;0,10814;0,6743;0,6738
15/03/2016 16:00;1,2772;1,2755;0,10832;0,10823;0,674;0,673
15/03/2016 16:15;1,2756;1,2745;0,10826;0,10822;0,6734;0,6723
15/03/2016 16:30;1,276;1,275;0,10826;0,10824;0,6737;0,6731
15/03/2016 16:45;1,2759;1,2747;0,10831;0,10825;0,6736;0,6729
15/03/2016 17:00;1,2754;1,2742;0,10839;0,10829;0,6738;0,6732
15/03/2016 17:15;1,2755;1,2748;0,10831;0,10822;0,674;0,6732
15/03/2016 17:30;1,2755;1,2745;0,10825;0,10821;0,6739;0,6735
15/03/2016 17:45;1,276;1,2746;0,10828;0,10819;0,6743;0,674
15/03/2016 18:00;1,2753;1,274;0,10821;0,10816;0,6741;0,6734
15/03/2016 18:15;1,2742;1,2726;0,10817;0,10812;0,6732;0,6726
15/03/2016 18:30;1,2737;1,273;0,10824;0,10812;0,6733;0,673
15/03/2016 18:45;1,2742;1,2722;0,10817;0,10814;0,674;0,6728
15/03/2016 19:00;1,2744;1,2738;0,10818;0,10812;0,674;0,6732
15/03/2016 19:15;1,2742;1,2734;0,10814;0,10813;0,6741;0,6737
15/03/2016 19:30;1,274;1,2735;0,10813;0,10812;0,6741;0,6739
15/03/2016 19:45;1,2745;1,2736;0,10813;0,1081;0,6744;0,6739
15/03/2016 20:00;1,275;1,2744;0,10819;0,10813;0,6745;0,6738
15/03/2016 20:15;1,2747;1,2739;0,10817;0,10816;0,6744;0,674
15/03/2016 20:30;1,2744;1,2741;0,10817;0,10816;0,6742;0,6737
15/03/2016 20:45;1,2744;1,2736;0,10818;0,10816;0,6738;0,6736
15/03/2016 21:00;1,2743;1,2739;0,10818;0,10817;0,6739;0,6735
15/03/2016 21:15;1,2744;1,2741;0,10822;0,10818;0,6739;0,6736
15/03/2016 21:30;1,2742;1,2736;0,10826;0,10821;0,6742;0,6737
15/03/2016 21:45;1,274;1,2736;0,10826;0,10826;0,6742;0,6739
15/03/2016 22:00;1,274;1,2736;0,10827;0,10825;0,6743;0,674
15/03/2016 22:15;1,2743;1,2738;0,10827;0,10826;0,6743;0,6742
15/03/2016 22:30;1,2745;1,2737;0,10827;0,10826;0,6744;0,6742
15/03/2016 22:45;1,2745;1,2741;0,10827;0,10825;0,6744;0,6743
15/03/2016 23:00;1,2745;1,2741;0,10827;0,10825;0,6743;0,6742
15/03/2016 23:15;1,2745;1,2742;0,10827;0,10826;0,6742;0,6741
15/03/2016 23:30;1,2745;1,2739;0,10826;0,10825;0,6743;0,674
15/03/2016 23:45;1,2749;1,2739;0,10826;0,10826;0,6744;0,6742
16/03/2016;1,2748;1,2741;0,10826;0,10819;0,6745;0,6741
16/03/2016 00:15;1,2745;1,2741;0,10821;0,10819;0,6742;0,674
16/03/2016 00:30;1,2747;1,2744;0,1082;0,1082;0,6744;0,6742
16/03/2016 00:45;1,2746;1,2743;0,10821;0,10818;0,6743;0,674
16/03/2016 01:00;1,2746;1,2734;0,10818;0,10814;0,6744;0,6739
16/03/2016 01:15;1,2737;1,2734;0,10815;0,10814;0,6744;0,6739
16/03/2016 01:30;1,2741;1,2736;0,10815;0,10812;0,6744;0,6742
16/03/2016 01:45;1,2747;1,2727;0,10813;0,10808;0,6746;0,6741
16/03/2016 02:00;1,274;1,2731;0,10812;0,1081;0,6742;0,674
16/03/2016 02:15;1,2737;1,2725;0,10813;0,10811;0,6742;0,6738
16/03/2016 02:30;1,2734;1,2724;0,10813;0,10811;0,674;0,6734
16/03/2016 02:45;1,2736;1,273;0,10816;0,10811;0,6742;0,6736
16/03/2016 03:00;1,2736;1,2727;0,10819;0,10813;0,6744;0,6737
16/03/2016 03:15;1,2735;1,2729;0,10819;0,10818;0,6741;0,6737
16/03/2016 03:30;1,2734;1,273;0,10819;0,10819;0,674;0,6737
16/03/2016 03:45;1,2735;1,2731;0,10818;0,10817;0,674;0,6737
16/03/2016 04:00;1,2737;1,2729;0,10819;0,10817;0,6743;0,6739
16/03/2016 04:15;1,2735;1,273;0,10818;0,10817;0,6744;0,6742
16/03/2016 04:30;1,2733;1,2728;0,10818;0,10816;0,6744;0,6742
16/03/2016 04:45;1,2732;1,2729;0,10818;0,10813;0,6744;0,6741
16/03/2016 05:00;1,2734;1,2729;0,10814;0,10813;0,6745;0,6743
16/03/2016 05:15;1,2735;1,2729;0,10814;0,10812;0,6745;0,6743
16/03/2016 05:30;1,2736;1,2734;0,10813;0,10813;0,6743;0,674
16/03/2016 05:45;1,2737;1,2734;0,10815;0,10812;0,6742;0,674
16/03/2016 06:00;1,2736;1,2733;0,10814;0,10812;0,6744;0,6739
16/03/2016 06:15;1,2738;1,2736;0,10816;0,10813;0,6746;0,6744
16/03/2016 06:30;1,2738;1,2734;0,10816;0,10814;0,6748;0,6746
16/03/2016 06:45;1,2738;1,2728;0,10815;0,10814;0,6749;0,6747
16/03/2016 07:00;1,2733;1,2729;0,10816;0,10814;0,6746;0,6743
16/03/2016 07:15;1,2734;1,2729;0,10819;0,10814;0,6746;0,6744
16/03/2016 07:30;1,2736;1,2721;0,10819;0,10817;0,675;0,6745
16/03/2016 07:45;1,2723;1,2717;0,10817;0,10808;0,675;0,6747
16/03/2016 08:00;1,2724;1,2704;0,10808;0,10802;0,6751;0,6741
16/03/2016 08:15;1,2718;1,2705;0,10812;0,10803;0,6745;0,674
16/03/2016 08:30;1,2717;1,2706;0,10809;0,10803;0,6741;0,6736
16/03/2016 08:45;1,2721;1,2714;0,10814;0,10807;0,6742;0,6738
16/03/2016 09:00;1,2738;1,2717;0,1082;0,10813;0,675;0,6742
16/03/2016 09:15;1,2745;1,273;0,10819;0,1081;0,6753;0,6749
16/03/2016 09:30;1,2735;1,2722;0,10832;0,10818;0,6748;0,6744
16/03/2016 09:45;1,2745;1,2726;0,10834;0,10828;0,6756;0,6746
16/03/2016 10:00;1,274;1,2725;0,10835;0,10831;0,6753;0,6749
16/03/2016 10:15;1,2743;1,2733;0,10834;0,10831;0,6753;0,6749
16/03/2016 10:30;1,2743;1,2721;0,10833;0,10827;0,6749;0,6744
16/03/2016 10:45;1,273;1,272;0,10827;0,10821;0,6745;0,6743
16/03/2016 11:00;1,2727;1,2705;0,10824;0,10817;0,6745;0,6742
16/03/2016 11:15;1,2718;1,2706;0,10821;0,10815;0,6742;0,6739
16/03/2016 11:30;1,2728;1,2717;0,10816;0,10815;0,6749;0,6742
16/03/2016 11:45;1,2734;1,2725;0,10822;0,10813;0,6754;0,6748
16/03/2016 12:00;1,2734;1,2726;0,10824;0,10815;0,6751;0,6747
16/03/2016 12:15;1,2729;1,2715;0,1082;0,10811;0,6753;0,6749
16/03/2016 12:30;1,2722;1,2714;0,10821;0,10813;0,675;0,6747
16/03/2016 12:45;1,272;1,2711;0,1082;0,10819;0,6748;0,6741
16/03/2016 13:00;1,2717;1,2711;0,10822;0,1082;0,6741;0,6736
16/03/2016 13:15;1,2717;1,2696;0,10821;0,10815;0,6737;0,6731
16/03/2016 13:30;1,271;1,2695;0,10829;0,10817;0,674;0,6735
16/03/2016 13:45;1,2697;1,2686;0,10832;0,10822;0,6745;0,6736
16/03/2016 14:00;1,2708;1,2682;0,10843;0,10832;0,6759;0,6744
16/03/2016 14:15;1,271;1,2701;0,10845;0,1084;0,6761;0,6755
16/03/2016 14:30;1,272;1,2707;0,10846;0,10843;0,6764;0,6756
16/03/2016 14:45;1,2724;1,2713;0,10843;0,10836;0,6763;0,6758
16/03/2016 15:00;1,2724;1,2708;0,10841;0,10835;0,6767;0,6758
16/03/2016 15:15;1,2726;1,2719;0,1084;0,10837;0,6771;0,6764
16/03/2016 15:30;1,2735;1,2721;0,10839;0,10835;0,6772;0,6764
16/03/2016 15:45;1,2736;1,2725;0,10842;0,10833;0,6772;0,6758
16/03/2016 16:00;1,2728;1,2719;0,10843;0,10833;0,6767;0,676
16/03/2016 16:15;1,2735;1,2724;0,10841;0,10833;0,6772;0,6765
16/03/2016 16:30;1,2745;1,2733;0,10844;0,10839;0,6772;0,6767
16/03/2016 16:45;1,2743;1,2726;0,10856;0,1084;0,677;0,6758
16/03/2016 17:00;1,2739;1,2729;0,10861;0,10854;0,6765;0,6757
16/03/2016 17:15;1,2739;1,2725;0,10859;0,10851;0,6766;0,676
16/03/2016 17:30;1,2731;1,2718;0,10854;0,10851;0,6762;0,6756
16/03/2016 17:45;1,2745;1,2728;0,10853;0,10846;0,6764;0,676
16/03/2016 18:00;1,2731;1,2722;0,10851;0,10846;0,6764;0,6759
16/03/2016 18:15;1,273;1,2721;0,10851;0,10844;0,6771;0,6764
16/03/2016 18:30;1,2728;1,2718;0,10854;0,10847;0,6769;0,6762
16/03/2016 18:45;1,2738;1,272;0,10852;0,10848;0,6765;0,6758
16/03/2016 19:00;1,2747;1,2715;0,10859;0,10848;0,6787;0,6763
16/03/2016 19:15;1,273;1,2715;0,10857;0,1085;0,6784;0,6771
16/03/2016 19:30;1,2739;1,2712;0,10859;0,10844;0,6797;0,678
16/03/2016 19:45;1,2734;1,2701;0,10853;0,10845;0,68;0,6786
16/03/2016 20:00;1,2715;1,2694;0,10849;0,10842;0,6794;0,6784
16/03/2016 20:15;1,2712;1,2697;0,10848;0,10842;0,6793;0,6782
16/03/2016 20:30;1,2715;1,269;0,10851;0,10846;0,6786;0,678
16/03/2016 20:45;1,2708;1,2696;0,10852;0,10848;0,6789;0,6782
16/03/2016 21:00;1,2716;1,2698;0,10848;0,10838;0,6787;0,678
16/03/2016 21:15;1,2714;1,2706;0,10839;0,10836;0,6796;0,6788
16/03/2016 21:30;1,2713;1,2704;0,10836;0,10835;0,6794;0,679
16/03/2016 21:45;1,2713;1,2705;0,10844;0,10834;0,6803;0,6791
16/03/2016 22:00;1,2709;1,2692;0,10845;0,10834;0,6805;0,6798
16/03/2016 22:15;1,2711;1,2699;0,1084;0,10839;0,6803;0,6796
16/03/2016 22:30;1,2713;1,2704;0,10839;0,10837;0,68;0,6798
16/03/2016 22:45;1,272;1,271;0,1084;0,10825;0,6802;0,6798
16/03/2016 23:00;1,2715;1,2709;0,10829;0,10826;0,6799;0,6796
16/03/2016 23:15;1,2715;1,2706;0,1083;0,10822;0,6796;0,6793
16/03/2016 23:30;1,2709;1,27;0,10824;0,10822;0,6796;0,6791
16/03/2016 23:45;1,2706;1,27;0,10825;0,10823;0,6792;0,6788
17/03/2016;1,2706;1,2699;0,10825;0,10824;0,6793;0,679
17/03/2016 00:15;1,271;1,2704;0,10826;0,10825;0,6797;0,679
17/03/2016 00:30;1,271;1,2706;0,10826;0,10825;0,6796;0,6793
17/03/2016 00:45;1,2708;1,2703;0,10826;0,10826;0,6796;0,6794
17/03/2016 01:00;1,2713;1,2703;0,10828;0,10826;0,6802;0,6795
17/03/2016 01:15;1,271;1,2706;0,10833;0,10826;0,6803;0,6798
17/03/2016 01:30;1,2713;1,2706;0,10832;0,10831;0,6806;0,68
17/03/2016 01:45;1,2728;1,2709;0,10834;0,10832;0,6811;0,6805
17/03/2016 02:00;1,2739;1,2723;0,10833;0,10832;0,682;0,6811
17/03/2016 02:15;1,2729;1,2723;0,10832;0,10832;0,6814;0,6806
17/03/2016 02:30;1,2727;1,2717;0,10834;0,10832;0,6811;0,6806
17/03/2016 02:45;1,2721;1,2713;0,10835;0,10832;0,6807;0,6802
17/03/2016 03:00;1,2721;1,2704;0,10834;0,10832;0,6806;0,6798
17/03/2016 03:15;1,2714;1,2704;0,10834;0,10832;0,6804;0,6799
17/03/2016 03:30;1,2716;1,2707;0,10834;0,10832;0,6804;0,6799
17/03/2016 03:45;1,2719;1,2711;0,10835;0,10832;0,6806;0,6801
17/03/2016 04:00;1,2718;1,2711;0,10834;0,10833;0,6806;0,68
17/03/2016 04:15;1,2717;1,2715;0,10834;0,10831;0,6806;0,6804
17/03/2016 04:30;1,2717;1,2703;0,10832;0,10831;0,6807;0,6802
17/03/2016 04:45;1,2712;1,2705;0,10832;0,10832;0,6808;0,6803
17/03/2016 05:00;1,271;1,2701;0,10833;0,10832;0,6808;0,6803
17/03/2016 05:15;1,2704;1,2695;0,10832;0,10831;0,6805;0,6802
17/03/2016 05:30;1,2702;1,2694;0,10833;0,1083;0,6806;0,6803
17/03/2016 05:45;1,27;1,2684;0,10837;0,10835;0,6805;0,6801
17/03/2016 06:00;1,2692;1,2681;0,10837;0,10831;0,6803;0,6797
17/03/2016 06:15;1,2692;1,2687;0,10833;0,10832;0,6805;0,6802
17/03/2016 06:30;1,2691;1,2687;0,10833;0,10832;0,6806;0,6804
17/03/2016 06:45;1,2693;1,2688;0,10833;0,10831;0,6805;0,6802
17/03/2016 07:00;1,2692;1,2681;0,10832;0,10831;0,6806;0,6802
17/03/2016 07:15;1,269;1,2675;0,10833;0,10829;0,6806;0,6802
17/03/2016 07:30;1,2678;1,2667;0,10831;0,10829;0,6805;0,6801
17/03/2016 07:45;1,2681;1,2669;0,1083;0,10827;0,6807;0,6802
17/03/2016 08:00;1,2686;1,2667;0,10836;0,10826;0,6807;0,6802
17/03/2016 08:15;1,269;1,2674;0,10842;0,10831;0,6818;0,6804
17/03/2016 08:30;1,2688;1,2671;0,10844;0,1083;0,6824;0,6814
17/03/2016 08:45;1,2675;1,2656;0,10841;0,10827;0,6824;0,6811
17/03/2016 09:00;1,2674;1,2657;0,10857;0,10831;0,6824;0,6805
17/03/2016 09:15;1,2671;1,2657;0,10862;0,10853;0,6828;0,6821
17/03/2016 09:30;1,2672;1,2658;0,10861;0,10841;0,683;0,6822
17/03/2016 09:45;1,2676;1,266;0,10856;0,10847;0,684;0,6829
17/03/2016 10:00;1,2676;1,2662;0,10861;0,10835;0,6829;0,682
17/03/2016 10:15;1,2681;1,2662;0,10852;0,10838;0,6827;0,6817
17/03/2016 10:30;1,2675;1,2663;0,10853;0,10847;0,6824;0,6817
17/03/2016 10:45;1,2666;1,2645;0,10853;0,10845;0,6819;0,6808
17/03/2016 11:00;1,266;1,264;0,10855;0,10838;0,6807;0,6798
17/03/2016 11:15;1,2683;1,2658;0,10838;0,10817;0,6801;0,6787
17/03/2016 11:30;1,2681;1,2659;0,1082;0,10798;0,6793;0,6783
17/03/2016 11:45;1,2675;1,2662;0,10804;0,10794;0,6792;0,6786
17/03/2016 12:00;1,2677;1,2659;0,10807;0,10796;0,6796;0,6787
17/03/2016 12:15;1,2687;1,2676;0,10816;0,10808;0,6802;0,6794
17/03/2016 12:30;1,2687;1,2678;0,10811;0,10795;0,6806;0,6794
17/03/2016 12:45;1,2686;1,2676;0,10795;0,10785;0,6796;0,6784
17/03/2016 13:00;1,276;1,2679;0,10788;0,10776;0,6795;0,678
17/03/2016 13:15;1,2759;1,2725;0,10796;0,10782;0,6795;0,679
17/03/2016 13:30;1,2738;1,2723;0,10798;0,10783;0,6801;0,6792
17/03/2016 13:45;1,2756;1,2735;0,10792;0,10769;0,6803;0,6796
17/03/2016 14:00;1,2796;1,2741;0,10768;0,10748;0,6801;0,6795
17/03/2016 14:15;1,2785;1,2767;0,10763;0,10749;0,6803;0,6796
17/03/2016 14:30;1,278;1,2765;0,10768;0,10756;0,6801;0,6779
17/03/2016 14:45;1,2788;1,2764;0,10781;0,10763;0,6786;0,6777
17/03/2016 15:00;1,2794;1,2776;0,10784;0,10768;0,6781;0,6771
17/03/2016 15:15;1,2783;1,2771;0,10789;0,10776;0,6784;0,6779
17/03/2016 15:30;1,2799;1,2773;0,10785;0,10773;0,6797;0,678
17/03/2016 15:45;1,2796;1,2778;0,1079;0,10784;0,6799;0,6791
17/03/2016 16:00;1,2795;1,2786;0,10795;0,10786;0,6808;0,6794
17/03/2016 16:15;1,2797;1,2785;0,10795;0,10786;0,6811;0,6804
17/03/2016 16:30;1,2798;1,279;0,10794;0,10786;0,681;0,6804
17/03/2016 16:45;1,2805;1,2786;0,10794;0,10786;0,6809;0,6805
17/03/2016 17:00;1,2808;1,2795;0,10795;0,10791;0,6807;0,6803
17/03/2016 17:15;1,2804;1,2793;0,10792;0,10788;0,6805;0,68
17/03/2016 17:30;1,2801;1,2785;0,10788;0,10783;0,6801;0,6792
17/03/2016 17:45;1,2794;1,2783;0,1079;0,10782;0,6794;0,679
17/03/2016 18:00;1,2797;1,2788;0,10799;0,1079;0,6793;0,6788
17/03/2016 18:15;1,2802;1,2792;0,10804;0,10795;0,6797;0,679
17/03/2016 18:30;1,2801;1,2791;0,10804;0,10792;0,68;0,6794
17/03/2016 18:45;1,2795;1,2785;0,10803;0,108;0,6798;0,6793
17/03/2016 19:00;1,2797;1,2787;0,10801;0,10797;0,6797;0,6791
17/03/2016 19:15;1,2801;1,2794;0,10801;0,108;0,68;0,6795
17/03/2016 19:30;1,2801;1,2796;0,10803;0,108;0,6799;0,6796
17/03/2016 19:45;1,28;1,2789;0,10802;0,108;0,6799;0,6795
17/03/2016 20:00;1,2802;1,2791;0,10803;0,10802;0,6802;0,6799
17/03/2016 20:15;1,2803;1,2792;0,10803;0,10803;0,6805;0,6801
17/03/2016 20:30;1,2805;1,2799;0,10803;0,10802;0,6805;0,6803
17/03/2016 20:45;1,2806;1,2799;0,10804;0,10802;0,6805;0,6801
17/03/2016 21:00;1,2801;1,2795;0,10804;0,10803;0,6807;0,6802
17/03/2016 21:15;1,2798;1,2792;0,10804;0,10803;0,6809;0,6807
17/03/2016 21:30;1,2796;1,2792;0,10804;0,10803;0,6808;0,6806
17/03/2016 21:45;1,2797;1,2792;0,10804;0,10803;0,6809;0,6806
17/03/2016 22:00;1,2799;1,2793;0,10804;0,10794;0,6811;0,6808
17/03/2016 22:15;1,2799;1,2793;0,10795;0,10791;0,6809;0,6804
17/03/2016 22:30;1,2799;1,2793;0,10798;0,10783;0,6809;0,6806
17/03/2016 22:45;1,2799;1,2792;0,10803;0,10798;0,6809;0,6805
17/03/2016 23:00;1,2801;1,279;0,10803;0,10801;0,6807;0,6803
17/03/2016 23:15;1,2794;1,2788;0,10802;0,108;0,6803;0,6799
17/03/2016 23:30;1,2791;1,2789;0,10801;0,108;0,68;0,6797
17/03/2016 23:45;1,2794;1,279;0,10802;0,108;0,6804;0,6799
18/03/2016;1,2793;1,2787;0,10803;0,10801;0,6804;0,6802
18/03/2016 00:15;1,2792;1,2789;0,10802;0,10801;0,6806;0,6802
18/03/2016 00:30;1,2795;1,279;0,10802;0,10801;0,6809;0,6806
18/03/2016 00:45;1,2796;1,2791;0,10802;0,108;0,6808;0,6805
18/03/2016 01:00;1,2794;1,279;0,10801;0,10798;0,6805;0,6802
18/03/2016 01:15;1,2796;1,2789;0,10801;0,10798;0,6805;0,6801
18/03/2016 01:30;1,2797;1,2793;0,10803;0,108;0,6805;0,68
18/03/2016 01:45;1,2802;1,2793;0,10803;0,10801;0,6803;0,6799
18/03/2016 02:00;1,2799;1,2795;0,10802;0,10801;0,6806;0,68
18/03/2016 02:15;1,2799;1,2789;0,10802;0,10801;0,6806;0,6801
18/03/2016 02:30;1,279;1,278;0,10801;0,108;0,6803;0,6797
18/03/2016 02:45;1,2791;1,2781;0,10803;0,10801;0,6806;0,6801
18/03/2016 03:00;1,2789;1,278;0,10802;0,10801;0,6804;0,6801
18/03/2016 03:15;1,2788;1,2779;0,10803;0,10802;0,6807;0,6802
18/03/2016 03:30;1,2786;1,2784;0,10803;0,10803;0,6806;0,6804
18/03/2016 03:45;1,2786;1,2778;0,10803;0,10801;0,6806;0,6801
18/03/2016 04:00;1,2786;1,2781;0,10803;0,10802;0,6804;0,6802
18/03/2016 04:15;1,2783;1,2778;0,10803;0,10803;0,6804;0,6802
18/03/2016 04:30;1,2782;1,2778;0,10803;0,10802;0,6805;0,6803
18/03/2016 04:45;1,2783;1,2773;0,10803;0,10803;0,6805;0,6804
18/03/2016 05:00;1,2779;1,2772;0,10803;0,10802;0,6805;0,6803
18/03/2016 05:15;1,2783;1,2779;0,10803;0,10802;0,6805;0,6803
18/03/2016 05:30;1,2781;1,2776;0,10803;0,10801;0,6803;0,6802
18/03/2016 05:45;1,2785;1,2777;0,10803;0,10799;0,6805;0,6802
18/03/2016 06:00;1,2788;1,2781;0,10803;0,10802;0,6808;0,6804
18/03/2016 06:15;1,2784;1,2778;0,10803;0,10803;0,6804;0,6802
18/03/2016 06:30;1,279;1,2783;0,10804;0,10802;0,6808;0,6804
18/03/2016 06:45;1,2792;1,2785;0,10803;0,10799;0,6806;0,6802
18/03/2016 07:00;1,2792;1,2786;0,108;0,10799;0,6808;0,6804
18/03/2016 07:15;1,2797;1,279;0,10802;0,108;0,681;0,6808
18/03/2016 07:30;1,2797;1,2785;0,10803;0,10801;0,6815;0,6808
18/03/2016 07:45;1,2803;1,2788;0,10803;0,10801;0,6819;0,6812
18/03/2016 08:00;1,2807;1,2783;0,10803;0,10798;0,6816;0,6812
18/03/2016 08:15;1,2814;1,28;0,10801;0,10798;0,6817;0,6811
18/03/2016 08:30;1,2831;1,2807;0,108;0,10796;0,6816;0,681
18/03/2016 08:45;1,2829;1,2806;0,108;0,10796;0,6819;0,681
18/03/2016 09:00;1,2809;1,2789;0,10803;0,10796;0,6812;0,6802
18/03/2016 09:15;1,2809;1,2794;0,10802;0,10795;0,6806;0,6804
18/03/2016 09:30;1,2812;1,2794;0,10798;0,10791;0,681;0,6803
18/03/2016 09:45;1,281;1,2795;0,10798;0,10795;0,6814;0,681
18/03/2016 10:00;1,281;1,2797;0,10802;0,10798;0,6819;0,6812
18/03/2016 10:15;1,2813;1,2797;0,10802;0,10801;0,6819;0,6817
18/03/2016 10:30;1,2804;1,2795;0,10802;0,108;0,6819;0,6813
18/03/2016 10:45;1,2813;1,2799;0,10803;0,108;0,6819;0,6813
18/03/2016 11:00;1,2811;1,2804;0,10801;0,10798;0,6821;0,6814
18/03/2016 11:15;1,2814;1,2804;0,10801;0,10799;0,6823;0,6816
18/03/2016 11:30;1,282;1,2809;0,10803;0,10799;0,6829;0,6822
18/03/2016 11:45;1,2825;1,2809;0,10802;0,108;0,6835;0,6828
18/03/2016 12:00;1,2821;1,281;0,10801;0,10799;0,6834;0,6826
18/03/2016 12:15;1,282;1,2808;0,10801;0,10792;0,683;0,6823
18/03/2016 12:30;1,2828;1,2808;0,10791;0,10787;0,6831;0,6821
18/03/2016 12:45;1,2838;1,2827;0,10795;0,10785;0,6836;0,6831
18/03/2016 13:00;1,2834;1,2819;0,10789;0,10784;0,6835;0,6824
18/03/2016 13:15;1,2841;1,2821;0,10794;0,10787;0,6832;0,6822
18/03/2016 13:30;1,2844;1,2836;0,10794;0,10787;0,6845;0,6832
18/03/2016 13:45;1,2846;1,2839;0,10789;0,10783;0,6852;0,6842
18/03/2016 14:00;1,2856;1,284;0,10788;0,10777;0,6848;0,6834
18/03/2016 14:15;1,2847;1,2832;0,10784;0,10772;0,6834;0,6829
18/03/2016 14:30;1,2844;1,2831;0,1078;0,10773;0,6836;0,6826
18/03/2016 14:45;1,2842;1,2833;0,1078;0,10772;0,6836;0,6828
18/03/2016 15:00;1,2844;1,2829;0,10785;0,10779;0,6844;0,6835
18/03/2016 15:15;1,2837;1,2828;0,1079;0,10781;0,6843;0,683
18/03/2016 15:30;1,2832;1,2816;0,10789;0,10783;0,6831;0,6817
18/03/2016 15:45;1,2831;1,282;0,10789;0,10787;0,6823;0,6818
18/03/2016 16:00;1,2833;1,2823;0,10788;0,10786;0,6828;0,682
18/03/2016 16:15;1,2838;1,2824;0,10788;0,10782;0,683;0,6823
18/03/2016 16:30;1,2843;1,283;0,10787;0,10784;0,6824;0,6815
18/03/2016 16:45;1,2854;1,2831;0,10788;0,10784;0,6823;0,6818
18/03/2016 17:00;1,2856;1,2841;0,10785;0,10768;0,6827;0,6822
18/03/2016 17:15;1,2851;1,2841;0,10775;0,10768;0,6831;0,6825
18/03/2016 17:30;1,2852;1,2844;0,10774;0,10769;0,6828;0,682
18/03/2016 17:45;1,2853;1,2844;0,10775;0,10769;0,6828;0,6822
18/03/2016 18:00;1,2862;1,2851;0,10777;0,10773;0,6823;0,6815
18/03/2016 18:15;1,2862;1,2853;0,10777;0,10773;0,6817;0,6812
18/03/2016 18:30;1,2857;1,2849;0,10781;0,10772;0,6815;0,681
18/03/2016 18:45;1,2859;1,2849;0,10783;0,10778;0,6817;0,6809
18/03/2016 19:00;1,2853;1,284;0,10784;0,10779;0,6814;0,6809
18/03/2016 19:15;1,285;1,2842;0,10788;0,10784;0,6814;0,681
18/03/2016 19:30;1,2851;1,2844;0,10787;0,10782;0,6815;0,6811
18/03/2016 19:45;1,2852;1,2845;0,10785;0,10784;0,6815;0,6806
18/03/2016 20:00;1,2852;1,2845;0,10786;0,10784;0,6812;0,6808
18/03/2016 20:15;1,285;1,2846;0,10785;0,10782;0,6815;0,681
18/03/2016 20:30;1,285;1,2847;0,10785;0,10779;0,6814;0,6811
18/03/2016 20:45;1,2848;1,2835;0,1078;0,10774;0,6815;0,6804
18/03/2016 21:00;1,2841;1,2835;0,10773;0,10763;0,6805;0,6801
18/03/2016 21:15;1,2841;1,2836;0,10777;0,10765;0,6814;0,6806
18/03/2016 21:30;1,284;1,2834;0,10778;0,10776;0,6818;0,6811
18/03/2016 21:45;1,2851;1,2833;0,10779;0,10775;0,6823;0,6812
20/03/2016 19:00;1,2833;1,282;0,10811;0,10773;0,6837;0,6825
20/03/2016 19:15;1,2832;1,2827;0,10779;0,10773;0,6838;0,6833
20/03/2016 19:30;1,2831;1,2826;0,1078;0,10774;0,6836;0,6833
20/03/2016 19:45;1,2828;1,2824;0,10783;0,10771;0,6837;0,6835
20/03/2016 20:00;1,2827;1,2823;0,10783;0,10775;0,6837;0,6831
20/03/2016 20:15;1,2828;1,2822;0,10782;0,10771;0,6831;0,6825
20/03/2016 20:30;1,2824;1,2819;0,10785;0,10775;0,6829;0,6825
20/03/2016 20:45;1,2823;1,2819;0,10781;0,10775;0,6829;0,6826
20/03/2016 21:00;1,2824;1,2821;0,10794;0,1078;0,6829;0,6825
20/03/2016 21:15;1,283;1,2821;0,10793;0,10778;0,6826;0,6821
20/03/2016 21:30;1,2828;1,2821;0,10792;0,10779;0,6826;0,682
20/03/2016 21:45;1,2826;1,2819;0,10785;0,10774;0,6825;0,6818
20/03/2016 22:00;1,2831;1,2818;0,10782;0,10772;0,6824;0,6814
20/03/2016 22:15;1,2838;1,2827;0,10778;0,10774;0,6814;0,6808
20/03/2016 22:30;1,2837;1,2825;0,10788;0,10771;0,6814;0,6808
20/03/2016 22:45;1,2834;1,2825;0,10784;0,10771;0,6815;0,6811
20/03/2016 23:00;1,2833;1,2823;0,10787;0,10771;0,6815;0,6807
20/03/2016 23:15;1,2835;1,2821;0,10788;0,10774;0,6811;0,6806
20/03/2016 23:30;1,283;1,2823;0,10783;0,10774;0,681;0,6808
20/03/2016 23:45;1,2833;1,2828;0,10778;0,10776;0,681;0,6806
21/03/2016;1,2835;1,2829;0,10778;0,10777;0,6807;0,6804
21/03/2016 00:15;1,2834;1,2831;0,10778;0,10777;0,6804;0,6799
21/03/2016 00:30;1,2832;1,2825;0,10781;0,10778;0,68;0,6796
21/03/2016 00:45;1,2829;1,2824;0,10781;0,10778;0,6798;0,6795
21/03/2016 01:00;1,2828;1,2817;0,10779;0,10773;0,6798;0,6787
21/03/2016 01:15;1,2821;1,2815;0,10777;0,10774;0,6791;0,6787
21/03/2016 01:30;1,282;1,2813;0,10779;0,10777;0,6792;0,6787
21/03/2016 01:45;1,2819;1,2813;0,10779;0,10776;0,6793;0,6791
21/03/2016 02:00;1,2818;1,2813;0,10778;0,10775;0,6793;0,6792
21/03/2016 02:15;1,2817;1,2806;0,10778;0,10775;0,6792;0,6783
21/03/2016 02:30;1,2815;1,2805;0,1078;0,10765;0,6788;0,6785
21/03/2016 02:45;1,281;1,2806;0,10775;0,10765;0,6787;0,6784
21/03/2016 03:00;1,2808;1,2804;0,10775;0,10773;0,6787;0,6784
21/03/2016 03:15;1,2812;1,2804;0,10776;0,10773;0,6791;0,6787
21/03/2016 03:30;1,2812;1,2809;0,10777;0,10775;0,6794;0,6791
21/03/2016 03:45;1,2812;1,2806;0,10777;0,10776;0,6796;0,6793
21/03/2016 04:00;1,2813;1,2809;0,10776;0,10775;0,6794;0,6792
21/03/2016 04:15;1,2816;1,2812;0,10775;0,10774;0,6794;0,6793
21/03/2016 04:30;1,2816;1,2813;0,10775;0,10774;0,6795;0,6793
21/03/2016 04:45;1,2815;1,2811;0,10775;0,10774;0,6795;0,6793
21/03/2016 05:00;1,2815;1,2812;0,10775;0,10774;0,6796;0,6794
21/03/2016 05:15;1,282;1,2814;0,10776;0,10774;0,6798;0,6796
21/03/2016 05:30;1,282;1,2817;0,10776;0,10776;0,6797;0,6795
21/03/2016 05:45;1,2819;1,2815;0,10777;0,10776;0,6795;0,6794
21/03/2016 06:00;1,2817;1,2814;0,10781;0,10774;0,6794;0,6791
21/03/2016 06:15;1,2817;1,281;0,10775;0,10774;0,6794;0,6793
21/03/2016 06:30;1,2811;1,2805;0,10775;0,10774;0,6794;0,6791
21/03/2016 06:45;1,2808;1,28;0,10774;0,10768;0,6794;0,6791
21/03/2016 07:00;1,2806;1,2798;0,10782;0,10772;0,6793;0,6791
21/03/2016 07:15;1,2806;1,28;0,10782;0,10776;0,6798;0,6793
21/03/2016 07:30;1,2803;1,2791;0,10782;0,10778;0,6798;0,6796
21/03/2016 07:45;1,2801;1,2793;0,10782;0,10775;0,6799;0,6797
21/03/2016 08:00;1,2808;1,2796;0,10779;0,10778;0,6798;0,6792
21/03/2016 08:15;1,2817;1,28;0,10782;0,10777;0,6804;0,6796
21/03/2016 08:30;1,281;1,2789;0,10783;0,10779;0,6798;0,6789
21/03/2016 08:45;1,2796;1,2781;0,108;0,10786;0,6798;0,6788
21/03/2016 09:00;1,2787;1,278;0,10793;0,1079;0,6796;0,679
21/03/2016 09:15;1,2804;1,2785;0,10799;0,10793;0,6805;0,6791
21/03/2016 09:30;1,2809;1,2792;0,10799;0,10794;0,6809;0,6802
21/03/2016 09:45;1,2811;1,2789;0,10796;0,10784;0,6814;0,6807
21/03/2016 10:00;1,2804;1,2791;0,10786;0,10783;0,681;0,6807
21/03/2016 10:15;1,2803;1,2789;0,10787;0,10778;0,6811;0,6805
21/03/2016 10:30;1,2811;1,2791;0,10795;0,10788;0,6813;0,6806
21/03/2016 10:45;1,2808;1,2792;0,10805;0,10792;0,6813;0,681
21/03/2016 11:00;1,2808;1,2794;0,10809;0,10806;0,682;0,681
21/03/2016 11:15;1,2806;1,279;0,10807;0,10801;0,6817;0,6814
21/03/2016 11:30;1,2792;1,2779;0,10803;0,10793;0,6816;0,6807
21/03/2016 11:45;1,2784;1,2778;0,108;0,10793;0,6811;0,6802
21/03/2016 12:00;1,2781;1,2772;0,10803;0,1079;0,6804;0,6798
21/03/2016 12:15;1,278;1,2766;0,10804;0,10796;0,6799;0,6794
21/03/2016 12:30;1,2768;1,2759;0,10804;0,10802;0,68;0,6794
21/03/2016 12:45;1,2769;1,2761;0,10803;0,10801;0,6798;0,6792
21/03/2016 13:00;1,2782;1,2762;0,10804;0,10801;0,6793;0,6788
21/03/2016 13:15;1,278;1,2767;0,10802;0,10797;0,6793;0,6783
21/03/2016 13:30;1,2773;1,276;0,10796;0,10792;0,6795;0,6781
21/03/2016 13:45;1,2779;1,2767;0,108;0,10794;0,6801;0,6795
21/03/2016 14:00;1,278;1,277;0,10799;0,10794;0,6806;0,6796
21/03/2016 14:15;1,2777;1,2767;0,10806;0,10798;0,6801;0,6792
21/03/2016 14:30;1,2777;1,2767;0,10805;0,10798;0,68;0,6791
21/03/2016 14:45;1,2787;1,2774;0,10805;0,10801;0,6804;0,6798
21/03/2016 15:00;1,278;1,276;0,10807;0,10804;0,6801;0,6796
21/03/2016 15:15;1,277;1,276;0,10803;0,10801;0,6799;0,6793
21/03/2016 15:30;1,2771;1,2763;0,10805;0,10798;0,6795;0,6789
21/03/2016 15:45;1,2768;1,2759;0,10807;0,10803;0,6791;0,6784
21/03/2016 16:00;1,2783;1,2765;0,10806;0,10804;0,6795;0,6791
21/03/2016 16:15;1,2791;1,2781;0,10807;0,108;0,6801;0,6795
21/03/2016 16:30;1,2798;1,2786;0,10805;0,10802;0,6805;0,6794
21/03/2016 16:45;1,2801;1,2784;0,10805;0,10801;0,68;0,6794
21/03/2016 17:00;1,2795;1,2787;0,10811;0,10806;0,6804;0,6797
21/03/2016 17:15;1,2798;1,2791;0,10809;0,10799;0,6805;0,6803
21/03/2016 17:30;1,28;1,2786;0,10807;0,10801;0,6808;0,6804
21/03/2016 17:45;1,279;1,2782;0,10807;0,10803;0,6807;0,6801
21/03/2016 18:00;1,2803;1,2789;0,10812;0,10804;0,6804;0,68
21/03/2016 18:15;1,2811;1,2801;0,10807;0,10803;0,6805;0,6802
21/03/2016 18:30;1,2805;1,2789;0,10806;0,10803;0,6802;0,6799
21/03/2016 18:45;1,28;1,2787;0,10806;0,10805;0,6805;0,68
21/03/2016 19:00;1,2799;1,2793;0,10806;0,10805;0,6801;0,6797
21/03/2016 19:15;1,2795;1,2792;0,10806;0,10805;0,6803;0,6799
21/03/2016 19:30;1,2799;1,2793;0,10806;0,10805;0,6804;0,6802
21/03/2016 19:45;1,2799;1,2789;0,10806;0,10804;0,6804;0,6799
21/03/2016 20:00;1,2793;1,2788;0,10805;0,10804;0,6803;0,68
21/03/2016 20:15;1,2792;1,2787;0,10805;0,10804;0,68;0,6798
21/03/2016 20:30;1,2792;1,2782;0,1081;0,10804;0,68;0,6797
21/03/2016 20:45;1,2788;1,2781;0,10811;0,10809;0,6799;0,6796
21/03/2016 21:00;1,2788;1,278;0,10812;0,1081;0,6801;0,6797
21/03/2016 21:15;1,2791;1,2784;0,10812;0,10807;0,68;0,6797
21/03/2016 21:30;1,2786;1,278;0,10807;0,10803;0,68;0,6797
21/03/2016 21:45;1,2787;1,2782;0,10804;0,10802;0,6799;0,679
21/03/2016 22:00;1,2786;1,2782;0,10806;0,10798;0,6792;0,679
21/03/2016 22:15;1,2785;1,2783;0,10809;0,10804;0,6793;0,6791
21/03/2016 22:30;1,2792;1,2784;0,10808;0,10805;0,6793;0,6792
21/03/2016 22:45;1,2787;1,2783;0,10805;0,10801;0,6794;0,6792
21/03/2016 23:00;1,2786;1,2781;0,10808;0,10802;0,6793;0,6791
21/03/2016 23:15;1,2787;1,2782;0,10808;0,10806;0,6796;0,6792
21/03/2016 23:30;1,279;1,2784;0,1081;0,10807;0,6797;0,6794
21/03/2016 23:45;1,2786;1,2784;0,10811;0,1081;0,6796;0,6794
22/03/2016;1,279;1,2786;0,10811;0,1081;0,68;0,6796
22/03/2016 00:15;1,2789;1,2786;0,10812;0,1081;0,68;0,6796
22/03/2016 00:30;1,2788;1,2785;0,10811;0,1081;0,6796;0,6795
22/03/2016 00:45;1,2792;1,2786;0,10811;0,10811;0,6799;0,6797
22/03/2016 01:00;1,2795;1,2787;0,10811;0,1081;0,6804;0,6798
22/03/2016 01:15;1,2797;1,279;0,10812;0,1081;0,6805;0,6802
22/03/2016 01:30;1,2793;1,2789;0,10813;0,1081;0,6803;0,6799
22/03/2016 01:45;1,2793;1,2787;0,10813;0,1081;0,6804;0,68
22/03/2016 02:00;1,2793;1,2788;0,1081;0,10808;0,6803;0,68
22/03/2016 02:15;1,2792;1,2788;0,10809;0,10807;0,6802;0,6798
22/03/2016 02:30;1,2796;1,2789;0,10809;0,10808;0,6802;0,68
22/03/2016 02:45;1,2794;1,2787;0,10809;0,10808;0,6801;0,6799
22/03/2016 03:00;1,2794;1,2788;0,10809;0,10807;0,6803;0,68
22/03/2016 03:15;1,2794;1,2787;0,10808;0,10807;0,6803;0,68
22/03/2016 03:30;1,2792;1,2787;0,10807;0,10807;0,6804;0,68
22/03/2016 03:45;1,2791;1,2785;0,10807;0,10804;0,6803;0,68
22/03/2016 04:00;1,279;1,2782;0,10804;0,10803;0,6803;0,68
22/03/2016 04:15;1,2783;1,2776;0,10804;0,10802;0,6801;0,6799
22/03/2016 04:30;1,2782;1,2773;0,10804;0,10802;0,6799;0,6796
22/03/2016 04:45;1,2774;1,2769;0,10803;0,10802;0,6797;0,6794
22/03/2016 05:00;1,2777;1,2769;0,10803;0,10802;0,6797;0,6794
22/03/2016 05:15;1,2779;1,2776;0,10804;0,10803;0,6799;0,6797
22/03/2016 05:30;1,2787;1,2777;0,10805;0,10803;0,6802;0,6798
22/03/2016 05:45;1,2788;1,2781;0,10804;0,10802;0,6803;0,68
22/03/2016 06:00;1,2785;1,278;0,10805;0,10803;0,6803;0,6801
22/03/2016 06:15;1,2786;1,278;0,10806;0,10805;0,6805;0,6802
22/03/2016 06:30;1,2786;1,2777;0,10804;0,10802;0,6805;0,6801
22/03/2016 06:45;1,2789;1,2781;0,10803;0,10802;0,6805;0,6799
22/03/2016 07:00;1,2792;1,2783;0,10803;0,10801;0,6805;0,6803
22/03/2016 07:15;1,2789;1,2781;0,10803;0,10799;0,6804;0,6802
22/03/2016 07:30;1,2786;1,2782;0,10803;0,10801;0,6803;0,6801
22/03/2016 07:45;1,2793;1,2785;0,10808;0,10801;0,6803;0,68
22/03/2016 08:00;1,2797;1,2783;0,10809;0,10797;0,6806;0,68
22/03/2016 08:15;1,2792;1,2784;0,10796;0,10786;0,6808;0,6803
22/03/2016 08:30;1,2785;1,2767;0,10793;0,10789;0,6805;0,6797
22/03/2016 08:45;1,2772;1,275;0,10792;0,10783;0,6799;0,6793
22/03/2016 09:00;1,2762;1,274;0,10802;0,1079;0,6805;0,6799
22/03/2016 09:15;1,2772;1,2741;0,10802;0,10788;0,6816;0,6798
22/03/2016 09:30;1,2768;1,2739;0,10792;0,10785;0,6813;0,6801
22/03/2016 09:45;1,2754;1,2726;0,10801;0,10789;0,682;0,6808
22/03/2016 10:00;1,2758;1,2726;0,10799;0,10791;0,6826;0,6818
22/03/2016 10:15;1,2759;1,2734;0,10799;0,10792;0,6827;0,682
22/03/2016 10:30;1,276;1,273;0,10803;0,10796;0,6831;0,6821
22/03/2016 10:45;1,2768;1,275;0,10805;0,10798;0,683;0,6824
22/03/2016 11:00;1,2758;1,274;0,10809;0,10796;0,683;0,6825
22/03/2016 11:15;1,275;1,2734;0,1081;0,10801;0,6829;0,6826
22/03/2016 11:30;1,2745;1,2724;0,10805;0,10796;0,6827;0,6822
22/03/2016 11:45;1,2735;1,2718;0,10806;0,10795;0,6824;0,6821
22/03/2016 12:00;1,2744;1,2728;0,10817;0,10807;0,6826;0,6823
22/03/2016 12:15;1,2747;1,2736;0,10822;0,10813;0,6828;0,6823
22/03/2016 12:30;1,2748;1,2735;0,10824;0,10818;0,6826;0,6821
22/03/2016 12:45;1,2747;1,2737;0,10823;0,10816;0,6821;0,681
22/03/2016 13:00;1,2739;1,2714;0,10831;0,10819;0,681;0,6803
22/03/2016 13:15;1,272;1,2698;0,10836;0,10831;0,6805;0,6796
22/03/2016 13:30;1,2704;1,2678;0,10833;0,10829;0,6809;0,6802
22/03/2016 13:45;1,27;1,2685;0,10841;0,10832;0,681;0,6802
22/03/2016 14:00;1,2695;1,2686;0,10836;0,10831;0,6816;0,6807
22/03/2016 14:15;1,2693;1,2667;0,10831;0,10828;0,6811;0,6808
22/03/2016 14:30;1,2674;1,2664;0,1083;0,10825;0,6813;0,6806
22/03/2016 14:45;1,2672;1,265;0,10831;0,10825;0,6815;0,6805
22/03/2016 15:00;1,2668;1,2649;0,10832;0,10831;0,6819;0,6815
22/03/2016 15:15;1,2671;1,2659;0,10844;0,10832;0,6818;0,6812
22/03/2016 15:30;1,2668;1,2659;0,10841;0,10832;0,682;0,6813
22/03/2016 15:45;1,2673;1,2659;0,1084;0,10833;0,6823;0,6818
22/03/2016 16:00;1,2679;1,2672;0,1084;0,10829;0,6829;0,6823
22/03/2016 16:15;1,2683;1,2665;0,10838;0,10829;0,6832;0,6827
22/03/2016 16:30;1,2671;1,2661;0,10837;0,1083;0,6834;0,6828
22/03/2016 16:45;1,2668;1,266;0,10835;0,10829;0,6828;0,682
22/03/2016 17:00;1,2676;1,2663;0,10834;0,1083;0,683;0,6824
22/03/2016 17:15;1,2678;1,2668;0,10837;0,10833;0,6834;0,6829
22/03/2016 17:30;1,2681;1,2673;0,10838;0,10834;0,6833;0,6829
22/03/2016 17:45;1,268;1,267;0,10837;0,10834;0,6834;0,683
22/03/2016 18:00;1,2673;1,2665;0,10837;0,10834;0,6833;0,6826
22/03/2016 18:15;1,2671;1,2667;0,10837;0,10834;0,6829;0,6825
22/03/2016 18:30;1,267;1,2657;0,10839;0,10836;0,6832;0,6826
22/03/2016 18:45;1,2671;1,266;0,10841;0,10835;0,6831;0,6827
22/03/2016 19:00;1,2672;1,2665;0,10842;0,10835;0,6835;0,6828
22/03/2016 19:15;1,2671;1,2661;0,10842;0,10834;0,6836;0,6831
22/03/2016 19:30;1,2672;1,2664;0,10842;0,10835;0,6838;0,6835
22/03/2016 19:45;1,2671;1,266;0,10836;0,10833;0,6837;0,6834
22/03/2016 20:00;1,2668;1,2661;0,10839;0,1083;0,6836;0,6833
22/03/2016 20:15;1,2668;1,2661;0,10842;0,10834;0,6835;0,6831
22/03/2016 20:30;1,2669;1,2663;0,10843;0,1084;0,6836;0,6832
22/03/2016 20:45;1,2668;1,2663;0,10843;0,10841;0,6841;0,6836
22/03/2016 21:00;1,267;1,2661;0,10844;0,10843;0,6839;0,6833
22/03/2016 21:15;1,2671;1,2667;0,10843;0,10838;0,6835;0,6833
22/03/2016 21:30;1,2674;1,2669;0,10842;0,10838;0,6835;0,6829
22/03/2016 21:45;1,2674;1,2666;0,10842;0,10833;0,6837;0,6832
22/03/2016 22:00;1,2675;1,2661;0,10834;0,10832;0,6838;0,6831
22/03/2016 22:15;1,2676;1,2667;0,10834;0,10833;0,6836;0,6832
22/03/2016 22:30;1,2678;1,2668;0,10837;0,10833;0,6837;0,6833
22/03/2016 22:45;1,2677;1,267;0,10838;0,10836;0,6837;0,6835
22/03/2016 23:00;1,2676;1,2668;0,10836;0,10833;0,6836;0,6834
22/03/2016 23:15;1,2672;1,2669;0,10835;0,10832;0,6835;0,6832
22/03/2016 23:30;1,2674;1,2671;0,10838;0,10831;0,6834;0,6832
22/03/2016 23:45;1,2677;1,2672;0,10836;0,10833;0,6832;0,6831
23/03/2016;1,2674;1,2671;0,10836;0,10834;0,6834;0,6831
23/03/2016 00:15;1,2674;1,2668;0,10836;0,10835;0,6833;0,683
23/03/2016 00:30;1,2675;1,2666;0,10836;0,10835;0,6831;0,683
23/03/2016 00:45;1,2676;1,2671;0,10835;0,10834;0,683;0,6828
23/03/2016 01:00;1,268;1,2673;0,10835;0,10834;0,6833;0,6829
23/03/2016 01:15;1,268;1,2676;0,10839;0,10835;0,6835;0,6832
23/03/2016 01:30;1,2678;1,2675;0,10837;0,10836;0,6834;0,6832
23/03/2016 01:45;1,2686;1,2673;0,10838;0,10836;0,6839;0,6832
23/03/2016 02:00;1,2686;1,2677;0,10842;0,10837;0,6839;0,6832
23/03/2016 02:15;1,2681;1,2675;0,10841;0,10838;0,6838;0,6833
23/03/2016 02:30;1,2679;1,2671;0,10839;0,10837;0,6834;0,6832
23/03/2016 02:45;1,2673;1,2669;0,10838;0,10836;0,6832;0,6827
23/03/2016 03:00;1,2674;1,267;0,10838;0,10836;0,6827;0,6824
23/03/2016 03:15;1,267;1,2662;0,10838;0,10836;0,6824;0,6822
23/03/2016 03:30;1,2673;1,2663;0,10837;0,10835;0,6822;0,6819
23/03/2016 03:45;1,2672;1,2666;0,10837;0,10834;0,6822;0,682
23/03/2016 04:00;1,2667;1,2661;0,10838;0,10834;0,6823;0,682
23/03/2016 04:15;1,2669;1,2662;0,10837;0,10836;0,6825;0,6823
23/03/2016 04:30;1,267;1,2664;0,10839;0,10837;0,6823;0,6822
23/03/2016 04:45;1,2669;1,2667;0,10838;0,10836;0,6825;0,6822
23/03/2016 05:00;1,2676;1,2666;0,10838;0,10836;0,6827;0,6823
23/03/2016 05:15;1,2678;1,2671;0,10839;0,10837;0,6825;0,6822
23/03/2016 05:30;1,2675;1,2668;0,10838;0,10835;0,6822;0,6818
23/03/2016 05:45;1,2672;1,2668;0,10836;0,10835;0,6822;0,6818
23/03/2016 06:00;1,2672;1,2665;0,10837;0,10834;0,6822;0,6818
23/03/2016 06:15;1,2669;1,2663;0,1084;0,10835;0,6819;0,6817
23/03/2016 06:30;1,2664;1,2656;0,1084;0,10838;0,6818;0,6815
23/03/2016 06:45;1,2667;1,2655;0,10839;0,10838;0,6819;0,6814
23/03/2016 07:00;1,2667;1,266;0,10841;0,10839;0,6822;0,6818
23/03/2016 07:15;1,2663;1,2655;0,1084;0,10836;0,6825;0,6821
23/03/2016 07:30;1,2673;1,266;0,1084;0,10835;0,6829;0,6824
23/03/2016 07:45;1,2676;1,2665;0,10841;0,10837;0,6831;0,6826
23/03/2016 08:00;1,2675;1,266;0,10838;0,10833;0,6827;0,6822
23/03/2016 08:15;1,2678;1,2663;0,10845;0,10834;0,6828;0,6822
23/03/2016 08:30;1,267;1,2661;0,10837;0,10824;0,6825;0,6818
23/03/2016 08:45;1,2667;1,266;0,1083;0,10825;0,6824;0,6819
23/03/2016 09:00;1,2687;1,2662;0,10839;0,10825;0,6834;0,6824
23/03/2016 09:15;1,2687;1,2669;0,10833;0,10824;0,6837;0,6829
23/03/2016 09:30;1,2677;1,2669;0,10831;0,10824;0,6837;0,6831
23/03/2016 09:45;1,2677;1,2665;0,10826;0,1082;0,6839;0,6835
23/03/2016 10:00;1,2668;1,2658;0,1083;0,10821;0,6838;0,683
23/03/2016 10:15;1,2667;1,2658;0,10828;0,10825;0,6836;0,6831
23/03/2016 10:30;1,2669;1,2656;0,10825;0,10818;0,6838;0,6829
23/03/2016 10:45;1,2669;1,266;0,10821;0,10815;0,6841;0,6835
23/03/2016 11:00;1,2666;1,2658;0,10823;0,10818;0,6836;0,6831
23/03/2016 11:15;1,2668;1,2661;0,10824;0,10818;0,6837;0,6834
23/03/2016 11:30;1,2669;1,2657;0,10826;0,10815;0,6837;0,6832
23/03/2016 11:45;1,268;1,2656;0,1082;0,10812;0,6837;0,683
23/03/2016 12:00;1,2678;1,2673;0,10817;0,10814;0,6838;0,6831
23/03/2016 12:15;1,2676;1,2668;0,1082;0,10815;0,6842;0,6836
23/03/2016 12:30;1,2675;1,2664;0,10817;0,10813;0,6842;0,6836
23/03/2016 12:45;1,2674;1,2665;0,10814;0,10812;0,6846;0,6841
23/03/2016 13:00;1,268;1,2662;0,10814;0,1081;0,6841;0,6836
23/03/2016 13:15;1,2683;1,2673;0,10814;0,10809;0,6837;0,6831
23/03/2016 13:30;1,2684;1,2664;0,10824;0,1081;0,6837;0,6831
23/03/2016 13:45;1,2675;1,2665;0,10835;0,10823;0,6837;0,6826
23/03/2016 14:00;1,2669;1,2658;0,10835;0,10826;0,6825;0,6811
23/03/2016 14:15;1,2662;1,2637;0,10835;0,10818;0,6814;0,68
23/03/2016 14:30;1,2645;1,2626;0,1082;0,10816;0,6806;0,6787
23/03/2016 14:45;1,2635;1,2615;0,10831;0,10816;0,6792;0,6781
23/03/2016 15:00;1,2628;1,2617;0,10829;0,10823;0,6781;0,6773
23/03/2016 15:15;1,2635;1,2624;0,10828;0,10825;0,6785;0,6779
23/03/2016 15:30;1,2646;1,2628;0,10833;0,10825;0,6783;0,6771
23/03/2016 15:45;1,2646;1,2635;0,1083;0,10824;0,6785;0,6778
23/03/2016 16:00;1,2636;1,2629;0,10826;0,10818;0,6784;0,6777
23/03/2016 16:15;1,2634;1,2623;0,10821;0,10815;0,678;0,6772
23/03/2016 16:30;1,2631;1,2622;0,10822;0,10818;0,6777;0,677
23/03/2016 16:45;1,2628;1,262;0,10823;0,10816;0,6778;0,6771
23/03/2016 17:00;1,2632;1,2622;0,10822;0,10816;0,6789;0,6777
23/03/2016 17:15;1,2628;1,2619;0,10821;0,10817;0,6791;0,6787
23/03/2016 17:30;1,2625;1,2618;0,10821;0,10817;0,679;0,6783
23/03/2016 17:45;1,2627;1,2616;0,10822;0,10821;0,6788;0,6781
23/03/2016 18:00;1,2625;1,2604;0,10822;0,1082;0,6783;0,6778
23/03/2016 18:15;1,2616;1,261;0,10823;0,10821;0,6781;0,6776
23/03/2016 18:30;1,2618;1,2607;0,10823;0,10822;0,678;0,6772
23/03/2016 18:45;1,262;1,2609;0,10824;0,10821;0,6778;0,6773
23/03/2016 19:00;1,262;1,2613;0,10821;0,10819;0,6777;0,6774
23/03/2016 19:15;1,2623;1,2616;0,10823;0,1082;0,6779;0,6768
23/03/2016 19:30;1,2625;1,262;0,10822;0,1082;0,6774;0,6769
23/03/2016 19:45;1,2625;1,2619;0,10821;0,10819;0,6771;0,6768
23/03/2016 20:00;1,2624;1,2619;0,10821;0,10819;0,6769;0,6765
23/03/2016 20:15;1,2624;1,2618;0,10821;0,1082;0,6769;0,6767
23/03/2016 20:30;1,2624;1,2621;0,10822;0,1082;0,6775;0,6769
23/03/2016 20:45;1,2627;1,2622;0,10823;0,10821;0,6778;0,6771
23/03/2016 21:00;1,2628;1,2624;0,10821;0,1082;0,6773;0,6769
23/03/2016 21:15;1,2628;1,2622;0,10821;0,1082;0,677;0,6768
23/03/2016 21:30;1,2626;1,2622;0,10822;0,1082;0,6771;0,6768
23/03/2016 21:45;1,2626;1,2621;0,10823;0,10821;0,6773;0,6768
23/03/2016 22:00;1,2629;1,2623;0,10823;0,10821;0,6776;0,6772
23/03/2016 22:15;1,2628;1,2623;0,10822;0,10819;0,6775;0,6771
23/03/2016 22:30;1,2626;1,2623;0,10822;0,10819;0,6772;0,6769
23/03/2016 22:45;1,2628;1,2624;0,1082;0,10819;0,6773;0,6769
23/03/2016 23:00;1,2628;1,2624;0,1082;0,10819;0,6772;0,6769
23/03/2016 23:15;1,2625;1,2622;0,1082;0,10815;0,6771;0,6769
23/03/2016 23:30;1,2627;1,2622;0,10818;0,10815;0,677;0,6769
23/03/2016 23:45;1,2625;1,2623;0,10819;0,10817;0,6769;0,6767
24/03/2016;1,2625;1,2622;0,10818;0,10818;0,6771;0,6767
24/03/2016 00:15;1,2625;1,2623;0,10818;0,10818;0,6774;0,6771
24/03/2016 00:30;1,2625;1,2622;0,10818;0,10818;0,6774;0,6769
24/03/2016 00:45;1,2629;1,2622;0,10819;0,10817;0,6772;0,6768
24/03/2016 01:00;1,2629;1,2623;0,10819;0,10818;0,6774;0,6771
24/03/2016 01:15;1,2627;1,2625;0,10821;0,10819;0,6772;0,6768
24/03/2016 01:30;1,2626;1,2615;0,10821;0,1082;0,6768;0,6762
24/03/2016 01:45;1,2621;1,2613;0,10821;0,1082;0,6764;0,6759
24/03/2016 02:00;1,2625;1,2616;0,10823;0,1082;0,6766;0,6761
24/03/2016 02:15;1,2624;1,2614;0,10823;0,10822;0,6766;0,6762
24/03/2016 02:30;1,2622;1,2614;0,10823;0,10818;0,6764;0,6761
24/03/2016 02:45;1,262;1,2617;0,10819;0,10818;0,6767;0,6763
24/03/2016 03:00;1,2627;1,2618;0,10822;0,10818;0,6771;0,6765
24/03/2016 03:15;1,2627;1,2623;0,10822;0,1082;0,6771;0,6769
24/03/2016 03:30;1,2625;1,2622;0,10821;0,1082;0,6771;0,6769
24/03/2016 03:45;1,2623;1,2618;0,1082;0,10818;0,677;0,6765
24/03/2016 04:00;1,262;1,2615;0,1082;0,10819;0,6766;0,6763
24/03/2016 04:15;1,2616;1,2613;0,1082;0,10819;0,6765;0,6763
24/03/2016 04:30;1,2619;1,2613;0,10822;0,10819;0,6766;0,6764
24/03/2016 04:45;1,2615;1,261;0,10822;0,10819;0,6764;0,6763
24/03/2016 05:00;1,2617;1,2614;0,1082;0,10818;0,6767;0,6764
24/03/2016 05:15;1,2618;1,2613;0,10819;0,10819;0,6768;0,6766
24/03/2016 05:30;1,2617;1,2613;0,10821;0,10819;0,6768;0,6766
24/03/2016 05:45;1,2618;1,2614;0,10821;0,10819;0,677;0,6767
24/03/2016 06:00;1,2623;1,2616;0,10819;0,10817;0,6769;0,6766
24/03/2016 06:15;1,2625;1,2621;0,10818;0,10816;0,6769;0,6768
24/03/2016 06:30;1,2626;1,2622;0,10818;0,10816;0,677;0,6767
24/03/2016 06:45;1,2625;1,2617;0,10819;0,10818;0,6769;0,6763
24/03/2016 07:00;1,2618;1,2608;0,10818;0,10816;0,6763;0,6759
24/03/2016 07:15;1,2615;1,2612;0,1082;0,10817;0,6761;0,6757
24/03/2016 07:30;1,2618;1,2611;0,10819;0,10818;0,6762;0,6757
24/03/2016 07:45;1,2621;1,2612;0,10819;0,10816;0,6762;0,676
24/03/2016 08:00;1,2623;1,261;0,10821;0,10817;0,6766;0,6759
24/03/2016 08:15;1,2627;1,2612;0,10818;0,10812;0,6764;0,6759
24/03/2016 08:30;1,2632;1,2618;0,10818;0,10816;0,6765;0,6761
24/03/2016 08:45;1,2631;1,2615;0,10818;0,10816;0,6764;0,6751
24/03/2016 09:00;1,2622;1,2611;0,10818;0,10814;0,6765;0,6754
24/03/2016 09:15;1,2625;1,2611;0,10821;0,10814;0,677;0,6764
24/03/2016 09:30;1,2621;1,2584;0,10817;0,10807;0,6769;0,6752
24/03/2016 09:45;1,2598;1,2586;0,10808;0,108;0,6759;0,6753
24/03/2016 10:00;1,2605;1,2592;0,10806;0,10801;0,6757;0,6751
24/03/2016 10:15;1,262;1,2598;0,10806;0,10803;0,6755;0,675
24/03/2016 10:30;1,2614;1,2593;0,10809;0,10804;0,6759;0,6753
24/03/2016 10:45;1,2617;1,2601;0,1081;0,10807;0,6759;0,6751
24/03/2016 11:00;1,2618;1,2609;0,1081;0,10807;0,6756;0,675
24/03/2016 11:15;1,2633;1,261;0,10812;0,10809;0,6759;0,6755
24/03/2016 11:30;1,2642;1,2619;0,10812;0,10807;0,6758;0,6753
24/03/2016 11:45;1,266;1,2641;0,1081;0,10797;0,676;0,6754
24/03/2016 12:00;1,2661;1,2649;0,10798;0,10793;0,6756;0,6748
24/03/2016 12:15;1,2666;1,2656;0,10798;0,10793;0,6757;0,6747
24/03/2016 12:30;1,2663;1,2652;0,10802;0,10793;0,6759;0,6755
24/03/2016 12:45;1,2666;1,2653;0,10802;0,10791;0,6763;0,6757
24/03/2016 13:00;1,2672;1,2656;0,10796;0,10792;0,677;0,676
24/03/2016 13:15;1,2674;1,2663;0,10795;0,10791;0,6772;0,6767
24/03/2016 13:30;1,2671;1,2651;0,10796;0,10792;0,6767;0,6757
24/03/2016 13:45;1,2663;1,2652;0,10793;0,1079;0,6757;0,6751
24/03/2016 14:00;1,2674;1,2656;0,1079;0,10788;0,6753;0,6747
24/03/2016 14:15;1,2667;1,2655;0,10789;0,10783;0,6747;0,6744
24/03/2016 14:30;1,2659;1,2645;0,10787;0,10785;0,6747;0,6741
24/03/2016 14:45;1,2653;1,2638;0,10795;0,10786;0,675;0,6745
24/03/2016 15:00;1,2652;1,2638;0,10794;0,10791;0,6751;0,6741
24/03/2016 15:15;1,2655;1,264;0,108;0,10787;0,6748;0,6741
24/03/2016 15:30;1,2662;1,2652;0,10803;0,10799;0,6754;0,6748
24/03/2016 15:45;1,2672;1,266;0,10801;0,10792;0,6755;0,6752
24/03/2016 16:00;1,2671;1,2659;0,108;0,10791;0,6752;0,6746
24/03/2016 16:15;1,2667;1,2653;0,10798;0,1079;0,6749;0,6744
24/03/2016 16:30;1,2665;1,2652;0,10796;0,10788;0,6747;0,6744
24/03/2016 16:45;1,2674;1,2655;0,10792;0,10785;0,6749;0,6744
24/03/2016 17:00;1,2675;1,2665;0,10789;0,10784;0,6752;0,6748
24/03/2016 17:15;1,2675;1,266;0,10788;0,10784;0,675;0,6744
24/03/2016 17:30;1,2676;1,2663;0,10788;0,10785;0,6749;0,6744
24/03/2016 17:45;1,267;1,266;0,10788;0,10785;0,6754;0,6746
24/03/2016 18:00;1,2678;1,2667;0,10786;0,10779;0,6755;0,675
24/03/2016 18:15;1,2685;1,2674;0,10783;0,10777;0,6753;0,675
24/03/2016 18:30;1,2684;1,2678;0,10779;0,10779;0,6753;0,675
24/03/2016 18:45;1,2686;1,2678;0,1078;0,10778;0,6754;0,6751
24/03/2016 19:00;1,268;1,2671;0,10779;0,10778;0,6754;0,6749
24/03/2016 19:15;1,2676;1,2667;0,10779;0,10777;0,675;0,6747
24/03/2016 19:30;1,2675;1,2668;0,10781;0,1078;0,6753;0,6749
24/03/2016 19:45;1,2674;1,267;0,10785;0,1078;0,6755;0,6751
24/03/2016 20:00;1,2676;1,2668;0,10784;0,10783;0,6758;0,6753
24/03/2016 20:15;1,2677;1,2672;0,10784;0,10783;0,676;0,6757
24/03/2016 20:30;1,2674;1,267;0,10784;0,10779;0,6758;0,6756
24/03/2016 20:45;1,2672;1,2658;0,10783;0,10779;0,6758;0,6755
24/03/2016 21:00;1,2662;1,2657;0,10783;0,1078;0,6757;0,6753
24/03/2016 21:15;1,2664;1,2659;0,10783;0,10781;0,6757;0,6753
24/03/2016 21:30;1,2661;1,2656;0,10782;0,10778;0,6756;0,6752
24/03/2016 21:45;1,2666;1,2656;0,10786;0,10778;0,6755;0,6753
24/03/2016 22:00;1,267;1,2661;0,10795;0,10789;0,6756;0,6754
24/03/2016 22:15;1,2665;1,2661;0,10792;0,1079;0,6756;0,6754
24/03/2016 22:30;1,2664;1,2658;0,10793;0,10785;0,6754;0,6753
24/03/2016 22:45;1,2661;1,2659;0,10787;0,10784;0,6756;0,6752
24/03/2016 23:00;1,2663;1,2657;0,10787;0,10785;0,6755;0,6752
24/03/2016 23:15;1,266;1,2657;0,10786;0,10784;0,6757;0,6754
24/03/2016 23:30;1,2659;1,2657;0,10787;0,10785;0,6756;0,6755
24/03/2016 23:45;1,2659;1,2656;0,10787;0,10785;0,6757;0,6756
25/03/2016;1,266;1,2657;0,10789;0,10779;0,6759;0,6756
25/03/2016 00:15;1,2658;1,2655;0,10788;0,10779;0,6758;0,6755
25/03/2016 00:30;1,2662;1,2654;0,10786;0,1078;0,6761;0,6757
25/03/2016 00:45;1,2668;1,2647;0,10787;0,10784;0,6766;0,6757
25/03/2016 01:00;1,2666;1,2653;0,10788;0,10786;0,6765;0,6762
25/03/2016 01:15;1,2666;1,2653;0,10787;0,10784;0,6766;0,6763
25/03/2016 01:30;1,2665;1,2658;0,10786;0,10785;0,6767;0,6763
25/03/2016 01:45;1,2666;1,2649;0,10786;0,10784;0,6768;0,6762
25/03/2016 02:00;1,2653;1,2647;0,10786;0,10784;0,6762;0,6757
25/03/2016 02:15;1,2656;1,2647;0,10786;0,10784;0,6761;0,6758
25/03/2016 02:30;1,2656;1,2648;0,10786;0,10784;0,6763;0,6761
25/03/2016 02:45;1,2656;1,265;0,10787;0,10785;0,6763;0,676
25/03/2016 03:00;1,2653;1,2644;0,10786;0,10786;0,6761;0,6759
25/03/2016 03:15;1,265;1,2644;0,10786;0,10786;0,6759;0,6756
25/03/2016 03:30;1,2648;1,2643;0,10786;0,10786;0,6758;0,6756
25/03/2016 03:45;1,2654;1,2644;0,10787;0,10786;0,6758;0,6756
25/03/2016 04:00;1,2654;1,2649;0,10791;0,10787;0,676;0,6758
25/03/2016 04:15;1,2653;1,265;0,10792;0,10789;0,6759;0,6758
25/03/2016 04:30;1,2652;1,2649;0,10791;0,1079;0,6759;0,6757
25/03/2016 04:45;1,2652;1,2646;0,10791;0,10791;0,6758;0,6757
25/03/2016 05:00;1,2651;1,2647;0,10791;0,10791;0,676;0,6758
25/03/2016 05:15;1,2651;1,2648;0,10791;0,10791;0,6765;0,676
25/03/2016 05:30;1,2653;1,2647;0,10792;0,10791;0,6764;0,6759
25/03/2016 05:45;1,2653;1,265;0,10791;0,10784;0,6764;0,676
25/03/2016 06:00;1,2653;1,2644;0,10788;0,10783;0,6764;0,676
25/03/2016 06:15;1,2654;1,2644;0,10791;0,10786;0,676;0,6755
25/03/2016 06:30;1,2656;1,2648;0,10792;0,10787;0,676;0,6759
25/03/2016 06:45;1,2653;1,2646;0,10792;0,10783;0,676;0,6756
25/03/2016 07:00;1,2656;1,2646;0,1079;0,10786;0,6761;0,6756
25/03/2016 07:15;1,2654;1,265;0,1079;0,10783;0,6761;0,6758
25/03/2016 07:30;1,2654;1,265;0,10787;0,10783;0,6761;0,6758
25/03/2016 07:45;1,2658;1,2651;0,10789;0,10785;0,6761;0,6758
25/03/2016 08:00;1,2655;1,265;0,10787;0,10786;0,676;0,6758
25/03/2016 08:15;1,2655;1,2652;0,10787;0,10783;0,6764;0,6761
25/03/2016 08:30;1,2653;1,2646;0,1079;0,10784;0,6764;0,6762
25/03/2016 08:45;1,2655;1,2647;0,1079;0,10788;0,6764;0,6763
25/03/2016 09:00;1,2661;1,2652;0,10795;0,10788;0,6768;0,6764
25/03/2016 09:15;1,2658;1,2653;0,10796;0,10794;0,6768;0,6764
25/03/2016 09:30;1,2658;1,2652;0,10796;0,10791;0,6768;0,6765
25/03/2016 09:45;1,2657;1,2652;0,10792;0,1079;0,6767;0,6764
25/03/2016 10:00;1,2659;1,2652;0,10791;0,1079;0,6765;0,6762
25/03/2016 10:15;1,2666;1,2655;0,10791;0,10789;0,6768;0,6761
25/03/2016 10:30;1,2678;1,2662;0,10791;0,10789;0,6771;0,6764
25/03/2016 10:45;1,2679;1,2663;0,10791;0,1078;0,6772;0,677
25/03/2016 11:00;1,2677;1,2662;0,10794;0,10788;0,677;0,6764
25/03/2016 11:15;1,2673;1,2661;0,10795;0,1079;0,6765;0,6763
25/03/2016 11:30;1,2667;1,2658;0,10796;0,10794;0,6764;0,6761
25/03/2016 11:45;1,2661;1,264;0,10794;0,1079;0,6761;0,6755
25/03/2016 12:00;1,2653;1,2644;0,10792;0,10791;0,6763;0,6759
25/03/2016 12:15;1,2654;1,265;0,10793;0,10791;0,6763;0,6762
25/03/2016 12:30;1,2658;1,2652;0,10793;0,10792;0,6767;0,6763
25/03/2016 12:45;1,2668;1,2653;0,10793;0,10793;0,6769;0,6765
25/03/2016 13:00;1,2668;1,266;0,10793;0,10792;0,6768;0,6767
25/03/2016 13:15;1,2667;1,2662;0,10794;0,10793;0,677;0,6768
25/03/2016 13:30;1,2667;1,2648;0,10794;0,10793;0,6768;0,6764
25/03/2016 13:45;1,2672;1,2653;0,10794;0,10793;0,6767;0,6764
25/03/2016 14:00;1,2669;1,2659;0,10794;0,10793;0,6768;0,6762
25/03/2016 14:15;1,2666;1,266;0,10794;0,10792;0,6765;0,6764
25/03/2016 14:30;1,2663;1,2659;0,10794;0,1079;0,6765;0,6763
25/03/2016 14:45;1,2662;1,2658;0,10791;0,10789;0,6764;0,6762
25/03/2016 15:00;1,2663;1,2644;0,10789;0,10787;0,6763;0,6761
25/03/2016 15:15;1,2659;1,2653;0,1079;0,10787;0,6763;0,6761
25/03/2016 15:30;1,2657;1,2655;0,10791;0,10788;0,6764;0,676
25/03/2016 15:45;1,2661;1,2656;0,10789;0,10788;0,6763;0,6761
25/03/2016 16:00;1,2663;1,2657;0,1079;0,10782;0,6763;0,6758
25/03/2016 16:15;1,2662;1,2654;0,10783;0,10782;0,6757;0,6752
25/03/2016 16:30;1,2664;1,2655;0,10783;0,10783;0,6755;0,6753
25/03/2016 16:45;1,2663;1,2656;0,10784;0,10782;0,6754;0,6752
25/03/2016 17:00;1,2658;1,2655;0,10784;0,10782;0,6753;0,6751
25/03/2016 17:15;1,2658;1,2653;0,10783;0,10782;0,6753;0,6751
25/03/2016 17:30;1,2656;1,2651;0,10783;0,10781;0,6754;0,6752
25/03/2016 17:45;1,2661;1,2652;0,10783;0,10782;0,6753;0,6751
25/03/2016 18:00;1,2658;1,265;0,10782;0,10781;0,6751;0,6742
25/03/2016 18:15;1,2659;1,2652;0,10783;0,10782;0,6745;0,6743
25/03/2016 18:30;1,2657;1,2652;0,10783;0,10782;0,6746;0,6744
25/03/2016 18:45;1,2654;1,2651;0,10783;0,10781;0,6745;0,6745
25/03/2016 19:00;1,2663;1,2651;0,10783;0,10783;0,6745;0,6744
25/03/2016 19:15;1,2661;1,2655;0,10783;0,10783;0,6746;0,6745
25/03/2016 19:30;1,2661;1,2655;0,10784;0,10782;0,6745;0,6744
25/03/2016 19:45;1,2661;1,2658;0,10784;0,10782;0,6745;0,6743
25/03/2016 20:00;1,2664;1,2656;0,10783;0,10782;0,6745;0,6744
25/03/2016 20:15;1,2663;1,266;0,10782;0,10781;0,6746;0,6745
25/03/2016 20:30;1,2663;1,2657;0,10782;0,10781;0,6746;0,6744
25/03/2016 20:45;1,2662;1,2655;0,10782;0,10781;0,6746;0,6742
25/03/2016 21:00;1,2663;1,2655;0,10782;0,10781;0,6749;0,6742
25/03/2016 21:15;1,2668;1,2656;0,10783;0,10781;0,6751;0,6746
25/03/2016 21:30;1,2665;1,2658;0,10782;0,10781;0,675;0,6746
25/03/2016 21:45;1,2665;1,2653;0,10785;0,10781;0,6751;0,6746
27/03/2016 20:00;1,266;1,2648;0,10788;0,10785;0,6749;0,6749
27/03/2016 20:15;1,2654;1,2647;0,10787;0,10783;0,6752;0,6749
27/03/2016 20:30;1,265;1,2647;0,10788;0,10787;0,6749;0,6748
27/03/2016 20:45;1,2655;1,2646;0,10787;0,10785;0,6756;0,6744
27/03/2016 21:00;1,2651;1,2646;0,10792;0,10785;0,6754;0,6749
27/03/2016 21:15;1,2659;1,2646;0,10788;0,10785;0,6752;0,6746
27/03/2016 21:30;1,2659;1,265;0,10791;0,10782;0,6751;0,6744
27/03/2016 21:45;1,2654;1,265;0,10792;0,10783;0,6747;0,6744
27/03/2016 22:00;1,2652;1,2649;0,10791;0,10779;0,6748;0,6745
27/03/2016 22:15;1,2651;1,2649;0,1079;0,10782;0,6747;0,6744
27/03/2016 22:30;1,265;1,2648;0,10798;0,10782;0,6747;0,6743
27/03/2016 22:45;1,2658;1,2649;0,10792;0,10782;0,6747;0,6745
27/03/2016 23:00;1,2658;1,2651;0,1079;0,10785;0,6747;0,6744
27/03/2016 23:15;1,2656;1,265;0,1079;0,10784;0,6744;0,6743
27/03/2016 23:30;1,2655;1,2652;0,10789;0,10785;0,6745;0,6743
27/03/2016 23:45;1,2662;1,2653;0,10789;0,10786;0,6746;0,6744
28/03/2016;1,2668;1,2657;0,1079;0,10787;0,6752;0,6747
28/03/2016 00:15;1,2663;1,2657;0,10792;0,10782;0,6752;0,6749
28/03/2016 00:30;1,2664;1,2657;0,10782;0,1078;0,6752;0,6749
28/03/2016 00:45;1,2665;1,266;0,10782;0,1078;0,6752;0,6749
28/03/2016 01:00;1,2668;1,266;0,10782;0,1078;0,6753;0,6751
28/03/2016 01:15;1,2668;1,2664;0,10781;0,1078;0,6755;0,6751
28/03/2016 01:30;1,2668;1,2661;0,10781;0,1078;0,6754;0,6753
28/03/2016 01:45;1,2664;1,2659;0,10782;0,1078;0,6753;0,6752
28/03/2016 02:00;1,2665;1,2658;0,10782;0,10781;0,6751;0,6748
28/03/2016 02:15;1,2663;1,2659;0,10781;0,10781;0,6749;0,6748
28/03/2016 02:30;1,2661;1,2657;0,10782;0,10779;0,6753;0,6749
28/03/2016 02:45;1,2662;1,2655;0,10784;0,10779;0,6755;0,6751
28/03/2016 03:00;1,2658;1,2656;0,10781;0,10779;0,6754;0,6753
28/03/2016 03:15;1,2657;1,2655;0,1078;0,10779;0,6754;0,6751
28/03/2016 03:30;1,266;1,2655;0,10781;0,10779;0,6758;0,6754
28/03/2016 03:45;1,266;1,2659;0,10781;0,1078;0,6756;0,6754
28/03/2016 04:00;1,2661;1,2659;0,10783;0,1078;0,6758;0,6753
28/03/2016 04:15;1,2661;1,2659;0,10782;0,10781;0,676;0,6756
28/03/2016 04:30;1,2661;1,2658;0,10782;0,1078;0,676;0,6757
28/03/2016 04:45;1,2659;1,2656;0,1078;0,10779;0,6757;0,6753
28/03/2016 05:00;1,2658;1,2656;0,1078;0,10779;0,6753;0,6752
28/03/2016 05:15;1,2659;1,2656;0,10779;0,10779;0,6755;0,6752
28/03/2016 05:30;1,2659;1,2656;0,10779;0,10778;0,6757;0,6755
28/03/2016 05:45;1,2663;1,2656;0,10779;0,10778;0,6759;0,6754
28/03/2016 06:00;1,2663;1,266;0,10779;0,1077;0,676;0,6758
28/03/2016 06:15;1,266;1,2658;0,10779;0,10775;0,6759;0,6758
28/03/2016 06:30;1,266;1,2659;0,10779;0,10776;0,676;0,6758
28/03/2016 06:45;1,2661;1,2659;0,10778;0,10777;0,6759;0,6758
28/03/2016 07:00;1,2665;1,2661;0,1078;0,10777;0,676;0,6759
28/03/2016 07:15;1,2669;1,2662;0,10778;0,10777;0,6761;0,676
28/03/2016 07:30;1,2668;1,2662;0,10777;0,10776;0,6763;0,676
28/03/2016 07:45;1,2666;1,2655;0,10777;0,10776;0,6764;0,6762
28/03/2016 08:00;1,2671;1,2655;0,10779;0,10776;0,6763;0,6761
28/03/2016 08:15;1,2673;1,2667;0,10782;0,10777;0,6764;0,6762
28/03/2016 08:30;1,2675;1,2667;0,10784;0,10781;0,6765;0,6762
28/03/2016 08:45;1,2671;1,2665;0,10784;0,10783;0,6765;0,6763
28/03/2016 09:00;1,2677;1,2666;0,10785;0,10783;0,6764;0,6761
28/03/2016 09:15;1,269;1,2671;0,10787;0,10785;0,6766;0,6762
28/03/2016 09:30;1,2692;1,2684;0,10789;0,10787;0,6766;0,6762
28/03/2016 09:45;1,2694;1,2687;0,10796;0,10789;0,6768;0,6765
28/03/2016 10:00;1,2693;1,2688;0,10799;0,10794;0,6767;0,6763
28/03/2016 10:15;1,2692;1,2686;0,10798;0,1079;0,6763;0,6761
28/03/2016 10:30;1,2691;1,2688;0,10791;0,1079;0,6762;0,676
28/03/2016 10:45;1,269;1,2687;0,10791;0,10789;0,6762;0,676
28/03/2016 11:00;1,2689;1,2683;0,1079;0,10789;0,6761;0,6758
28/03/2016 11:15;1,2694;1,2685;0,10791;0,10789;0,6759;0,6758
28/03/2016 11:30;1,2695;1,2691;0,10794;0,10791;0,676;0,6759
28/03/2016 11:45;1,2695;1,2689;0,10801;0,10794;0,6761;0,6759
28/03/2016 12:00;1,2691;1,2689;0,10803;0,10801;0,6768;0,676
28/03/2016 12:15;1,2692;1,2688;0,10801;0,108;0,6766;0,6765
28/03/2016 12:30;1,2691;1,2688;0,108;0,108;0,6764;0,676
28/03/2016 12:45;1,2688;1,2684;0,108;0,10799;0,6761;0,6759
28/03/2016 13:00;1,2692;1,2686;0,108;0,10799;0,6765;0,6762
28/03/2016 13:15;1,2691;1,2687;0,108;0,10797;0,6766;0,6763
28/03/2016 13:30;1,2688;1,2683;0,10799;0,10797;0,6763;0,6758
28/03/2016 13:45;1,2692;1,2686;0,10801;0,10797;0,676;0,6758
28/03/2016 14:00;1,2689;1,2683;0,10804;0,10801;0,6766;0,676
28/03/2016 14:15;1,2692;1,2683;0,10806;0,10804;0,6769;0,6763
28/03/2016 14:30;1,2707;1,2685;0,10805;0,10803;0,6772;0,6766
28/03/2016 14:45;1,2726;1,2701;0,10804;0,10801;0,677;0,6766
28/03/2016 15:00;1,2722;1,271;0,10802;0,10795;0,6769;0,6761
28/03/2016 15:15;1,2725;1,2713;0,10797;0,10783;0,6766;0,6761
28/03/2016 15:30;1,2749;1,2717;0,10791;0,10783;0,677;0,6762
28/03/2016 15:45;1,2742;1,2726;0,10799;0,10792;0,6768;0,6764
28/03/2016 16:00;1,2734;1,2723;0,10794;0,10785;0,6767;0,6761
28/03/2016 16:15;1,2728;1,2715;0,10785;0,10771;0,6764;0,6759
28/03/2016 16:30;1,2717;1,271;0,10777;0,10767;0,6759;0,6751
28/03/2016 16:45;1,2718;1,2704;0,10769;0,10763;0,676;0,6752
28/03/2016 17:00;1,2716;1,2703;0,10772;0,10765;0,6761;0,6755
28/03/2016 17:15;1,271;1,2704;0,10775;0,1077;0,6758;0,6756
28/03/2016 17:30;1,2713;1,2708;0,10778;0,10767;0,6762;0,6759
28/03/2016 17:45;1,2715;1,2708;0,10774;0,10768;0,6767;0,6763
28/03/2016 18:00;1,2713;1,2706;0,10785;0,10771;0,6768;0,6764
28/03/2016 18:15;1,2712;1,2707;0,10777;0,10775;0,677;0,6763
28/03/2016 18:30;1,2716;1,2708;0,10781;0,10776;0,6771;0,6769
28/03/2016 18:45;1,2719;1,2713;0,10781;0,10779;0,6777;0,6771
28/03/2016 19:00;1,2719;1,2714;0,10783;0,1078;0,6775;0,6771
28/03/2016 19:15;1,2718;1,2714;0,10783;0,10775;0,6774;0,6772
28/03/2016 19:30;1,2717;1,271;0,1078;0,10778;0,6773;0,677
28/03/2016 19:45;1,2719;1,2714;0,1078;0,10776;0,6771;0,677
28/03/2016 20:00;1,2724;1,2718;0,10778;0,10776;0,6773;0,677
28/03/2016 20:15;1,2728;1,2723;0,10778;0,10768;0,6778;0,6773
28/03/2016 20:30;1,2728;1,2724;0,10774;0,10768;0,6776;0,6774
28/03/2016 20:45;1,2728;1,2722;0,10773;0,10766;0,6774;0,6772
28/03/2016 21:00;1,2727;1,2722;0,10774;0,10768;0,6775;0,677
28/03/2016 21:15;1,2729;1,2721;0,10774;0,10772;0,6774;0,677
28/03/2016 21:30;1,2733;1,2728;0,10774;0,10771;0,6776;0,6774
28/03/2016 21:45;1,2732;1,2725;0,10779;0,10772;0,6774;0,6772
28/03/2016 22:00;1,2732;1,2726;0,10779;0,10777;0,6775;0,6773
28/03/2016 22:15;1,2732;1,2726;0,1078;0,10777;0,6775;0,6773
28/03/2016 22:30;1,273;1,2726;0,1078;0,10778;0,6776;0,6774
28/03/2016 22:45;1,2734;1,2725;0,1078;0,10776;0,6777;0,6773
28/03/2016 23:00;1,2743;1,273;0,10791;0,10778;0,6776;0,6773
28/03/2016 23:15;1,2739;1,2731;0,10789;0,10787;0,6776;0,6773
28/03/2016 23:30;1,2736;1,2729;0,1079;0,10782;0,6775;0,6773
28/03/2016 23:45;1,2735;1,273;0,1079;0,10777;0,6774;0,6772
29/03/2016;1,2732;1,2727;0,10789;0,10782;0,6775;0,6772
29/03/2016 00:15;1,2738;1,2729;0,10783;0,1078;0,6775;0,6773
29/03/2016 00:30;1,2736;1,2733;0,10783;0,1078;0,6774;0,6772
29/03/2016 00:45;1,2734;1,2732;0,10783;0,10776;0,6775;0,6772
29/03/2016 01:00;1,2734;1,273;0,10782;0,10778;0,6775;0,6773
29/03/2016 01:15;1,2736;1,2729;0,10782;0,10778;0,6775;0,6773
29/03/2016 01:30;1,2732;1,2729;0,10783;0,10779;0,6775;0,6774
29/03/2016 01:45;1,2732;1,2729;0,10784;0,10782;0,6775;0,6773
29/03/2016 02:00;1,2732;1,2723;0,10784;0,10783;0,6776;0,6774
29/03/2016 02:15;1,2728;1,2724;0,10784;0,10784;0,6775;0,6774
29/03/2016 02:30;1,2728;1,2723;0,10784;0,10783;0,6776;0,6773
29/03/2016 02:45;1,2728;1,2722;0,10784;0,10783;0,6775;0,6771
29/03/2016 03:00;1,2728;1,2724;0,10785;0,10783;0,6773;0,6771
29/03/2016 03:15;1,2728;1,2724;0,10788;0,10784;0,6775;0,6772
29/03/2016 03:30;1,2727;1,2721;0,10785;0,10783;0,6777;0,6774
29/03/2016 03:45;1,2723;1,2721;0,10783;0,10782;0,6774;0,6772
29/03/2016 04:00;1,2724;1,2719;0,10783;0,10782;0,6773;0,6771
29/03/2016 04:15;1,2723;1,2718;0,10784;0,10783;0,6774;0,6769
29/03/2016 04:30;1,2727;1,272;0,10785;0,10783;0,6776;0,6772
29/03/2016 04:45;1,2727;1,272;0,10784;0,10783;0,6774;0,677
29/03/2016 05:00;1,2722;1,2719;0,10784;0,10784;0,6773;0,677
29/03/2016 05:15;1,2719;1,2716;0,10784;0,10783;0,6771;0,6769
29/03/2016 05:30;1,2718;1,2715;0,10784;0,10783;0,677;0,6768
29/03/2016 05:45;1,2719;1,2715;0,10785;0,10783;0,6772;0,6768
29/03/2016 06:00;1,2727;1,2718;0,10785;0,10782;0,6774;0,6771
29/03/2016 06:15;1,2723;1,2718;0,10782;0,10781;0,6774;0,6771
29/03/2016 06:30;1,2723;1,272;0,10782;0,10781;0,6774;0,6771
29/03/2016 06:45;1,2723;1,2717;0,10783;0,10781;0,6774;0,6771
29/03/2016 07:00;1,2723;1,2719;0,10783;0,10781;0,6775;0,6772
29/03/2016 07:15;1,2723;1,272;0,10783;0,10781;0,6775;0,6772
29/03/2016 07:30;1,2722;1,2713;0,10782;0,1078;0,6775;0,6771
29/03/2016 07:45;1,2716;1,2711;0,10782;0,10777;0,6773;0,6769
29/03/2016 08:00;1,2725;1,2716;0,10783;0,10773;0,6773;0,6769
29/03/2016 08:15;1,2721;1,2711;0,10785;0,1078;0,6769;0,6765
29/03/2016 08:30;1,2718;1,271;0,1079;0,10779;0,6767;0,6762
29/03/2016 08:45;1,2715;1,2707;0,1079;0,10784;0,6767;0,6761
29/03/2016 09:00;1,2712;1,2702;0,10791;0,10785;0,6773;0,6766
29/03/2016 09:15;1,2717;1,2708;0,10791;0,10783;0,6774;0,6768
29/03/2016 09:30;1,2727;1,2714;0,10791;0,10784;0,6777;0,6774
29/03/2016 09:45;1,2736;1,2723;0,10796;0,10785;0,6776;0,6774
29/03/2016 10:00;1,2735;1,2728;0,10804;0,10788;0,6778;0,6773
29/03/2016 10:15;1,2739;1,2729;0,10803;0,10796;0,6778;0,6773
29/03/2016 10:30;1,2735;1,2728;0,10805;0,10797;0,6776;0,6768
29/03/2016 10:45;1,2751;1,2732;0,10805;0,10798;0,6777;0,6772
29/03/2016 11:00;1,2754;1,2745;0,10804;0,10799;0,6777;0,6773
29/03/2016 11:15;1,2756;1,2747;0,10807;0,10797;0,6785;0,6775
29/03/2016 11:30;1,2759;1,2749;0,10795;0,10793;0,6784;0,678
29/03/2016 11:45;1,2755;1,2728;0,10796;0,10786;0,678;0,6771
29/03/2016 12:00;1,2735;1,2711;0,10786;0,1078;0,6775;0,6764
29/03/2016 12:15;1,2747;1,2719;0,10788;0,10786;0,6785;0,6775
29/03/2016 12:30;1,2752;1,2738;0,10789;0,10785;0,6787;0,678
29/03/2016 12:45;1,2742;1,2728;0,10786;0,10777;0,6785;0,6773
29/03/2016 13:00;1,275;1,2726;0,10782;0,10773;0,6774;0,677
29/03/2016 13:15;1,2746;1,2734;0,10779;0,10775;0,6777;0,677
29/03/2016 13:30;1,2755;1,2739;0,10789;0,10778;0,6785;0,6775
29/03/2016 13:45;1,2761;1,2753;0,10792;0,10787;0,6785;0,6781
29/03/2016 14:00;1,276;1,2746;0,10791;0,10788;0,6789;0,6783
29/03/2016 14:15;1,2752;1,2745;0,10792;0,10788;0,6784;0,6778
29/03/2016 14:30;1,276;1,2743;0,10793;0,10786;0,6779;0,6773
29/03/2016 14:45;1,2759;1,2749;0,10787;0,10784;0,6779;0,6774
29/03/2016 15:00;1,2753;1,2743;0,10785;0,10783;0,6777;0,6769
29/03/2016 15:15;1,2756;1,2746;0,10787;0,10783;0,6775;0,6772
29/03/2016 15:30;1,2757;1,2739;0,10788;0,10784;0,6774;0,6762
29/03/2016 15:45;1,2742;1,2735;0,1079;0,10785;0,6771;0,6759
29/03/2016 16:00;1,2753;1,2736;0,10796;0,1079;0,678;0,6774
29/03/2016 16:15;1,2746;1,2737;0,10798;0,1079;0,678;0,6777
29/03/2016 16:30;1,2747;1,2735;0,10799;0,10795;0,6782;0,6777
29/03/2016 16:45;1,2762;1,2742;0,10801;0,10794;0,6797;0,6785
29/03/2016 17:00;1,2761;1,2749;0,10808;0,10798;0,6793;0,6779
29/03/2016 17:15;1,2763;1,2749;0,10812;0,10807;0,679;0,6783
29/03/2016 17:30;1,2758;1,2746;0,10815;0,10804;0,6789;0,6785
29/03/2016 17:45;1,2751;1,2747;0,10812;0,10807;0,679;0,6783
29/03/2016 18:00;1,2754;1,2743;0,1081;0,10806;0,6789;0,6786
29/03/2016 18:15;1,277;1,2743;0,10811;0,10802;0,6799;0,6781
29/03/2016 18:30;1,2769;1,2756;0,10812;0,10805;0,6785;0,6776
29/03/2016 18:45;1,2764;1,2753;0,10813;0,10807;0,678;0,6774
29/03/2016 19:00;1,276;1,275;0,10813;0,10804;0,6772;0,6766
29/03/2016 19:15;1,2764;1,2754;0,10806;0,10802;0,6775;0,6768
29/03/2016 19:30;1,2757;1,275;0,10804;0,108;0,6772;0,6769
29/03/2016 19:45;1,2766;1,2754;0,10804;0,10799;0,6776;0,6771
29/03/2016 20:00;1,2763;1,2752;0,10811;0,10803;0,6775;0,6772
29/03/2016 20:15;1,2759;1,2748;0,10811;0,10801;0,6777;0,6769
29/03/2016 20:30;1,2756;1,2731;0,1081;0,10805;0,6781;0,6776
29/03/2016 20:45;1,2735;1,2724;0,10807;0,10802;0,678;0,6776
29/03/2016 21:00;1,2735;1,2726;0,10805;0,10798;0,678;0,6774
29/03/2016 21:15;1,2739;1,2732;0,10798;0,10796;0,6781;0,6778
29/03/2016 21:30;1,2736;1,2728;0,108;0,10798;0,678;0,6775
29/03/2016 21:45;1,2736;1,273;0,10799;0,10798;0,6778;0,6776
29/03/2016 22:00;1,2741;1,2733;0,10799;0,10798;0,6778;0,6773
29/03/2016 22:15;1,274;1,2732;0,10801;0,10798;0,6776;0,6773
29/03/2016 22:30;1,2741;1,2734;0,10805;0,10796;0,6776;0,6772
29/03/2016 22:45;1,2744;1,2738;0,10808;0,10804;0,6776;0,6772
29/03/2016 23:00;1,2742;1,2738;0,10805;0,10803;0,6775;0,6773
29/03/2016 23:15;1,2742;1,2738;0,10804;0,10801;0,6775;0,6772
29/03/2016 23:30;1,2744;1,2739;0,10804;0,10801;0,6777;0,6774
29/03/2016 23:45;1,2745;1,2737;0,10803;0,10801;0,6783;0,6776
30/03/2016;1,2748;1,2741;0,10806;0,10803;0,6782;0,6779
30/03/2016 00:15;1,2749;1,2746;0,10805;0,10804;0,6781;0,6779
30/03/2016 00:30;1,2748;1,2746;0,10805;0,10804;0,678;0,6778
30/03/2016 00:45;1,2747;1,2742;0,10805;0,10804;0,678;0,6778
30/03/2016 01:00;1,2744;1,2739;0,10805;0,10805;0,678;0,6778
30/03/2016 01:15;1,274;1,2736;0,10805;0,10804;0,678;0,6777
30/03/2016 01:30;1,2741;1,2737;0,10805;0,10804;0,678;0,6778
30/03/2016 01:45;1,2744;1,2739;0,10805;0,10804;0,6782;0,678
30/03/2016 02:00;1,2742;1,2737;0,10805;0,10802;0,6783;0,678
30/03/2016 02:15;1,2744;1,2737;0,10805;0,10803;0,6781;0,6779
30/03/2016 02:30;1,2742;1,2737;0,10804;0,10803;0,6781;0,6777
30/03/2016 02:45;1,274;1,2733;0,10803;0,10799;0,6777;0,6775
30/03/2016 03:00;1,2736;1,2731;0,10803;0,108;0,6778;0,6774
30/03/2016 03:15;1,2734;1,2727;0,10803;0,10801;0,6778;0,6775
30/03/2016 03:30;1,2732;1,2729;0,10804;0,10801;0,6778;0,6776
30/03/2016 03:45;1,2735;1,2729;0,10803;0,10801;0,678;0,6777
30/03/2016 04:00;1,2734;1,273;0,10802;0,10801;0,6779;0,6776
30/03/2016 04:15;1,2736;1,273;0,10802;0,10799;0,6776;0,6775
30/03/2016 04:30;1,2735;1,2732;0,10801;0,10799;0,6776;0,6775
30/03/2016 04:45;1,2735;1,2729;0,10805;0,108;0,6776;0,6774
30/03/2016 05:00;1,273;1,2728;0,10805;0,10804;0,6774;0,6773
30/03/2016 05:15;1,273;1,2726;0,10805;0,10803;0,6772;0,6771
30/03/2016 05:30;1,2731;1,2728;0,10805;0,10804;0,6772;0,6771
30/03/2016 05:45;1,2733;1,2725;0,10805;0,10801;0,6773;0,6771
30/03/2016 06:00;1,2731;1,2727;0,10805;0,10801;0,6774;0,6772
30/03/2016 06:15;1,2732;1,2726;0,10806;0,10805;0,6775;0,6774
30/03/2016 06:30;1,273;1,2725;0,10805;0,10804;0,6774;0,677
30/03/2016 06:45;1,2726;1,2721;0,10805;0,10802;0,6771;0,6766
30/03/2016 07:00;1,2728;1,2724;0,10805;0,10803;0,6771;0,6769
30/03/2016 07:15;1,2731;1,2726;0,10806;0,10803;0,6772;0,6769
30/03/2016 07:30;1,2729;1,2724;0,10806;0,10803;0,6771;0,6769
30/03/2016 07:45;1,2732;1,2726;0,10806;0,10804;0,6772;0,6768
30/03/2016 08:00;1,2738;1,2725;0,10803;0,10794;0,6773;0,677
30/03/2016 08:15;1,2751;1,2735;0,10803;0,10801;0,6779;0,6773
30/03/2016 08:30;1,2753;1,2734;0,10807;0,10803;0,6776;0,677
30/03/2016 08:45;1,2761;1,2751;0,10807;0,10803;0,6781;0,6776
30/03/2016 09:00;1,2764;1,2752;0,10814;0,10806;0,6783;0,6778
30/03/2016 09:15;1,2759;1,2748;0,10816;0,10809;0,678;0,6777
30/03/2016 09:30;1,2759;1,2747;0,1082;0,10813;0,6786;0,6779
30/03/2016 09:45;1,2753;1,2741;0,10818;0,10813;0,6785;0,678
30/03/2016 10:00;1,2751;1,2731;0,10826;0,10814;0,6784;0,6777
30/03/2016 10:15;1,2738;1,2731;0,10828;0,1082;0,6782;0,6778
30/03/2016 10:30;1,2737;1,2712;0,10832;0,10827;0,678;0,6774
30/03/2016 10:45;1,2718;1,2705;0,10828;0,10822;0,6774;0,6769
30/03/2016 11:00;1,2716;1,2707;0,10822;0,10816;0,6775;0,6772
30/03/2016 11:15;1,2722;1,2709;0,10821;0,10816;0,6778;0,6774
30/03/2016 11:30;1,2721;1,2709;0,10826;0,10823;0,6777;0,6773
30/03/2016 11:45;1,2717;1,2707;0,10826;0,10822;0,6776;0,6771
30/03/2016 12:00;1,2722;1,2713;0,10825;0,1082;0,6783;0,6773
30/03/2016 12:15;1,2731;1,2719;0,10824;0,10818;0,6786;0,6782
30/03/2016 12:30;1,2735;1,2725;0,10822;0,1082;0,6791;0,6786
30/03/2016 12:45;1,2735;1,2721;0,10824;0,10822;0,6787;0,6778
30/03/2016 13:00;1,2726;1,2707;0,10823;0,1082;0,6779;0,6777
30/03/2016 13:15;1,2722;1,2707;0,10823;0,10821;0,6778;0,6775
30/03/2016 13:30;1,2723;1,2714;0,10823;0,10819;0,6779;0,6774
30/03/2016 13:45;1,2732;1,272;0,1082;0,10813;0,6779;0,6775
30/03/2016 14:00;1,2735;1,2719;0,1082;0,10813;0,6781;0,6774
30/03/2016 14:15;1,274;1,2724;0,10823;0,1082;0,6799;0,6777
30/03/2016 14:30;1,274;1,2724;0,10825;0,10818;0,6802;0,6797
30/03/2016 14:45;1,2734;1,2724;0,10825;0,10821;0,6804;0,6792
30/03/2016 15:00;1,2738;1,2728;0,10823;0,10819;0,6796;0,6792
30/03/2016 15:15;1,2744;1,2728;0,10823;0,10817;0,6803;0,6795
30/03/2016 15:30;1,2742;1,2732;0,10816;0,10811;0,6805;0,68
30/03/2016 15:45;1,2746;1,2736;0,10825;0,10814;0,6809;0,6803
30/03/2016 16:00;1,2744;1,2724;0,10821;0,10811;0,6808;0,6802
30/03/2016 16:15;1,2732;1,2718;0,10828;0,10814;0,6807;0,6802
30/03/2016 16:30;1,2728;1,2713;0,1083;0,10821;0,6816;0,6805
30/03/2016 16:45;1,2726;1,2715;0,10827;0,10819;0,6813;0,6807
30/03/2016 17:00;1,2729;1,2707;0,10835;0,10827;0,681;0,6801
30/03/2016 17:15;1,2713;1,2704;0,1083;0,10824;0,6805;0,6799
30/03/2016 17:30;1,2713;1,27;0,10829;0,10821;0,6808;0,6804
30/03/2016 17:45;1,2709;1,27;0,10827;0,10823;0,6811;0,6805
30/03/2016 18:00;1,2706;1,2686;0,10829;0,10821;0,6819;0,681
30/03/2016 18:15;1,2708;1,2699;0,10823;0,10816;0,6821;0,6814
30/03/2016 18:30;1,2705;1,2696;0,1082;0,10816;0,6813;0,6804
30/03/2016 18:45;1,2715;1,2704;0,10824;0,10818;0,6806;0,6802
30/03/2016 19:00;1,2716;1,27;0,10826;0,10821;0,6807;0,6798
30/03/2016 19:15;1,27;1,2685;0,10821;0,10817;0,6798;0,6795
30/03/2016 19:30;1,27;1,2691;0,10823;0,10817;0,6802;0,6798
30/03/2016 19:45;1,2699;1,2692;0,10825;0,10822;0,6808;0,6802
30/03/2016 20:00;1,2695;1,2687;0,10825;0,10822;0,681;0,6807
30/03/2016 20:15;1,2693;1,2684;0,10825;0,10822;0,6811;0,6807
30/03/2016 20:30;1,2695;1,2685;0,10828;0,10824;0,6811;0,6802
30/03/2016 20:45;1,2694;1,2684;0,10829;0,10827;0,6805;0,6803
30/03/2016 21:00;1,2695;1,2687;0,10832;0,10829;0,6807;0,6803
30/03/2016 21:15;1,2694;1,2682;0,10832;0,10826;0,6811;0,6802
30/03/2016 21:30;1,2688;1,2683;0,10832;0,10827;0,6809;0,6804
30/03/2016 21:45;1,2688;1,2683;0,10833;0,10829;0,6808;0,6805
30/03/2016 22:00;1,2687;1,2684;0,10841;0,10835;0,6809;0,6806
30/03/2016 22:15;1,2686;1,2684;0,10846;0,10842;0,6811;0,6806
30/03/2016 22:30;1,2687;1,2682;0,10849;0,10846;0,681;0,6806
30/03/2016 22:45;1,2686;1,268;0,10851;0,10849;0,681;0,6802
30/03/2016 23:00;1,2683;1,268;0,1085;0,10838;0,681;0,6802
30/03/2016 23:15;1,2685;1,2679;0,10841;0,10837;0,681;0,6806
30/03/2016 23:30;1,2687;1,2684;0,1084;0,10838;0,6809;0,6807
30/03/2016 23:45;1,2688;1,2686;0,10843;0,10839;0,6808;0,6806
31/03/2016;1,2688;1,2685;0,10849;0,10842;0,6809;0,6805
31/03/2016 00:15;1,2691;1,2686;0,10849;0,10848;0,6807;0,6805
31/03/2016 00:30;1,269;1,2685;0,1085;0,10848;0,6807;0,6804
31/03/2016 00:45;1,2686;1,2683;0,10849;0,10847;0,6804;0,6803
31/03/2016 01:00;1,2686;1,2681;0,10848;0,10847;0,6805;0,6802
31/03/2016 01:15;1,2687;1,2684;0,10848;0,10847;0,6805;0,6803
31/03/2016 01:30;1,2686;1,2681;0,10848;0,10847;0,6805;0,6802
31/03/2016 01:45;1,2686;1,2679;0,10848;0,10847;0,6803;0,6798
31/03/2016 02:00;1,2683;1,2678;0,10848;0,10847;0,6801;0,6798
31/03/2016 02:15;1,2684;1,2678;0,10848;0,10847;0,6801;0,6798
31/03/2016 02:30;1,2686;1,2683;0,10848;0,10846;0,6803;0,68
31/03/2016 02:45;1,2688;1,2678;0,10847;0,10846;0,6805;0,6799
31/03/2016 03:00;1,2687;1,2677;0,1085;0,10846;0,6802;0,6797
31/03/2016 03:15;1,2686;1,2679;0,10849;0,10848;0,6804;0,6799
31/03/2016 03:30;1,2691;1,268;0,10849;0,10848;0,6804;0,6801
31/03/2016 03:45;1,2682;1,2674;0,10849;0,10843;0,6803;0,6798
31/03/2016 04:00;1,2678;1,2675;0,10843;0,1084;0,68;0,6797
31/03/2016 04:15;1,268;1,2675;0,10841;0,1084;0,6801;0,6799
31/03/2016 04:30;1,2682;1,2675;0,10841;0,1084;0,6803;0,68
31/03/2016 04:45;1,2677;1,2668;0,1084;0,10838;0,6803;0,6798
31/03/2016 05:00;1,2673;1,2668;0,10839;0,10838;0,6802;0,6799
31/03/2016 05:15;1,2672;1,2668;0,10841;0,10839;0,6801;0,6796
31/03/2016 05:30;1,2672;1,2666;0,1084;0,10839;0,6798;0,6794
31/03/2016 05:45;1,2673;1,2669;0,1084;0,10836;0,6797;0,6795
31/03/2016 06:00;1,2673;1,2669;0,10841;0,10836;0,6798;0,6794
31/03/2016 06:15;1,2674;1,2669;0,10841;0,10837;0,6799;0,6794
31/03/2016 06:30;1,2675;1,2672;0,10838;0,10833;0,6799;0,6795
31/03/2016 06:45;1,2675;1,2672;0,10836;0,10834;0,6798;0,6796
31/03/2016 07:00;1,2678;1,2671;0,10837;0,10835;0,68;0,6796
31/03/2016 07:15;1,2678;1,2671;0,10838;0,10836;0,68;0,6796
31/03/2016 07:30;1,2672;1,2667;0,10836;0,10831;0,6798;0,6796
31/03/2016 07:45;1,2671;1,2665;0,10833;0,10828;0,6798;0,6796
31/03/2016 08:00;1,2673;1,2665;0,10833;0,10831;0,68;0,6796
31/03/2016 08:15;1,2673;1,2665;0,10833;0,10826;0,68;0,6794
31/03/2016 08:30;1,2671;1,2661;0,1083;0,10827;0,6798;0,6791
31/03/2016 08:45;1,2676;1,2666;0,10836;0,10831;0,6802;0,6797
31/03/2016 09:00;1,2667;1,2653;0,10835;0,10833;0,6801;0,6794
31/03/2016 09:15;1,2664;1,265;0,10835;0,10831;0,6805;0,6801
31/03/2016 09:30;1,2662;1,265;0,10833;0,10825;0,6804;0,68
31/03/2016 09:45;1,2655;1,2645;0,10834;0,10829;0,6802;0,679
31/03/2016 10:00;1,2658;1,2636;0,10832;0,10828;0,6794;0,6789
31/03/2016 10:15;1,267;1,2652;0,10834;0,1083;0,6794;0,6791
31/03/2016 10:30;1,2676;1,2654;0,10834;0,10831;0,6797;0,679
31/03/2016 10:45;1,2674;1,2665;0,10838;0,10832;0,6797;0,6793
31/03/2016 11:00;1,2672;1,2647;0,10837;0,10827;0,6797;0,6788
31/03/2016 11:15;1,2667;1,2652;0,10829;0,10821;0,6794;0,679
31/03/2016 11:30;1,266;1,2651;0,10829;0,1082;0,6795;0,6792
31/03/2016 11:45;1,2656;1,2641;0,1082;0,10813;0,6797;0,679
31/03/2016 12:00;1,2652;1,2645;0,10821;0,10815;0,6795;0,6788
31/03/2016 12:15;1,265;1,2638;0,10819;0,10815;0,6791;0,6786
31/03/2016 12:30;1,2655;1,2646;0,10832;0,10819;0,6792;0,6786
31/03/2016 12:45;1,2664;1,2646;0,1084;0,10834;0,6789;0,6786
31/03/2016 13:00;1,2676;1,2654;0,10847;0,10839;0,6795;0,6786
31/03/2016 13:15;1,268;1,2661;0,10844;0,10841;0,68;0,6795
31/03/2016 13:30;1,267;1,2661;0,10842;0,10829;0,6796;0,6791
31/03/2016 13:45;1,2664;1,2637;0,10835;0,10831;0,6794;0,6786
31/03/2016 14:00;1,2639;1,2625;0,10839;0,10832;0,6785;0,6782
31/03/2016 14:15;1,2638;1,2616;0,1084;0,10837;0,6786;0,678
31/03/2016 14:30;1,2626;1,2608;0,10838;0,10834;0,6808;0,6794
31/03/2016 14:45;1,2637;1,2614;0,1084;0,10836;0,6807;0,6801
31/03/2016 15:00;1,2638;1,2612;0,1084;0,10837;0,6808;0,6798
31/03/2016 15:15;1,2617;1,26;0,10841;0,10837;0,68;0,6794
31/03/2016 15:30;1,2617;1,2605;0,10842;0,1084;0,6814;0,6799
31/03/2016 15:45;1,2614;1,2587;0,10846;0,10835;0,6817;0,6799
31/03/2016 16:00;1,2615;1,2596;0,10839;0,10834;0,6809;0,6801
31/03/2016 16:15;1,2617;1,2603;0,1084;0,10832;0,6822;0,6811
31/03/2016 16:30;1,2619;1,26;0,10834;0,10829;0,6817;0,6803
31/03/2016 16:45;1,2624;1,26;0,10838;0,10824;0,6809;0,6787
31/03/2016 17:00;1,2628;1,2611;0,10827;0,1082;0,6786;0,6772
31/03/2016 17:15;1,2649;1,2625;0,10837;0,10829;0,6782;0,6772
31/03/2016 17:30;1,2648;1,2625;0,10839;0,10836;0,678;0,6769
31/03/2016 17:45;1,2633;1,2624;0,10845;0,10838;0,6777;0,6769
31/03/2016 18:00;1,2632;1,2621;0,10845;0,1084;0,6773;0,6768
31/03/2016 18:15;1,264;1,2627;0,1084;0,10838;0,6775;0,677
31/03/2016 18:30;1,2646;1,264;0,10839;0,10838;0,6778;0,6772
31/03/2016 18:45;1,2648;1,2638;0,10839;0,10836;0,6773;0,6768
31/03/2016 19:00;1,2649;1,2639;0,10836;0,10832;0,6772;0,6765
31/03/2016 19:15;1,2641;1,2626;0,10835;0,10829;0,6767;0,6756
31/03/2016 19:30;1,2631;1,2619;0,1083;0,10822;0,6759;0,6754
31/03/2016 19:45;1,2626;1,2616;0,10824;0,10821;0,6759;0,6752
31/03/2016 20:00;1,2627;1,2623;0,10828;0,10824;0,676;0,6758
31/03/2016 20:15;1,263;1,2624;0,10827;0,10824;0,676;0,6757
31/03/2016 20:30;1,2632;1,2627;0,10825;0,10823;0,6763;0,6757
31/03/2016 20:45;1,2629;1,2619;0,10824;0,10812;0,6768;0,6761
31/03/2016 21:00;1,2626;1,2617;0,10821;0,10813;0,6772;0,6767
31/03/2016 21:15;1,2623;1,2618;0,10826;0,1082;0,6769;0,6767
31/03/2016 21:30;1,2627;1,2621;0,10825;0,10823;0,6769;0,6765
31/03/2016 21:45;1,2627;1,2621;0,10826;0,10823;0,6769;0,6766
31/03/2016 22:00;1,2629;1,2619;0,1083;0,10824;0,6769;0,6764
31/03/2016 22:15;1,263;1,2624;0,1083;0,10829;0,6767;0,676
31/03/2016 22:30;1,2626;1,2623;0,10831;0,10825;0,6761;0,6759
31/03/2016 22:45;1,2626;1,2617;0,10829;0,1082;0,6759;0,6757
31/03/2016 23:00;1,2622;1,2619;0,10828;0,10824;0,6761;0,6756
31/03/2016 23:15;1,2623;1,262;0,10826;0,10823;0,6762;0,6759
31/03/2016 23:30;1,2622;1,2619;0,10827;0,10823;0,6761;0,676
31/03/2016 23:45;1,2624;1,262;0,10827;0,10824;0,6767;0,6761
01/04/2016;1,2627;1,2621;0,10825;0,10821;0,6767;0,6764
01/04/2016 00:15;1,2628;1,2626;0,10822;0,10819;0,677;0,6765
01/04/2016 00:30;1,2628;1,2625;0,10818;0,10816;0,6772;0,6769
01/04/2016 00:45;1,2628;1,2627;0,10817;0,10815;0,6772;0,6767
01/04/2016 01:00;1,2629;1,2625;0,10824;0,10816;0,6769;0,6767
01/04/2016 01:15;1,2627;1,2624;0,10824;0,10819;0,6767;0,6764
01/04/2016 01:30;1,2628;1,2623;0,10824;0,10822;0,6766;0,6763
01/04/2016 01:45;1,2625;1,2623;0,10825;0,10822;0,6766;0,6764
01/04/2016 02:00;1,2627;1,2617;0,10825;0,10823;0,6766;0,6761
01/04/2016 02:15;1,2625;1,262;0,10824;0,10823;0,6767;0,6764
01/04/2016 02:30;1,2628;1,262;0,10823;0,10822;0,6768;0,6765
01/04/2016 02:45;1,2624;1,2613;0,10822;0,10819;0,6773;0,6764
01/04/2016 03:00;1,2628;1,2621;0,10822;0,1082;0,6776;0,6771
01/04/2016 03:15;1,2625;1,2617;0,10822;0,10821;0,6776;0,6767
01/04/2016 03:30;1,2622;1,2615;0,10822;0,10818;0,6768;0,6763
01/04/2016 03:45;1,2618;1,2611;0,10819;0,10817;0,6764;0,6757
01/04/2016 04:00;1,2617;1,2603;0,10818;0,10817;0,6761;0,6744
01/04/2016 04:15;1,2613;1,2605;0,10819;0,10817;0,6748;0,6742
01/04/2016 04:30;1,2611;1,2605;0,10819;0,10817;0,6751;0,6744
01/04/2016 04:45;1,2613;1,2608;0,10827;0,10819;0,6752;0,6749
01/04/2016 05:00;1,2619;1,2611;0,10823;0,10822;0,6753;0,6749
01/04/2016 05:15;1,2617;1,2612;0,10824;0,10822;0,675;0,6747
01/04/2016 05:30;1,2612;1,2603;0,10823;0,10822;0,6749;0,6747
01/04/2016 05:45;1,2603;1,2597;0,10822;0,10818;0,6747;0,6741
01/04/2016 06:00;1,2601;1,2594;0,10821;0,10818;0,6745;0,6737
01/04/2016 06:15;1,2603;1,2599;0,10821;0,10818;0,6747;0,6743
01/04/2016 06:30;1,2602;1,26;0,10818;0,10816;0,6746;0,6743
01/04/2016 06:45;1,2603;1,26;0,10818;0,10816;0,6746;0,6743
01/04/2016 07:00;1,2605;1,2599;0,10823;0,10816;0,6746;0,6742
01/04/2016 07:15;1,2604;1,26;0,1082;0,10819;0,6746;0,6742
01/04/2016 07:30;1,2607;1,26;0,10822;0,1082;0,6747;0,6744
01/04/2016 07:45;1,2609;1,2603;0,10819;0,10815;0,6744;0,6742
01/04/2016 08:00;1,2611;1,2601;0,10816;0,10814;0,6746;0,6743
01/04/2016 08:15;1,2617;1,2606;0,10816;0,10807;0,6748;0,6743
01/04/2016 08:30;1,2617;1,2609;0,1082;0,10809;0,6749;0,6741
01/04/2016 08:45;1,2623;1,2604;0,10818;0,1081;0,6744;0,6741
01/04/2016 09:00;1,2624;1,2606;0,1081;0,10806;0,6745;0,6739
01/04/2016 09:15;1,2616;1,2601;0,10808;0,10805;0,6747;0,6738
01/04/2016 09:30;1,2604;1,2591;0,10817;0,10808;0,6752;0,6747
01/04/2016 09:45;1,2601;1,2588;0,10821;0,10814;0,6752;0,6748
01/04/2016 10:00;1,2611;1,2588;0,10817;0,10816;0,6747;0,6741
01/04/2016 10:15;1,2611;1,2595;0,10823;0,10817;0,6745;0,6736
01/04/2016 10:30;1,2605;1,2575;0,10826;0,10822;0,6742;0,6738
01/04/2016 10:45;1,2591;1,2555;0,10825;0,10821;0,6741;0,6734
01/04/2016 11:00;1,2579;1,2564;0,10822;0,10817;0,6744;0,6737
01/04/2016 11:15;1,2576;1,2557;0,10825;0,10818;0,6745;0,6739
01/04/2016 11:30;1,257;1,2558;0,10824;0,1082;0,6742;0,6733
01/04/2016 11:45;1,2567;1,2549;0,10823;0,1082;0,6731;0,6723
01/04/2016 12:00;1,2553;1,2544;0,10824;0,10817;0,6729;0,6723
01/04/2016 12:15;1,2554;1,2541;0,1082;0,10817;0,6729;0,6725
01/04/2016 12:30;1,2552;1,2522;0,10818;0,10815;0,673;0,6722
01/04/2016 12:45;1,254;1,2518;0,10823;0,10815;0,6726;0,6721
01/04/2016 13:00;1,2525;1,2514;0,10825;0,10821;0,6721;0,6716
01/04/2016 13:15;1,2521;1,2514;0,10823;0,10813;0,6716;0,671
01/04/2016 13:30;1,2522;1,2516;0,10818;0,10814;0,6712;0,6708
01/04/2016 13:45;1,2528;1,2512;0,10816;0,1081;0,6714;0,6705
01/04/2016 14:00;1,2528;1,251;0,10822;0,10816;0,6716;0,6712
01/04/2016 14:15;1,2531;1,2509;0,10823;0,10817;0,6721;0,6712
01/04/2016 14:30;1,2532;1,2493;0,10823;0,1082;0,6714;0,67
01/04/2016 14:45;1,252;1,2494;0,10826;0,10821;0,671;0,6684
01/04/2016 15:00;1,2494;1,2469;0,10823;0,10805;0,6695;0,6678
01/04/2016 15:15;1,2497;1,2478;0,1082;0,10814;0,6713;0,6692
01/04/2016 15:30;1,2493;1,2472;0,1082;0,10816;0,671;0,6697
01/04/2016 15:45;1,248;1,247;0,10826;0,10816;0,6711;0,6699
01/04/2016 16:00;1,2505;1,2469;0,10823;0,10816;0,6719;0,6703
01/04/2016 16:15;1,2514;1,249;0,10825;0,10818;0,673;0,6721
01/04/2016 16:30;1,2495;1,2484;0,10828;0,10823;0,6731;0,6721
01/04/2016 16:45;1,2509;1,2483;0,10828;0,10822;0,673;0,6719
01/04/2016 17:00;1,2506;1,2486;0,10826;0,10821;0,6741;0,673
01/04/2016 17:15;1,249;1,2475;0,10826;0,10817;0,6737;0,6731
01/04/2016 17:30;1,249;1,2471;0,10828;0,10817;0,6742;0,6732
01/04/2016 17:45;1,2489;1,2474;0,10826;0,10821;0,6743;0,6735
01/04/2016 18:00;1,2483;1,2471;0,10824;0,1082;0,6737;0,6729
01/04/2016 18:15;1,248;1,2472;0,1082;0,10817;0,6734;0,6728
01/04/2016 18:30;1,2483;1,2472;0,10818;0,10814;0,6735;0,6726
01/04/2016 18:45;1,2484;1,2472;0,10815;0,10811;0,6736;0,6729
01/04/2016 19:00;1,2485;1,2475;0,10813;0,10806;0,6731;0,6727
01/04/2016 19:15;1,2484;1,2479;0,10807;0,10801;0,6738;0,6732
01/04/2016 19:30;1,2483;1,2477;0,10807;0,10802;0,6737;0,6734
01/04/2016 19:45;1,2484;1,2477;0,10808;0,10804;0,6743;0,6737
01/04/2016 20:00;1,2483;1,2473;0,10808;0,10798;0,6746;0,6737
01/04/2016 20:15;1,2483;1,2472;0,108;0,10797;0,6744;0,6737
01/04/2016 20:30;1,2483;1,2477;0,10806;0,10796;0,6743;0,6737
01/04/2016 20:45;1,2481;1,2473;0,10807;0,10799;0,6743;0,674
01/04/2016 21:00;1,2478;1,2475;0,10801;0,10797;0,6743;0,6739
01/04/2016 21:15;1,2479;1,2475;0,10797;0,10796;0,6741;0,6739
01/04/2016 21:30;1,2483;1,2473;0,10799;0,10795;0,6742;0,6738
01/04/2016 21:45;1,2497;1,2481;0,10797;0,10792;0,6748;0,6742
01/04/2016 22:00;1,2494;1,2484;0,10791;0,10789;0,6747;0,6742
01/04/2016 22:15;1,249;1,2484;0,10791;0,10789;0,6746;0,6741
01/04/2016 22:30;1,249;1,2484;0,10791;0,1079;0,6744;0,6738
01/04/2016 22:45;1,2493;1,2482;0,10791;0,10787;0,6747;0,6739
03/04/2016 21:00;1,2495;1,2488;0,1081;0,10808;0,6742;0,6738
03/04/2016 21:15;1,2495;1,2495;0,10812;0,10811;0,6745;0,6743
03/04/2016 21:30;1,2498;1,2488;0,10813;0,10811;0,6746;0,6744
03/04/2016 21:45;1,2487;1,2487;0,10815;0,10808;0,6744;0,6737
03/04/2016 22:00;1,2488;1,2483;0,1081;0,10808;0,6739;0,6737
03/04/2016 22:15;1,2485;1,248;0,10813;0,10805;0,674;0,6731
03/04/2016 22:30;1,2483;1,2481;0,1081;0,10805;0,673;0,6729
03/04/2016 22:45;1,2482;1,2476;0,10809;0,10804;0,6729;0,6728
03/04/2016 23:00;1,248;1,2474;0,10816;0,10804;0,6737;0,6728
03/04/2016 23:15;1,2479;1,2474;0,10814;0,10804;0,6736;0,6733
03/04/2016 23:30;1,2478;1,2475;0,10814;0,10804;0,6734;0,6732
03/04/2016 23:45;1,2477;1,2475;0,10811;0,10805;0,6737;0,6734
04/04/2016;1,2484;1,2477;0,10809;0,10799;0,6738;0,6731
04/04/2016 00:15;1,2486;1,2482;0,10801;0,10799;0,6737;0,6735
04/04/2016 00:30;1,2483;1,248;0,108;0,10798;0,6736;0,6734
04/04/2016 00:45;1,2484;1,2478;0,108;0,10798;0,6735;0,6733
04/04/2016 01:00;1,2486;1,2478;0,108;0,10798;0,6735;0,6731
04/04/2016 01:15;1,2487;1,2485;0,10799;0,10797;0,6736;0,6733
04/04/2016 01:30;1,2488;1,2485;0,10799;0,10797;0,6735;0,6731
04/04/2016 01:45;1,2489;1,2484;0,10799;0,10798;0,6733;0,6731
04/04/2016 02:00;1,2484;1,2476;0,10799;0,10795;0,6732;0,6726
04/04/2016 02:15;1,2481;1,2476;0,10796;0,10795;0,6731;0,6727
04/04/2016 02:30;1,2484;1,2477;0,10798;0,10795;0,6732;0,6728
04/04/2016 02:45;1,2485;1,2478;0,10801;0,10798;0,6732;0,6727
04/04/2016 03:00;1,2485;1,248;0,108;0,10798;0,6729;0,6726
04/04/2016 03:15;1,2483;1,2478;0,108;0,10798;0,673;0,6726
04/04/2016 03:30;1,248;1,2474;0,10799;0,10798;0,6728;0,6721
04/04/2016 03:45;1,2483;1,2476;0,10799;0,10798;0,6724;0,672
04/04/2016 04:00;1,2482;1,2479;0,10799;0,10796;0,6727;0,6721
04/04/2016 04:15;1,2487;1,2482;0,10798;0,10797;0,673;0,6727
04/04/2016 04:30;1,2487;1,2483;0,10798;0,10797;0,6728;0,6725
04/04/2016 04:45;1,249;1,2482;0,10798;0,10798;0,673;0,6724
04/04/2016 05:00;1,2494;1,2489;0,10799;0,10797;0,6731;0,6729
04/04/2016 05:15;1,2497;1,249;0,10799;0,10798;0,6735;0,673
04/04/2016 05:30;1,2495;1,2487;0,10799;0,10798;0,6735;0,6729
04/04/2016 05:45;1,249;1,2487;0,10798;0,10798;0,6734;0,6731
04/04/2016 06:00;1,2493;1,2488;0,10799;0,10798;0,6736;0,6732
04/04/2016 06:15;1,2492;1,249;0,10799;0,10794;0,6732;0,6729
04/04/2016 06:30;1,2496;1,2491;0,10796;0,10795;0,6733;0,6729
04/04/2016 06:45;1,2496;1,2488;0,10797;0,10795;0,6733;0,6728
04/04/2016 07:00;1,2496;1,2492;0,10798;0,10795;0,6733;0,6731
04/04/2016 07:15;1,2495;1,2489;0,10798;0,10792;0,6734;0,673
04/04/2016 07:30;1,2492;1,2488;0,10798;0,10795;0,6733;0,6728
04/04/2016 07:45;1,2488;1,2484;0,10797;0,10792;0,6728;0,6726
04/04/2016 08:00;1,2486;1,2474;0,10801;0,10795;0,673;0,6723
04/04/2016 08:15;1,2492;1,248;0,10805;0,10797;0,6729;0,6725
04/04/2016 08:30;1,249;1,2477;0,10799;0,10792;0,6727;0,672
04/04/2016 08:45;1,2495;1,2481;0,10802;0,10796;0,6733;0,6724
04/04/2016 09:00;1,2502;1,2481;0,10805;0,10798;0,673;0,6722
04/04/2016 09:15;1,2487;1,2477;0,1081;0,10803;0,6723;0,6719
04/04/2016 09:30;1,2487;1,2475;0,10809;0,10805;0,6725;0,6718
04/04/2016 09:45;1,2495;1,2485;0,10812;0,10807;0,6727;0,6723
04/04/2016 10:00;1,2507;1,249;0,10807;0,10797;0,6727;0,6722
04/04/2016 10:15;1,2506;1,2491;0,10816;0,108;0,6732;0,6727
04/04/2016 10:30;1,2511;1,2492;0,10816;0,10811;0,6735;0,6731
04/04/2016 10:45;1,2494;1,2481;0,10814;0,10811;0,6734;0,6731
04/04/2016 11:00;1,2501;1,2482;0,10816;0,10812;0,6739;0,6733
04/04/2016 11:15;1,2505;1,2493;0,10816;0,10813;0,6738;0,6735
04/04/2016 11:30;1,2528;1,2504;0,10815;0,10812;0,6741;0,6735
04/04/2016 11:45;1,253;1,2517;0,10814;0,10806;0,6743;0,6737
04/04/2016 12:00;1,253;1,2514;0,10809;0,10804;0,6738;0,6732
04/04/2016 12:15;1,2527;1,2516;0,10809;0,10807;0,6734;0,673
04/04/2016 12:30;1,2525;1,2518;0,10812;0,10808;0,6733;0,6729
04/04/2016 12:45;1,2526;1,252;0,10814;0,1081;0,6736;0,6734
04/04/2016 13:00;1,2524;1,2518;0,10815;0,10812;0,6739;0,6735
04/04/2016 13:15;1,253;1,2521;0,10813;0,10808;0,6742;0,6736
04/04/2016 13:30;1,2547;1,253;0,10814;0,10809;0,6744;0,6739
04/04/2016 13:45;1,2545;1,2536;0,10814;0,10809;0,6745;0,6736
04/04/2016 14:00;1,2546;1,2536;0,10812;0,1081;0,6744;0,6741
04/04/2016 14:15;1,2556;1,2533;0,10813;0,10809;0,674;0,6735
04/04/2016 14:30;1,2561;1,2546;0,10812;0,10806;0,6737;0,6725
04/04/2016 14:45;1,2562;1,2555;0,10813;0,10807;0,673;0,6722
04/04/2016 15:00;1,2563;1,2553;0,10811;0,10807;0,6733;0,6728
04/04/2016 15:15;1,2554;1,254;0,10808;0,10805;0,673;0,6728
04/04/2016 15:30;1,2544;1,2527;0,1081;0,10807;0,6731;0,6722
04/04/2016 15:45;1,2536;1,2523;0,10813;0,10806;0,6733;0,6729
04/04/2016 16:00;1,2543;1,2528;0,10817;0,10805;0,6745;0,6731
04/04/2016 16:15;1,2556;1,254;0,10815;0,1081;0,6738;0,6732
04/04/2016 16:30;1,255;1,2538;0,10813;0,1081;0,6739;0,6735
04/04/2016 16:45;1,2558;1,2541;0,10814;0,1081;0,6741;0,6726
04/04/2016 17:00;1,2559;1,2548;0,10809;0,10803;0,6733;0,6725
04/04/2016 17:15;1,2555;1,254;0,1081;0,10806;0,6736;0,6729
04/04/2016 17:30;1,2543;1,2532;0,10812;0,10809;0,6733;0,6729
04/04/2016 17:45;1,254;1,2534;0,10812;0,10808;0,6738;0,6732
04/04/2016 18:00;1,2547;1,2538;0,10809;0,10807;0,6741;0,6738
04/04/2016 18:15;1,2539;1,2528;0,10808;0,10807;0,674;0,6733
04/04/2016 18:30;1,2535;1,2526;0,10807;0,10803;0,673;0,6727
04/04/2016 18:45;1,2532;1,2524;0,10805;0,10801;0,6731;0,6728
04/04/2016 19:00;1,2528;1,2524;0,10803;0,108;0,6731;0,6726
04/04/2016 19:15;1,2527;1,2521;0,10804;0,108;0,6728;0,6725
04/04/2016 19:30;1,2528;1,2521;0,10805;0,10802;0,6728;0,6724
04/04/2016 19:45;1,2533;1,2528;0,10805;0,10802;0,6728;0,6723
04/04/2016 20:00;1,2531;1,2525;0,10807;0,10805;0,6722;0,6714
04/04/2016 20:15;1,2527;1,2521;0,10802;0,10795;0,6714;0,671
04/04/2016 20:30;1,2528;1,2523;0,10798;0,10795;0,6714;0,6711
04/04/2016 20:45;1,2532;1,2525;0,10797;0,10796;0,6718;0,6713
04/04/2016 21:00;1,2534;1,253;0,10801;0,10797;0,6722;0,6717
04/04/2016 21:15;1,2533;1,2527;0,10804;0,10798;0,672;0,6717
04/04/2016 21:30;1,2529;1,2524;0,108;0,10797;0,672;0,6718
04/04/2016 21:45;1,2526;1,252;0,10807;0,10798;0,6718;0,6715
04/04/2016 22:00;1,2523;1,2519;0,10808;0,10806;0,6717;0,6712
04/04/2016 22:15;1,2521;1,2516;0,10806;0,10804;0,6712;0,6708
04/04/2016 22:30;1,2521;1,2517;0,10804;0,10804;0,671;0,6708
04/04/2016 22:45;1,2524;1,2519;0,10804;0,10801;0,671;0,6709
04/04/2016 23:00;1,2527;1,252;0,1081;0,10794;0,6711;0,6708
04/04/2016 23:15;1,2526;1,2518;0,10803;0,10796;0,671;0,6708
04/04/2016 23:30;1,2528;1,2519;0,10807;0,10797;0,6713;0,6708
04/04/2016 23:45;1,2527;1,2523;0,10802;0,10798;0,6712;0,6711
05/04/2016;1,253;1,2523;0,10801;0,10798;0,6715;0,6711
05/04/2016 00:15;1,2527;1,2522;0,10805;0,10799;0,6714;0,6712
05/04/2016 00:30;1,2525;1,2523;0,10805;0,10802;0,6714;0,6712
05/04/2016 00:45;1,2524;1,2522;0,10803;0,10802;0,6717;0,6713
05/04/2016 01:00;1,2524;1,2523;0,10803;0,10802;0,6717;0,6715
05/04/2016 01:15;1,2526;1,2522;0,10802;0,10802;0,6717;0,6714
05/04/2016 01:30;1,2525;1,2521;0,10802;0,10801;0,6718;0,6714
05/04/2016 01:45;1,2527;1,2523;0,10803;0,10802;0,6716;0,6715
05/04/2016 02:00;1,2527;1,2521;0,10805;0,10802;0,6717;0,6706
05/04/2016 02:15;1,2524;1,2517;0,10804;0,10804;0,6706;0,6701
05/04/2016 02:30;1,2526;1,252;0,10805;0,10804;0,6704;0,6699
05/04/2016 02:45;1,2526;1,2521;0,10806;0,10805;0,6701;0,6698
05/04/2016 03:00;1,2525;1,2522;0,10806;0,10805;0,6703;0,67
05/04/2016 03:15;1,2525;1,2519;0,10805;0,10805;0,6702;0,6699
05/04/2016 03:30;1,2521;1,2516;0,10805;0,10805;0,6699;0,6695
05/04/2016 03:45;1,2523;1,2516;0,10805;0,10804;0,67;0,6694
05/04/2016 04:00;1,252;1,2513;0,10805;0,10804;0,6697;0,6693
05/04/2016 04:15;1,2515;1,2512;0,10805;0,10804;0,6697;0,6694
05/04/2016 04:30;1,2514;1,2509;0,10805;0,10804;0,6696;0,6692
05/04/2016 04:45;1,2517;1,2509;0,10806;0,10805;0,6695;0,6693
05/04/2016 05:00;1,2518;1,2516;0,10805;0,10804;0,67;0,6694
05/04/2016 05:15;1,2522;1,2518;0,10806;0,10804;0,6703;0,67
05/04/2016 05:30;1,2523;1,252;0,10806;0,10804;0,6704;0,67
05/04/2016 05:45;1,2522;1,2519;0,10805;0,10802;0,6701;0,6699
05/04/2016 06:00;1,2523;1,2517;0,10807;0,10802;0,6706;0,67
05/04/2016 06:15;1,2525;1,2515;0,10806;0,10805;0,6708;0,6705
05/04/2016 06:30;1,252;1,2511;0,10807;0,10805;0,6712;0,6703
05/04/2016 06:45;1,2517;1,2512;0,10806;0,10805;0,6709;0,6706
05/04/2016 07:00;1,2518;1,2509;0,10807;0,10804;0,6707;0,6702
05/04/2016 07:15;1,2518;1,2511;0,10809;0,10805;0,6706;0,6703
05/04/2016 07:30;1,2516;1,2511;0,1081;0,10809;0,6708;0,6703
05/04/2016 07:45;1,2519;1,2512;0,1081;0,10809;0,6711;0,6707
05/04/2016 08:00;1,2527;1,251;0,1081;0,10808;0,671;0,6703
05/04/2016 08:15;1,2527;1,2509;0,10811;0,10809;0,6711;0,6704
05/04/2016 08:30;1,2515;1,2501;0,10812;0,10809;0,6707;0,6701
05/04/2016 08:45;1,2519;1,2503;0,10813;0,108;0,6708;0,6703
05/04/2016 09:00;1,2531;1,2504;0,1081;0,108;0,6711;0,6704
05/04/2016 09:15;1,253;1,2518;0,10811;0,10808;0,6711;0,6708
05/04/2016 09:30;1,253;1,2514;0,10816;0,10804;0,6711;0,6699
05/04/2016 09:45;1,2526;1,2516;0,10804;0,10794;0,6709;0,6701
05/04/2016 10:00;1,252;1,2504;0,10798;0,10789;0,6707;0,6699
05/04/2016 10:15;1,2522;1,2512;0,10795;0,10787;0,6707;0,6704
05/04/2016 10:30;1,2521;1,2503;0,10796;0,10789;0,6707;0,6702
05/04/2016 10:45;1,2522;1,251;0,10791;0,10789;0,6706;0,67
05/04/2016 11:00;1,2521;1,2509;0,10789;0,10786;0,6704;0,67
05/04/2016 11:15;1,2521;1,251;0,1079;0,10787;0,6707;0,6701
05/04/2016 11:30;1,2516;1,2501;0,10792;0,10788;0,6707;0,6696
05/04/2016 11:45;1,2516;1,2506;0,10794;0,10791;0,6701;0,6695
05/04/2016 12:00;1,2521;1,2508;0,10798;0,10791;0,67;0,6694
05/04/2016 12:15;1,252;1,2511;0,10798;0,10795;0,6698;0,6692
05/04/2016 12:30;1,252;1,2513;0,108;0,10795;0,6697;0,6692
05/04/2016 12:45;1,252;1,2505;0,108;0,10798;0,6697;0,6694
05/04/2016 13:00;1,2512;1,25;0,10802;0,10798;0,6697;0,669
05/04/2016 13:15;1,2515;1,2506;0,10804;0,10797;0,6696;0,6692
05/04/2016 13:30;1,2508;1,2494;0,10804;0,108;0,6692;0,668
05/04/2016 13:45;1,2496;1,2482;0,10803;0,108;0,6686;0,668
05/04/2016 14:00;1,2488;1,2472;0,10804;0,108;0,6681;0,6678
05/04/2016 14:15;1,2476;1,2469;0,10804;0,108;0,668;0,6677
05/04/2016 14:30;1,2477;1,2462;0,10798;0,10794;0,6674;0,6655
05/04/2016 14:45;1,248;1,2467;0,10793;0,10792;0,6666;0,6656
05/04/2016 15:00;1,2491;1,2474;0,10802;0,10792;0,6674;0,6664
05/04/2016 15:15;1,2492;1,2481;0,10798;0,10794;0,6673;0,6666
05/04/2016 15:30;1,2484;1,2469;0,10802;0,10796;0,6672;0,6665
05/04/2016 15:45;1,2476;1,2466;0,10805;0,10795;0,6669;0,6664
05/04/2016 16:00;1,247;1,2452;0,10806;0,10801;0,6682;0,6667
05/04/2016 16:15;1,2458;1,2449;0,10803;0,10799;0,6682;0,6675
05/04/2016 16:30;1,2457;1,2438;0,10802;0,10798;0,6681;0,6669
05/04/2016 16:45;1,2447;1,2423;0,10797;0,10791;0,6671;0,6667
05/04/2016 17:00;1,2433;1,2419;0,10795;0,10791;0,6679;0,6668
05/04/2016 17:15;1,2435;1,2426;0,10797;0,10791;0,668;0,6676
05/04/2016 17:30;1,2438;1,2427;0,10797;0,1079;0,668;0,6672
05/04/2016 17:45;1,2438;1,2418;0,10796;0,10791;0,6672;0,6666
05/04/2016 18:00;1,244;1,2427;0,10795;0,10792;0,6674;0,6668
05/04/2016 18:15;1,243;1,2415;0,10795;0,10788;0,6671;0,6661
05/04/2016 18:30;1,2427;1,2419;0,10789;0,10788;0,6665;0,6658
05/04/2016 18:45;1,243;1,2421;0,10792;0,10787;0,6664;0,6661
05/04/2016 19:00;1,2429;1,2422;0,10795;0,1079;0,6663;0,6658
05/04/2016 19:15;1,2427;1,2424;0,10796;0,10795;0,6666;0,6661
05/04/2016 19:30;1,2429;1,2423;0,10796;0,10795;0,6667;0,6662
05/04/2016 19:45;1,243;1,2422;0,10794;0,10794;0,6667;0,6662
05/04/2016 20:00;1,2426;1,2421;0,10796;0,10794;0,6666;0,6662
05/04/2016 20:15;1,2426;1,2423;0,10797;0,10796;0,6668;0,6661
05/04/2016 20:30;1,2432;1,2425;0,10798;0,10797;0,6674;0,6668
05/04/2016 20:45;1,2439;1,2428;0,10801;0,10798;0,668;0,6673
05/04/2016 21:00;1,2434;1,2429;0,10803;0,108;0,6681;0,6677
05/04/2016 21:15;1,2433;1,243;0,10803;0,10802;0,6679;0,6677
05/04/2016 21:30;1,2436;1,243;0,10804;0,10803;0,6681;0,6676
05/04/2016 21:45;1,2441;1,2431;0,10803;0,108;0,6678;0,6675
05/04/2016 22:00;1,2436;1,2431;0,10804;0,10799;0,6675;0,6673
05/04/2016 22:15;1,2436;1,2434;0,10804;0,10804;0,6677;0,6674
05/04/2016 22:30;1,244;1,2434;0,10806;0,10804;0,6685;0,6677
05/04/2016 22:45;1,2441;1,2435;0,10805;0,10801;0,6688;0,6685
05/04/2016 23:00;1,2441;1,2436;0,10804;0,108;0,6686;0,6685
05/04/2016 23:15;1,244;1,2437;0,10805;0,10803;0,6688;0,6685
05/04/2016 23:30;1,2442;1,2438;0,10808;0,10804;0,6688;0,6686
05/04/2016 23:45;1,2442;1,2437;0,10808;0,10805;0,6689;0,6687
06/04/2016;1,2441;1,2438;0,10806;0,10805;0,6687;0,6684
06/04/2016 00:15;1,2439;1,2436;0,10806;0,10805;0,6686;0,6685
06/04/2016 00:30;1,244;1,2436;0,10806;0,10803;0,6687;0,6683
06/04/2016 00:45;1,244;1,2435;0,10804;0,10803;0,6687;0,6684
06/04/2016 01:00;1,2437;1,2433;0,10803;0,10803;0,6685;0,6684
06/04/2016 01:15;1,244;1,2436;0,10804;0,10803;0,6687;0,6683
06/04/2016 01:30;1,2442;1,2435;0,10803;0,10803;0,6687;0,6685
06/04/2016 01:45;1,2439;1,2431;0,10803;0,10803;0,6686;0,6683
06/04/2016 02:00;1,2442;1,2437;0,10803;0,10803;0,669;0,6685
06/04/2016 02:15;1,2441;1,2437;0,10804;0,10803;0,6694;0,6689
06/04/2016 02:30;1,244;1,2436;0,10804;0,10803;0,6693;0,6691
06/04/2016 02:45;1,2437;1,2431;0,10803;0,10802;0,6691;0,6687
06/04/2016 03:00;1,2434;1,2429;0,10802;0,10802;0,6688;0,6685
06/04/2016 03:15;1,2431;1,2429;0,10806;0,10802;0,6687;0,6685
06/04/2016 03:30;1,2435;1,2429;0,10806;0,10806;0,669;0,6688
06/04/2016 03:45;1,2448;1,2434;0,10808;0,10807;0,6696;0,6689
06/04/2016 04:00;1,245;1,2444;0,10808;0,10808;0,6697;0,6694
06/04/2016 04:15;1,2455;1,2447;0,10809;0,10807;0,67;0,6696
06/04/2016 04:30;1,2455;1,2445;0,10809;0,10807;0,67;0,6695
06/04/2016 04:45;1,2459;1,245;0,10809;0,10808;0,6699;0,6696
06/04/2016 05:00;1,2453;1,2449;0,10808;0,10807;0,6699;0,6695
06/04/2016 05:15;1,2458;1,2452;0,10809;0,10808;0,67;0,6698
06/04/2016 05:30;1,2458;1,2452;0,1081;0,10809;0,6699;0,6697
06/04/2016 05:45;1,2459;1,2455;0,1081;0,10809;0,6701;0,6698
06/04/2016 06:00;1,2458;1,2449;0,1081;0,10808;0,6702;0,67
06/04/2016 06:15;1,2456;1,2449;0,10809;0,10808;0,6701;0,6699
06/04/2016 06:30;1,2459;1,2452;0,10809;0,10808;0,67;0,6699
06/04/2016 06:45;1,2458;1,2455;0,10809;0,10808;0,67;0,6699
06/04/2016 07:00;1,2457;1,2455;0,10809;0,10807;0,67;0,6699
06/04/2016 07:15;1,2457;1,2451;0,10807;0,10806;0,67;0,6698
06/04/2016 07:30;1,2457;1,2452;0,10807;0,10803;0,67;0,6697
06/04/2016 07:45;1,2456;1,245;0,10811;0,10804;0,6699;0,6697
06/04/2016 08:00;1,2452;1,2441;0,10809;0,10807;0,6702;0,6698
06/04/2016 08:15;1,2452;1,2445;0,10814;0,10809;0,6704;0,6698
06/04/2016 08:30;1,2454;1,243;0,10822;0,10814;0,6699;0,6695
06/04/2016 08:45;1,2446;1,2429;0,10823;0,10815;0,6701;0,6695
06/04/2016 09:00;1,2452;1,2438;0,10821;0,10819;0,67;0,6685
06/04/2016 09:15;1,2447;1,2438;0,10818;0,10809;0,669;0,6686
06/04/2016 09:30;1,2463;1,2443;0,10814;0,1081;0,6703;0,6687
06/04/2016 09:45;1,2461;1,2446;0,10816;0,10812;0,6705;0,6696
06/04/2016 10:00;1,2452;1,244;0,10813;0,1081;0,6699;0,669
06/04/2016 10:15;1,2442;1,2429;0,10814;0,10809;0,6694;0,6685
06/04/2016 10:30;1,2435;1,2423;0,1081;0,10807;0,6694;0,6692
06/04/2016 10:45;1,244;1,243;0,1081;0,10804;0,6696;0,6692
06/04/2016 11:00;1,2437;1,2424;0,1081;0,10806;0,6698;0,6689
06/04/2016 11:15;1,244;1,2424;0,10809;0,10807;0,6694;0,669
06/04/2016 11:30;1,2435;1,2424;0,10809;0,10803;0,669;0,6686
06/04/2016 11:45;1,2436;1,2422;0,10803;0,10798;0,669;0,6687
06/04/2016 12:00;1,2429;1,2423;0,10803;0,10791;0,6692;0,6688
06/04/2016 12:15;1,2428;1,2412;0,10802;0,10795;0,669;0,6685
06/04/2016 12:30;1,2418;1,2411;0,108;0,10796;0,6688;0,6686
06/04/2016 12:45;1,242;1,2395;0,10796;0,1079;0,6688;0,6684
06/04/2016 13:00;1,2406;1,2396;0,10798;0,10791;0,6688;0,6683
06/04/2016 13:15;1,2407;1,2377;0,10797;0,10794;0,6696;0,6687
06/04/2016 13:30;1,2391;1,237;0,108;0,1079;0,6695;0,6691
06/04/2016 13:45;1,2377;1,2355;0,10793;0,10788;0,6698;0,6691
06/04/2016 14:00;1,2376;1,2356;0,10796;0,1079;0,6708;0,6696
06/04/2016 14:15;1,2376;1,2365;0,10795;0,10788;0,6705;0,6701
06/04/2016 14:30;1,2376;1,2363;0,10792;0,10787;0,6701;0,669
06/04/2016 14:45;1,2366;1,2351;0,1079;0,10774;0,6689;0,6677
06/04/2016 15:00;1,2366;1,2351;0,10776;0,10759;0,6681;0,6675
06/04/2016 15:15;1,2355;1,2338;0,1077;0,10763;0,6679;0,6672
06/04/2016 15:30;1,2358;1,2344;0,10769;0,10758;0,6676;0,6669
06/04/2016 15:45;1,236;1,2347;0,10771;0,10756;0,6678;0,6672
06/04/2016 16:00;1,2374;1,2358;0,10761;0,10759;0,6676;0,667
06/04/2016 16:15;1,2375;1,2359;0,10768;0,10757;0,6672;0,6663
06/04/2016 16:30;1,2385;1,237;0,10769;0,10766;0,6688;0,6669
06/04/2016 16:45;1,239;1,2378;0,10785;0,1077;0,6694;0,6685
06/04/2016 17:00;1,2403;1,2384;0,10789;0,10776;0,6696;0,6689
06/04/2016 17:15;1,2396;1,2381;0,10776;0,10766;0,6694;0,6685
06/04/2016 17:30;1,2399;1,238;0,10767;0,10755;0,6697;0,6689
06/04/2016 17:45;1,2397;1,2382;0,10757;0,10749;0,6698;0,6692
06/04/2016 18:00;1,2399;1,2386;0,10758;0,10746;0,6694;0,6689
06/04/2016 18:15;1,2403;1,2389;0,10761;0,10748;0,6696;0,6689
06/04/2016 18:30;1,2393;1,2385;0,10749;0,10743;0,6691;0,6689
06/04/2016 18:45;1,2391;1,2377;0,1076;0,10748;0,6692;0,6684
06/04/2016 19:00;1,2384;1,2377;0,10762;0,10754;0,669;0,6684
06/04/2016 19:15;1,2381;1,2374;0,10759;0,10757;0,669;0,6686
06/04/2016 19:30;1,2383;1,2379;0,10763;0,10757;0,6692;0,6686
06/04/2016 19:45;1,2386;1,2375;0,10762;0,10756;0,6695;0,6686
06/04/2016 20:00;1,2396;1,2372;0,10766;0,10761;0,669;0,6684
06/04/2016 20:15;1,2378;1,2372;0,10763;0,10762;0,6691;0,6685
06/04/2016 20:30;1,2383;1,2374;0,10768;0,10764;0,6689;0,6684
06/04/2016 20:45;1,2387;1,238;0,10769;0,10767;0,6689;0,6685
06/04/2016 21:00;1,2384;1,2376;0,10769;0,10767;0,6691;0,6687
06/04/2016 21:15;1,2386;1,2379;0,1077;0,10768;0,6692;0,6689
06/04/2016 21:30;1,2387;1,2382;0,10767;0,10763;0,6696;0,669
06/04/2016 21:45;1,2393;1,2386;0,1077;0,10764;0,6705;0,6696
06/04/2016 22:00;1,2389;1,2385;0,10771;0,1077;0,6702;0,6698
06/04/2016 22:15;1,2392;1,2386;0,1077;0,10768;0,67;0,6698
06/04/2016 22:30;1,2392;1,2389;0,1077;0,10768;0,67;0,6696
06/04/2016 22:45;1,2393;1,2388;0,10774;0,10767;0,6702;0,6696
06/04/2016 23:00;1,2392;1,2387;0,10776;0,10755;0,6702;0,67
06/04/2016 23:15;1,2393;1,2389;0,10768;0,10762;0,6702;0,6701
06/04/2016 23:30;1,2394;1,239;0,10767;0,1076;0,6702;0,67
06/04/2016 23:45;1,2395;1,2391;0,10769;0,10763;0,6703;0,67
07/04/2016;1,2397;1,2389;0,10773;0,10767;0,6701;0,6698
07/04/2016 00:15;1,2399;1,2392;0,10771;0,10769;0,6702;0,67
07/04/2016 00:30;1,2399;1,2391;0,1077;0,10758;0,6703;0,6701
07/04/2016 00:45;1,2397;1,2394;0,10763;0,10761;0,6703;0,6701
07/04/2016 01:00;1,2398;1,2395;0,10763;0,1076;0,6705;0,6703
07/04/2016 01:15;1,2397;1,2394;0,10765;0,10761;0,6707;0,6704
07/04/2016 01:30;1,2399;1,2395;0,10764;0,10759;0,6707;0,6705
07/04/2016 01:45;1,2398;1,2392;0,10763;0,10758;0,6706;0,6703
07/04/2016 02:00;1,2398;1,2392;0,10767;0,10761;0,6706;0,6701
07/04/2016 02:15;1,2397;1,2392;0,1077;0,10765;0,6706;0,6704
07/04/2016 02:30;1,2397;1,2393;0,10769;0,10767;0,6709;0,6705
07/04/2016 02:45;1,2398;1,2387;0,10768;0,10764;0,6709;0,6702
07/04/2016 03:00;1,2393;1,2387;0,10768;0,1076;0,6708;0,6701
07/04/2016 03:15;1,2397;1,2389;0,10767;0,10759;0,6711;0,6705
07/04/2016 03:30;1,2395;1,2387;0,10763;0,10761;0,671;0,6705
07/04/2016 03:45;1,2391;1,2386;0,10763;0,10761;0,6708;0,6704
07/04/2016 04:00;1,2393;1,2386;0,10766;0,10763;0,6709;0,6707
07/04/2016 04:15;1,2387;1,2379;0,10766;0,10765;0,6711;0,6707
07/04/2016 04:30;1,2383;1,2376;0,10766;0,10764;0,6709;0,6708
07/04/2016 04:45;1,2387;1,238;0,10767;0,10765;0,671;0,6707
07/04/2016 05:00;1,2386;1,2377;0,10767;0,10766;0,671;0,6704
07/04/2016 05:15;1,2385;1,2378;0,10767;0,10766;0,6705;0,6702
07/04/2016 05:30;1,238;1,2375;0,10766;0,10765;0,6707;0,6703
07/04/2016 05:45;1,2382;1,2378;0,10767;0,10765;0,6708;0,6706
07/04/2016 06:00;1,2384;1,2381;0,10767;0,10765;0,671;0,6709
07/04/2016 06:15;1,2382;1,2379;0,10766;0,10764;0,6711;0,6708
07/04/2016 06:30;1,238;1,2376;0,10765;0,10764;0,6711;0,6708
07/04/2016 06:45;1,2381;1,2376;0,10765;0,10762;0,6711;0,6707
07/04/2016 07:00;1,2383;1,2377;0,10764;0,10756;0,6718;0,671
07/04/2016 07:15;1,2386;1,2382;0,10761;0,10756;0,672;0,6714
07/04/2016 07:30;1,2392;1,2382;0,1076;0,10756;0,6718;0,6716
07/04/2016 07:45;1,2394;1,2387;0,10759;0,10756;0,6718;0,6716
07/04/2016 08:00;1,2393;1,2382;0,10762;0,10759;0,672;0,6714
07/04/2016 08:15;1,2392;1,2369;0,10763;0,10759;0,6717;0,6711
07/04/2016 08:30;1,2372;1,2343;0,10763;0,10756;0,6712;0,6705
07/04/2016 08:45;1,2347;1,233;0,10765;0,1076;0,671;0,6703
07/04/2016 09:00;1,2342;1,2324;0,10764;0,10759;0,6707;0,6703
07/04/2016 09:15;1,2341;1,2329;0,1077;0,10762;0,671;0,6704
07/04/2016 09:30;1,2345;1,2319;0,10772;0,10764;0,6715;0,6701
07/04/2016 09:45;1,2353;1,234;0,1077;0,10765;0,6714;0,6709
07/04/2016 10:00;1,2357;1,2348;0,10768;0,10764;0,6716;0,671
07/04/2016 10:15;1,2389;1,2355;0,10773;0,10766;0,6729;0,6715
07/04/2016 10:30;1,2386;1,237;0,10775;0,10768;0,6729;0,672
07/04/2016 10:45;1,2374;1,2361;0,1077;0,10763;0,672;0,6714
07/04/2016 11:00;1,2369;1,2347;0,10769;0,10766;0,6716;0,6712
07/04/2016 11:15;1,2355;1,2341;0,1077;0,10753;0,6713;0,67
07/04/2016 11:30;1,2348;1,2331;0,10758;0,10751;0,6699;0,6689
07/04/2016 11:45;1,2352;1,2341;0,10765;0,10757;0,6705;0,6695
07/04/2016 12:00;1,2356;1,2341;0,10769;0,10759;0,6701;0,6692
07/04/2016 12:15;1,2357;1,235;0,10776;0,10766;0,6702;0,6696
07/04/2016 12:30;1,238;1,2352;0,10783;0,10772;0,6712;0,6698
07/04/2016 12:45;1,2378;1,2371;0,10781;0,10772;0,6712;0,6706
07/04/2016 13:00;1,238;1,2367;0,10782;0,10772;0,6712;0,6704
07/04/2016 13:15;1,2386;1,2372;0,10794;0,10777;0,671;0,67
07/04/2016 13:30;1,2384;1,2371;0,10797;0,10788;0,6703;0,6695
07/04/2016 13:45;1,2389;1,2376;0,10797;0,1079;0,6706;0,6697
07/04/2016 14:00;1,2389;1,2379;0,10802;0,10795;0,6709;0,6699
07/04/2016 14:15;1,2391;1,2382;0,10802;0,10794;0,6714;0,6707
07/04/2016 14:30;1,2389;1,238;0,10805;0,10794;0,6715;0,6707
07/04/2016 14:45;1,2389;1,2378;0,10811;0,108;0,6713;0,6705
07/04/2016 15:00;1,2415;1,2382;0,10811;0,10801;0,6722;0,6705
07/04/2016 15:15;1,2422;1,2401;0,10821;0,1081;0,6717;0,6703
07/04/2016 15:30;1,2429;1,2398;0,10817;0,10811;0,6713;0,67
07/04/2016 15:45;1,2429;1,2415;0,10812;0,10803;0,6715;0,6703
07/04/2016 16:00;1,2424;1,2406;0,10804;0,10794;0,6707;0,6699
07/04/2016 16:15;1,2407;1,2397;0,10795;0,10781;0,6698;0,669
07/04/2016 16:30;1,2401;1,2389;0,10784;0,10778;0,669;0,6684
07/04/2016 16:45;1,24;1,2386;0,10784;0,10771;0,6685;0,6673
07/04/2016 17:00;1,2392;1,2362;0,10778;0,10772;0,6677;0,6664
07/04/2016 17:15;1,2373;1,2363;0,10773;0,10764;0,6671;0,6659
07/04/2016 17:30;1,2379;1,2364;0,10781;0,10765;0,6678;0,6662
07/04/2016 17:45;1,2376;1,2366;0,10775;0,1077;0,6677;0,6672
07/04/2016 18:00;1,2374;1,2365;0,10774;0,10772;0,6673;0,6669
07/04/2016 18:15;1,2372;1,2362;0,10775;0,10773;0,6674;0,6669
07/04/2016 18:30;1,2374;1,2365;0,10775;0,10774;0,6677;0,667
07/04/2016 18:45;1,2372;1,2365;0,10775;0,10771;0,6676;0,6672
07/04/2016 19:00;1,2366;1,235;0,10772;0,10765;0,6678;0,6671
07/04/2016 19:15;1,2375;1,2361;0,1077;0,10766;0,6687;0,6678
07/04/2016 19:30;1,2375;1,2369;0,1077;0,10767;0,6691;0,6685
07/04/2016 19:45;1,2373;1,2359;0,10769;0,10761;0,669;0,6676
07/04/2016 20:00;1,2364;1,2358;0,10768;0,10761;0,6679;0,6675
07/04/2016 20:15;1,2366;1,2361;0,1077;0,10765;0,6684;0,6676
07/04/2016 20:30;1,2367;1,2362;0,10768;0,10766;0,6686;0,6683
07/04/2016 20:45;1,2364;1,2352;0,10768;0,10766;0,6684;0,6682
07/04/2016 21:00;1,2363;1,2355;0,10769;0,10766;0,669;0,6682
07/04/2016 21:15;1,2364;1,2357;0,10771;0,10767;0,6695;0,6688
07/04/2016 21:30;1,2365;1,236;0,10771;0,10768;0,6696;0,6691
07/04/2016 21:45;1,2367;1,2359;0,10769;0,10768;0,6694;0,669
07/04/2016 22:00;1,2366;1,2358;0,10769;0,10766;0,6692;0,669
07/04/2016 22:15;1,2361;1,2358;0,10765;0,10762;0,669;0,6686
07/04/2016 22:30;1,236;1,2356;0,10763;0,10761;0,6688;0,6685
07/04/2016 22:45;1,2362;1,2352;0,10762;0,10759;0,6686;0,6683
07/04/2016 23:00;1,2358;1,2352;0,1076;0,10759;0,6686;0,6683
07/04/2016 23:15;1,2357;1,2353;0,1076;0,10758;0,6685;0,6683
07/04/2016 23:30;1,2357;1,2354;0,1076;0,10759;0,6684;0,6681
07/04/2016 23:45;1,2362;1,2356;0,10774;0,10758;0,6686;0,6683
08/04/2016;1,2361;1,2354;0,10773;0,10764;0,6688;0,6684
08/04/2016 00:15;1,2361;1,2357;0,10768;0,10765;0,6689;0,6685
08/04/2016 00:30;1,2362;1,2356;0,10768;0,10766;0,669;0,6687
08/04/2016 00:45;1,236;1,2356;0,10768;0,10767;0,6688;0,6686
08/04/2016 01:00;1,2362;1,2357;0,10768;0,10767;0,669;0,6688
08/04/2016 01:15;1,2362;1,2357;0,10772;0,10767;0,6691;0,669
08/04/2016 01:30;1,2363;1,2357;0,10773;0,10767;0,6693;0,669
08/04/2016 01:45;1,2365;1,236;0,10771;0,10768;0,6693;0,6691
08/04/2016 02:00;1,2367;1,2359;0,10773;0,1077;0,6699;0,6693
08/04/2016 02:15;1,237;1,2364;0,10772;0,10771;0,6699;0,6696
08/04/2016 02:30;1,237;1,2363;0,10772;0,10771;0,6696;0,6693
08/04/2016 02:45;1,2371;1,2359;0,10776;0,10769;0,6698;0,6692
08/04/2016 03:00;1,237;1,2364;0,10771;0,10767;0,67;0,6697
08/04/2016 03:15;1,2375;1,2366;0,10768;0,10767;0,6703;0,6699
08/04/2016 03:30;1,2384;1,2374;0,10769;0,10767;0,6705;0,6702
08/04/2016 03:45;1,2385;1,2381;0,10772;0,10767;0,6712;0,6705
08/04/2016 04:00;1,2383;1,2377;0,10772;0,1077;0,6711;0,6708
08/04/2016 04:15;1,238;1,2373;0,10771;0,10769;0,671;0,6707
08/04/2016 04:30;1,2383;1,2377;0,10772;0,1077;0,6715;0,6709
08/04/2016 04:45;1,238;1,2376;0,1077;0,10768;0,6714;0,6712
08/04/2016 05:00;1,238;1,2377;0,10768;0,10767;0,6715;0,6712
08/04/2016 05:15;1,2377;1,2374;0,10768;0,10767;0,6715;0,6712
08/04/2016 05:30;1,2378;1,2373;0,10768;0,10767;0,6714;0,6712
08/04/2016 05:45;1,2376;1,2373;0,10768;0,10767;0,6713;0,671
08/04/2016 06:00;1,2376;1,2373;0,10768;0,10766;0,6714;0,6712
08/04/2016 06:15;1,2381;1,2375;0,10767;0,10767;0,6717;0,6714
08/04/2016 06:30;1,2379;1,2376;0,10767;0,10766;0,6717;0,6714
08/04/2016 06:45;1,2382;1,2378;0,10767;0,10766;0,6717;0,6715
08/04/2016 07:00;1,2385;1,238;0,10767;0,10766;0,6719;0,6715
08/04/2016 07:15;1,2383;1,2376;0,10768;0,10767;0,6719;0,6716
08/04/2016 07:30;1,2384;1,2375;0,10768;0,10767;0,6718;0,6713
08/04/2016 07:45;1,2383;1,2374;0,1077;0,10767;0,6714;0,6711
08/04/2016 08:00;1,2383;1,2374;0,10777;0,10769;0,6715;0,6708
08/04/2016 08:15;1,2379;1,237;0,10776;0,10773;0,6715;0,6708
08/04/2016 08:30;1,2379;1,2369;0,10777;0,10775;0,6715;0,6708
08/04/2016 08:45;1,2372;1,2356;0,1078;0,10776;0,6713;0,6705
08/04/2016 09:00;1,2395;1,2364;0,10789;0,10779;0,6726;0,6713
08/04/2016 09:15;1,2397;1,2385;0,1079;0,10783;0,6727;0,6723
08/04/2016 09:30;1,2421;1,2385;0,1079;0,10781;0,6723;0,6715
08/04/2016 09:45;1,2427;1,2408;0,10783;0,10776;0,6721;0,6713
08/04/2016 10:00;1,2417;1,2406;0,10777;0,10772;0,6717;0,6711
08/04/2016 10:15;1,2415;1,2402;0,10775;0,10766;0,6718;0,6711
08/04/2016 10:30;1,2406;1,2377;0,1077;0,10765;0,6717;0,671
08/04/2016 10:45;1,2389;1,2377;0,1077;0,10764;0,6711;0,6706
08/04/2016 11:00;1,2391;1,2364;0,10766;0,10761;0,6713;0,6702
08/04/2016 11:15;1,2382;1,2366;0,10766;0,10762;0,6711;0,6702
08/04/2016 11:30;1,2373;1,2366;0,10764;0,10759;0,6715;0,6709
08/04/2016 11:45;1,2378;1,2368;0,10764;0,10757;0,6718;0,6713
08/04/2016 12:00;1,2385;1,2367;0,10764;0,10756;0,672;0,6717
08/04/2016 12:15;1,2378;1,2366;0,10766;0,10758;0,6723;0,6717
08/04/2016 12:30;1,2374;1,2365;0,10771;0,10764;0,6724;0,672
08/04/2016 12:45;1,2378;1,2363;0,1077;0,10769;0,6728;0,6721
08/04/2016 13:00;1,2382;1,2375;0,1077;0,10762;0,6727;0,6724
08/04/2016 13:15;1,2384;1,2376;0,10768;0,10764;0,6726;0,6723
08/04/2016 13:30;1,2393;1,238;0,10769;0,10761;0,673;0,6723
08/04/2016 13:45;1,2395;1,2387;0,10765;0,10757;0,6735;0,6729
08/04/2016 14:00;1,2393;1,2386;0,10762;0,10757;0,6732;0,6725
08/04/2016 14:15;1,2401;1,2384;0,10765;0,10761;0,6734;0,6726
08/04/2016 14:30;1,2421;1,2399;0,10779;0,10766;0,6774;0,6744
08/04/2016 14:45;1,2412;1,2398;0,10781;0,10773;0,677;0,6763
08/04/2016 15:00;1,2403;1,2387;0,10774;0,10768;0,6765;0,6752
08/04/2016 15:15;1,2399;1,2381;0,10769;0,10766;0,6761;0,6745
08/04/2016 15:30;1,2387;1,2379;0,10769;0,10766;0,6749;0,6745
08/04/2016 15:45;1,2386;1,2371;0,10771;0,10768;0,675;0,674
08/04/2016 16:00;1,2376;1,2367;0,10775;0,10767;0,6758;0,674
08/04/2016 16:15;1,2376;1,2364;0,10775;0,1077;0,6761;0,6752
08/04/2016 16:30;1,2377;1,2367;0,10777;0,1077;0,6759;0,6752
08/04/2016 16:45;1,238;1,236;0,10776;0,10766;0,6761;0,6755
08/04/2016 17:00;1,239;1,2365;0,10778;0,10772;0,6768;0,6756
08/04/2016 17:15;1,2386;1,2374;0,10775;0,10771;0,6762;0,6753
08/04/2016 17:30;1,2376;1,2371;0,10771;0,10762;0,6757;0,675
08/04/2016 17:45;1,2373;1,2359;0,10765;0,10761;0,6751;0,6745
08/04/2016 18:00;1,2372;1,2363;0,10765;0,10761;0,6748;0,6742
08/04/2016 18:15;1,2379;1,2366;0,10763;0,10761;0,6747;0,674
08/04/2016 18:30;1,2381;1,2374;0,10769;0,10761;0,6749;0,674
08/04/2016 18:45;1,2382;1,2375;0,10769;0,10763;0,6753;0,6747
08/04/2016 19:00;1,2379;1,2373;0,10767;0,10761;0,6751;0,6745
08/04/2016 19:15;1,2379;1,2371;0,10762;0,10759;0,6748;0,6742
08/04/2016 19:30;1,2378;1,2371;0,1076;0,10755;0,6744;0,6741
08/04/2016 19:45;1,2384;1,2377;0,10758;0,10756;0,6746;0,6741
08/04/2016 20:00;1,2385;1,238;0,10758;0,10754;0,6751;0,6746
08/04/2016 20:15;1,2389;1,238;0,10757;0,10756;0,6755;0,675
08/04/2016 20:30;1,2388;1,2381;0,10757;0,10756;0,6754;0,6751
08/04/2016 20:45;1,2391;1,2383;0,10763;0,10756;0,6753;0,6751
08/04/2016 21:00;1,2397;1,2389;0,1076;0,10754;0,6754;0,6748
08/04/2016 21:15;1,2393;1,2389;0,10763;0,10755;0,675;0,6746
08/04/2016 21:30;1,2395;1,239;0,10762;0,10757;0,675;0,6747
08/04/2016 21:45;1,2394;1,239;0,10758;0,10756;0,675;0,6746
08/04/2016 22:00;1,2395;1,239;0,10763;0,10757;0,6749;0,6746
08/04/2016 22:15;1,2399;1,2393;0,10764;0,1076;0,6752;0,6746
08/04/2016 22:30;1,2399;1,2391;0,10764;0,10762;0,6755;0,675
08/04/2016 22:45;1,2404;1,2387;0,10762;0,10759;0,6757;0,6751
10/04/2016 21:00;1,2387;1,2375;0,10761;0,10761;0,6759;0,6751
10/04/2016 21:15;1,2376;1,2363;0,10762;0,1076;0,6748;0,6738
10/04/2016 21:30;1,237;1,2364;0,10762;0,10759;0,6748;0,6744
10/04/2016 21:45;1,2369;1,2365;0,10763;0,10759;0,6746;0,6744
10/04/2016 22:00;1,2368;1,2363;0,10764;0,10758;0,6746;0,6744
10/04/2016 22:15;1,2369;1,2367;0,10763;0,1076;0,6747;0,6746
10/04/2016 22:30;1,2368;1,2365;0,10763;0,10758;0,6746;0,6745
10/04/2016 22:45;1,2367;1,2364;0,10765;0,10759;0,6746;0,6746
10/04/2016 23:00;1,2375;1,2364;0,10763;0,10761;0,675;0,6745
10/04/2016 23:15;1,2382;1,2371;0,10762;0,1076;0,675;0,6745
10/04/2016 23:30;1,2376;1,2374;0,10763;0,1076;0,6747;0,6746
10/04/2016 23:45;1,2381;1,2376;0,10763;0,1076;0,6748;0,6744
11/04/2016;1,2387;1,2381;0,10762;0,10758;0,6751;0,6748
11/04/2016 00:15;1,2386;1,2383;0,10759;0,10757;0,6752;0,6749
11/04/2016 00:30;1,2387;1,2383;0,10758;0,10757;0,6754;0,675
11/04/2016 00:45;1,2388;1,2386;0,10759;0,10755;0,6755;0,6753
11/04/2016 01:00;1,2387;1,2381;0,1076;0,10758;0,6757;0,6751
11/04/2016 01:15;1,2387;1,2381;0,1076;0,10756;0,6753;0,6751
11/04/2016 01:30;1,2389;1,2385;0,10761;0,10759;0,6753;0,6751
11/04/2016 01:45;1,2392;1,2388;0,1076;0,10757;0,6756;0,6751
11/04/2016 02:00;1,2392;1,2388;0,1076;0,10757;0,6756;0,6751
11/04/2016 02:15;1,2392;1,2386;0,1076;0,10759;0,6755;0,6752
11/04/2016 02:30;1,239;1,2384;0,10761;0,10759;0,6754;0,6747
11/04/2016 02:45;1,2389;1,2381;0,1076;0,10759;0,6753;0,6745
11/04/2016 03:00;1,2389;1,2375;0,10761;0,10757;0,6751;0,6739
11/04/2016 03:15;1,2378;1,2368;0,1076;0,10758;0,6742;0,6737
11/04/2016 03:30;1,2375;1,2367;0,10759;0,10758;0,6739;0,6732
11/04/2016 03:45;1,2375;1,2362;0,10758;0,10758;0,6741;0,6732
11/04/2016 04:00;1,2373;1,2367;0,1076;0,10759;0,6743;0,6739
11/04/2016 04:15;1,2379;1,2371;0,10759;0,10758;0,6745;0,6741
11/04/2016 04:30;1,238;1,2373;0,10759;0,10757;0,6748;0,6742
11/04/2016 04:45;1,2387;1,238;0,1076;0,10758;0,6752;0,6746
11/04/2016 05:00;1,239;1,2382;0,10759;0,10757;0,6751;0,6748
11/04/2016 05:15;1,2387;1,2381;0,10758;0,10758;0,675;0,6746
11/04/2016 05:30;1,239;1,2382;0,10759;0,10758;0,6752;0,6748
11/04/2016 05:45;1,2387;1,2381;0,10758;0,10757;0,675;0,6747
11/04/2016 06:00;1,2385;1,2379;0,10758;0,10756;0,6751;0,6748
11/04/2016 06:15;1,2386;1,238;0,10757;0,10755;0,6751;0,6747
11/04/2016 06:30;1,2389;1,238;0,10756;0,10754;0,6749;0,6745
11/04/2016 06:45;1,2392;1,2387;0,10757;0,10754;0,6751;0,6748
11/04/2016 07:00;1,2395;1,2388;0,10757;0,10753;0,6756;0,6749
11/04/2016 07:15;1,2396;1,2392;0,10754;0,10753;0,6755;0,6752
11/04/2016 07:30;1,2393;1,2379;0,10756;0,10754;0,6753;0,6747
11/04/2016 07:45;1,2385;1,238;0,10755;0,10752;0,6752;0,6747
11/04/2016 08:00;1,2386;1,2377;0,10757;0,10755;0,6752;0,6744
11/04/2016 08:15;1,2382;1,2367;0,10758;0,10754;0,6746;0,6737
11/04/2016 08:30;1,2376;1,2364;0,10767;0,10754;0,6742;0,6734
11/04/2016 08:45;1,2388;1,2375;0,10777;0,10767;0,6748;0,6741
11/04/2016 09:00;1,2389;1,2374;0,10775;0,10771;0,6744;0,6737
11/04/2016 09:15;1,2379;1,2368;0,10774;0,10772;0,6741;0,6736
11/04/2016 09:30;1,2384;1,237;0,10777;0,10773;0,6746;0,6736
11/04/2016 09:45;1,2432;1,238;0,10784;0,10777;0,6771;0,6747
11/04/2016 10:00;1,2485;1,243;0,10786;0,10778;0,6767;0,6759
11/04/2016 10:15;1,2491;1,2469;0,1078;0,10773;0,6765;0,6756
11/04/2016 10:30;1,249;1,2461;0,10779;0,1077;0,6762;0,6758
11/04/2016 10:45;1,2479;1,246;0,1077;0,10764;0,6763;0,6754
11/04/2016 11:00;1,2472;1,2454;0,10773;0,1077;0,6758;0,6754
11/04/2016 11:15;1,2467;1,2453;0,10777;0,10772;0,6759;0,6754
11/04/2016 11:30;1,2482;1,2466;0,10776;0,10774;0,6764;0,6759
11/04/2016 11:45;1,2475;1,2465;0,10775;0,1077;0,6763;0,676
11/04/2016 12:00;1,2499;1,2472;0,10776;0,10773;0,6766;0,6757
11/04/2016 12:15;1,2504;1,249;0,10776;0,10772;0,6759;0,6756
11/04/2016 12:30;1,2505;1,249;0,10776;0,10772;0,6766;0,6758
11/04/2016 12:45;1,2507;1,2491;0,10775;0,10772;0,6767;0,6763
11/04/2016 13:00;1,2499;1,2488;0,10775;0,10768;0,6767;0,676
11/04/2016 13:15;1,2491;1,2477;0,1077;0,10766;0,6763;0,6757
11/04/2016 13:30;1,2488;1,248;0,10775;0,10767;0,6759;0,6756
11/04/2016 13:45;1,2499;1,2484;0,10774;0,1077;0,6763;0,6756
11/04/2016 14:00;1,2492;1,2485;0,10775;0,10773;0,6763;0,6756
11/04/2016 14:15;1,2491;1,2471;0,10775;0,10771;0,6759;0,6754
11/04/2016 14:30;1,2479;1,2467;0,10775;0,10769;0,6762;0,6755
11/04/2016 14:45;1,2486;1,2476;0,10776;0,1077;0,6772;0,6759
11/04/2016 15:00;1,2491;1,2472;0,1078;0,10774;0,6776;0,6768
11/04/2016 15:15;1,2495;1,2481;0,10784;0,10778;0,678;0,6769
11/04/2016 15:30;1,2493;1,2482;0,10791;0,10782;0,6782;0,6773
11/04/2016 15:45;1,2493;1,2468;0,1079;0,10788;0,678;0,6771
11/04/2016 16:00;1,2482;1,2468;0,10795;0,10788;0,6772;0,6767
11/04/2016 16:15;1,2474;1,2466;0,108;0,10796;0,6775;0,6771
11/04/2016 16:30;1,2482;1,2467;0,10798;0,10796;0,6775;0,6762
11/04/2016 16:45;1,248;1,2463;0,10796;0,10788;0,6768;0,6756
11/04/2016 17:00;1,2478;1,2463;0,10797;0,10785;0,6779;0,6767
11/04/2016 17:15;1,2484;1,2475;0,10801;0,10793;0,679;0,6779
11/04/2016 17:30;1,2481;1,2474;0,10801;0,10796;0,6788;0,6776
11/04/2016 17:45;1,2481;1,2467;0,10805;0,10798;0,6786;0,6777
11/04/2016 18:00;1,2481;1,2473;0,10806;0,10801;0,6791;0,6784
11/04/2016 18:15;1,2486;1,2477;0,10807;0,10805;0,6794;0,6787
11/04/2016 18:30;1,2478;1,2472;0,10807;0,10806;0,6788;0,6784
11/04/2016 18:45;1,2479;1,2472;0,10807;0,10806;0,6793;0,6784
11/04/2016 19:00;1,2482;1,2474;0,10806;0,10805;0,6793;0,6787
11/04/2016 19:15;1,2482;1,2476;0,10812;0,10806;0,6789;0,6784
11/04/2016 19:30;1,2487;1,2477;0,10811;0,1081;0,6792;0,6786
11/04/2016 19:45;1,2483;1,2478;0,10811;0,10809;0,6789;0,6787
11/04/2016 20:00;1,2479;1,2474;0,10809;0,10801;0,6793;0,6787
11/04/2016 20:15;1,2485;1,2477;0,10809;0,10807;0,6797;0,6791
11/04/2016 20:30;1,2489;1,2482;0,1081;0,10808;0,6798;0,6795
11/04/2016 20:45;1,2489;1,2478;0,1081;0,10809;0,6799;0,6795
11/04/2016 21:00;1,2481;1,2474;0,10812;0,10809;0,6805;0,6797
11/04/2016 21:15;1,2488;1,248;0,10812;0,10809;0,6803;0,6801
11/04/2016 21:30;1,2488;1,2484;0,10809;0,10808;0,6804;0,6799
11/04/2016 21:45;1,2486;1,2481;0,10809;0,10803;0,6803;0,6796
11/04/2016 22:00;1,2484;1,2477;0,10805;0,10803;0,6798;0,6796
11/04/2016 22:15;1,2485;1,248;0,10804;0,10803;0,6798;0,6796
11/04/2016 22:30;1,2483;1,248;0,10804;0,10801;0,6798;0,6796
11/04/2016 22:45;1,2483;1,2476;0,10805;0,10802;0,6798;0,6795
11/04/2016 23:00;1,2485;1,2476;0,10806;0,10799;0,6798;0,6795
11/04/2016 23:15;1,2485;1,2478;0,10802;0,10798;0,6798;0,6796
11/04/2016 23:30;1,2484;1,2476;0,10803;0,10799;0,6799;0,6797
11/04/2016 23:45;1,2484;1,248;0,10803;0,108;0,6799;0,6795
12/04/2016;1,2482;1,2476;0,10804;0,108;0,6796;0,6794
12/04/2016 00:15;1,2481;1,2473;0,10803;0,10802;0,6795;0,6792
12/04/2016 00:30;1,2474;1,2472;0,10803;0,10802;0,6793;0,6791
12/04/2016 00:45;1,2473;1,2469;0,10802;0,10801;0,6791;0,679
12/04/2016 01:00;1,2471;1,2467;0,10804;0,10801;0,6791;0,6789
12/04/2016 01:15;1,2474;1,2468;0,10804;0,10803;0,6789;0,6787
12/04/2016 01:30;1,2473;1,2469;0,10804;0,10803;0,6788;0,6786
12/04/2016 01:45;1,2474;1,247;0,10804;0,10803;0,6788;0,6786
12/04/2016 02:00;1,2479;1,2472;0,10804;0,10803;0,6789;0,6787
12/04/2016 02:15;1,2482;1,2478;0,10804;0,10804;0,6794;0,6789
12/04/2016 02:30;1,2484;1,248;0,10806;0,10804;0,6794;0,6789
12/04/2016 02:45;1,2484;1,2475;0,10806;0,10804;0,6793;0,6788
12/04/2016 03:00;1,2477;1,2472;0,10805;0,10803;0,6788;0,6785
12/04/2016 03:15;1,248;1,2473;0,10805;0,10803;0,6788;0,6785
12/04/2016 03:30;1,2482;1,2476;0,10805;0,10804;0,6793;0,6786
12/04/2016 03:45;1,2479;1,2474;0,10805;0,10804;0,6792;0,6787
12/04/2016 04:00;1,2477;1,247;0,10805;0,10803;0,6791;0,6789
12/04/2016 04:15;1,2479;1,2471;0,10805;0,10802;0,6791;0,6787
12/04/2016 04:30;1,248;1,2477;0,10805;0,10802;0,6792;0,679
12/04/2016 04:45;1,2477;1,2474;0,10804;0,10803;0,6791;0,6788
12/04/2016 05:00;1,2477;1,2475;0,10804;0,10801;0,679;0,6788
12/04/2016 05:15;1,2485;1,2476;0,10803;0,10801;0,6797;0,6789
12/04/2016 05:30;1,2488;1,2481;0,10804;0,10802;0,6798;0,6795
12/04/2016 05:45;1,2488;1,2481;0,10803;0,10802;0,6796;0,6794
12/04/2016 06:00;1,2483;1,248;0,10803;0,10801;0,6799;0,6794
12/04/2016 06:15;1,2488;1,2482;0,10804;0,10801;0,6801;0,6798
12/04/2016 06:30;1,2488;1,2484;0,10803;0,10801;0,6801;0,6797
12/04/2016 06:45;1,2487;1,2485;0,10803;0,10802;0,6799;0,6796
12/04/2016 07:00;1,2486;1,2481;0,10803;0,10801;0,6796;0,6794
12/04/2016 07:15;1,2482;1,248;0,10801;0,10798;0,6797;0,6794
12/04/2016 07:30;1,2483;1,248;0,10802;0,10798;0,6795;0,6793
12/04/2016 07:45;1,2483;1,2477;0,10803;0,10799;0,6793;0,6787
12/04/2016 08:00;1,2484;1,2471;0,1081;0,10804;0,6789;0,6784
12/04/2016 08:15;1,2474;1,2466;0,10811;0,10802;0,6786;0,6782
12/04/2016 08:30;1,2492;1,2472;0,10806;0,10798;0,679;0,6783
12/04/2016 08:45;1,2492;1,2485;0,10807;0,10796;0,6792;0,6788
12/04/2016 09:00;1,2496;1,2482;0,10809;0,10795;0,6799;0,6788
12/04/2016 09:15;1,2493;1,2476;0,10811;0,108;0,6795;0,679
12/04/2016 09:30;1,2483;1,247;0,10849;0,10829;0,6793;0,6788
12/04/2016 09:45;1,2489;1,247;0,10846;0,10832;0,6795;0,6787
12/04/2016 10:00;1,2473;1,2456;0,1084;0,10824;0,6791;0,678
12/04/2016 10:15;1,2476;1,2455;0,1086;0,10839;0,6785;0,6779
12/04/2016 10:30;1,2497;1,2474;0,10869;0,10852;0,6793;0,6786
12/04/2016 10:45;1,2507;1,249;0,10863;0,1086;0,6796;0,679
12/04/2016 11:00;1,2521;1,2493;0,10862;0,1085;0,6802;0,6796
12/04/2016 11:15;1,2529;1,2512;0,10858;0,10848;0,6803;0,6798
12/04/2016 11:30;1,2528;1,2517;0,10853;0,10847;0,6808;0,6803
12/04/2016 11:45;1,2534;1,2513;0,10853;0,10843;0,6809;0,6804
12/04/2016 12:00;1,2548;1,2527;0,10841;0,10835;0,6812;0,6808
12/04/2016 12:15;1,2561;1,2547;0,1084;0,10833;0,6812;0,6805
12/04/2016 12:30;1,2553;1,254;0,10843;0,10838;0,6809;0,6804
12/04/2016 12:45;1,2551;1,2542;0,10849;0,10843;0,6812;0,6804
12/04/2016 13:00;1,2555;1,2537;0,10859;0,10849;0,6816;0,6807
12/04/2016 13:15;1,255;1,2536;0,10862;0,10856;0,6814;0,6809
12/04/2016 13:30;1,2553;1,2543;0,10862;0,10854;0,6815;0,6809
12/04/2016 13:45;1,2552;1,2537;0,1086;0,10854;0,6817;0,681
12/04/2016 14:00;1,2541;1,2522;0,10856;0,10849;0,6814;0,6809
12/04/2016 14:15;1,2532;1,2518;0,10857;0,1085;0,6816;0,6811
12/04/2016 14:30;1,2521;1,2512;0,10863;0,10854;0,6822;0,6813
12/04/2016 14:45;1,2531;1,2515;0,10864;0,10861;0,6822;0,6817
12/04/2016 15:00;1,2531;1,2518;0,10867;0,10863;0,6816;0,6811
12/04/2016 15:15;1,2532;1,2519;0,10869;0,10862;0,6819;0,6812
12/04/2016 15:30;1,2533;1,2525;0,10879;0,10868;0,6821;0,6811
12/04/2016 15:45;1,2543;1,2511;0,10876;0,10869;0,6824;0,6816
12/04/2016 16:00;1,2527;1,2505;0,1088;0,10873;0,6832;0,6821
12/04/2016 16:15;1,2515;1,2495;0,10885;0,10879;0,6831;0,682
12/04/2016 16:30;1,2514;1,2498;0,10892;0,1087;0,6847;0,683
12/04/2016 16:45;1,2522;1,249;0,10883;0,10869;0,6844;0,6836
12/04/2016 17:00;1,2509;1,2487;0,10884;0,10877;0,686;0,684
12/04/2016 17:15;1,2512;1,2501;0,10882;0,10877;0,6862;0,6856
12/04/2016 17:30;1,2507;1,2494;0,10878;0,10873;0,686;0,6853
12/04/2016 17:45;1,2504;1,2497;0,10876;0,10871;0,6861;0,6855
12/04/2016 18:00;1,2508;1,2497;0,10871;0,10865;0,686;0,6855
12/04/2016 18:15;1,2519;1,2506;0,10866;0,10864;0,6864;0,6859
12/04/2016 18:30;1,2524;1,2511;0,10867;0,10864;0,687;0,6861
12/04/2016 18:45;1,2526;1,2518;0,10866;0,10864;0,6873;0,6865
12/04/2016 19:00;1,253;1,252;0,10867;0,10865;0,6876;0,687
12/04/2016 19:15;1,2526;1,252;0,10866;0,10865;0,6878;0,6873
12/04/2016 19:30;1,2532;1,2521;0,10867;0,10865;0,6882;0,6876
12/04/2016 19:45;1,2535;1,2527;0,10867;0,10865;0,6887;0,688
12/04/2016 20:00;1,2534;1,2525;0,10867;0,10867;0,6886;0,6878
12/04/2016 20:15;1,2529;1,2523;0,10869;0,10865;0,688;0,6875
12/04/2016 20:30;1,2531;1,2526;0,10874;0,10868;0,6883;0,688
12/04/2016 20:45;1,2529;1,2523;0,10871;0,10866;0,6884;0,688
12/04/2016 21:00;1,2527;1,2519;0,10866;0,10862;0,6881;0,6877
12/04/2016 21:15;1,2523;1,2519;0,10863;0,1086;0,6878;0,6875
12/04/2016 21:30;1,2524;1,2519;0,10863;0,10861;0,6877;0,6874
12/04/2016 21:45;1,2527;1,2522;0,10863;0,10862;0,6881;0,6876
12/04/2016 22:00;1,2529;1,2524;0,10865;0,10861;0,6884;0,6879
12/04/2016 22:15;1,2532;1,2527;0,10867;0,10865;0,6884;0,6879
12/04/2016 22:30;1,2539;1,2529;0,10869;0,10866;0,6885;0,6877
12/04/2016 22:45;1,2539;1,2533;0,10869;0,10866;0,6886;0,6878
12/04/2016 23:00;1,2542;1,2528;0,1087;0,10868;0,6884;0,6876
12/04/2016 23:15;1,2534;1,2527;0,1087;0,10868;0,688;0,6876
12/04/2016 23:30;1,2535;1,2527;0,1087;0,10869;0,6883;0,6877
12/04/2016 23:45;1,2533;1,2525;0,1087;0,10868;0,6881;0,6877
13/04/2016;1,2534;1,2528;0,10872;0,10865;0,688;0,6876
13/04/2016 00:15;1,2533;1,2528;0,10867;0,10865;0,688;0,6876
13/04/2016 00:30;1,2533;1,2525;0,10866;0,10865;0,688;0,6876
13/04/2016 00:45;1,2529;1,2526;0,10867;0,10865;0,6877;0,6875
13/04/2016 01:00;1,2529;1,2527;0,10867;0,10865;0,6879;0,6875
13/04/2016 01:15;1,2532;1,2527;0,10867;0,10866;0,6881;0,6877
13/04/2016 01:30;1,2529;1,2526;0,10867;0,10866;0,6879;0,6876
13/04/2016 01:45;1,2532;1,2528;0,10866;0,10865;0,6881;0,6876
13/04/2016 02:00;1,2538;1,2532;0,10868;0,10866;0,6883;0,688
13/04/2016 02:15;1,2538;1,2534;0,10867;0,10863;0,6883;0,6877
13/04/2016 02:30;1,254;1,2536;0,10865;0,10863;0,6879;0,6876
13/04/2016 02:45;1,254;1,2535;0,10864;0,10863;0,688;0,6876
13/04/2016 03:00;1,2545;1,2539;0,10865;0,10863;0,688;0,6877
13/04/2016 03:15;1,2545;1,254;0,10865;0,10864;0,6881;0,6879
13/04/2016 03:30;1,255;1,2544;0,10866;0,10863;0,6886;0,6882
13/04/2016 03:45;1,2551;1,2544;0,10866;0,10865;0,6886;0,6881
13/04/2016 04:00;1,2553;1,2549;0,10872;0,10865;0,6892;0,6885
13/04/2016 04:15;1,2551;1,2544;0,10869;0,10868;0,6895;0,6889
13/04/2016 04:30;1,2549;1,2545;0,1087;0,10869;0,6896;0,6889
13/04/2016 04:45;1,2549;1,2545;0,1087;0,10868;0,6897;0,6895
13/04/2016 05:00;1,2553;1,2546;0,1087;0,10867;0,6896;0,6894
13/04/2016 05:15;1,255;1,2547;0,10867;0,10867;0,6897;0,6894
13/04/2016 05:30;1,2548;1,2545;0,10867;0,10867;0,6895;0,6892
13/04/2016 05:45;1,2549;1,2546;0,10872;0,10868;0,6895;0,6893
13/04/2016 06:00;1,2548;1,2544;0,10871;0,10869;0,6895;0,6892
13/04/2016 06:15;1,2548;1,2545;0,10871;0,10869;0,6896;0,6894
13/04/2016 06:30;1,2551;1,2546;0,1087;0,10869;0,6896;0,6894
13/04/2016 06:45;1,2551;1,2545;0,10869;0,10866;0,6895;0,6891
13/04/2016 07:00;1,2549;1,2545;0,10865;0,10861;0,6894;0,6892
13/04/2016 07:15;1,2549;1,2542;0,10864;0,10861;0,6894;0,689
13/04/2016 07:30;1,2552;1,2536;0,10864;0,1086;0,6893;0,6886
13/04/2016 07:45;1,2539;1,2532;0,10864;0,1086;0,6886;0,6879
13/04/2016 08:00;1,2551;1,254;0,10869;0,10865;0,6887;0,6881
13/04/2016 08:15;1,2546;1,2538;0,10876;0,10861;0,6884;0,6879
13/04/2016 08:30;1,2551;1,2534;0,10877;0,10868;0,6883;0,688
13/04/2016 08:45;1,2544;1,2533;0,10884;0,10877;0,6882;0,6878
13/04/2016 09:00;1,2545;1,2531;0,10889;0,10878;0,6886;0,6878
13/04/2016 09:15;1,2548;1,2533;0,10892;0,10886;0,6892;0,6886
13/04/2016 09:30;1,2549;1,2538;0,10888;0,10883;0,6891;0,6884
13/04/2016 09:45;1,255;1,2525;0,10894;0,10888;0,6891;0,6886
13/04/2016 10:00;1,254;1,2528;0,10895;0,10892;0,6891;0,6888
13/04/2016 10:15;1,2546;1,2534;0,10896;0,10892;0,6891;0,6886
13/04/2016 10:30;1,2541;1,2529;0,10893;0,1089;0,689;0,6885
13/04/2016 10:45;1,2538;1,2526;0,10892;0,1089;0,6893;0,6887
13/04/2016 11:00;1,2552;1,2528;0,10899;0,10891;0,6903;0,6894
13/04/2016 11:15;1,2587;1,2552;0,10905;0,10897;0,6912;0,6904
13/04/2016 11:30;1,2578;1,2564;0,10904;0,109;0,6912;0,6906
13/04/2016 11:45;1,2585;1,2561;0,10901;0,10898;0,6906;0,6901
13/04/2016 12:00;1,2598;1,2579;0,10906;0,10901;0,6914;0,6906
13/04/2016 12:15;1,2595;1,2587;0,10904;0,109;0,6912;0,6904
13/04/2016 12:30;1,2602;1,2592;0,10908;0,10903;0,6913;0,691
13/04/2016 12:45;1,2607;1,2595;0,1091;0,10908;0,6912;0,6909
13/04/2016 13:00;1,2618;1,2598;0,1091;0,10905;0,6914;0,6907
13/04/2016 13:15;1,2606;1,2596;0,10908;0,10904;0,691;0,6905
13/04/2016 13:30;1,2602;1,2592;0,10913;0,10905;0,6908;0,6904
13/04/2016 13:45;1,2597;1,2588;0,10914;0,10911;0,6913;0,6907
13/04/2016 14:00;1,2604;1,2591;0,10912;0,10898;0,6914;0,691
13/04/2016 14:15;1,2598;1,2576;0,10903;0,10897;0,6913;0,6908
13/04/2016 14:30;1,2596;1,2572;0,10905;0,10899;0,691;0,6906
13/04/2016 14:45;1,2596;1,2584;0,109;0,10895;0,6908;0,6904
13/04/2016 15:00;1,2595;1,2586;0,10898;0,10892;0,6911;0,6901
13/04/2016 15:15;1,2592;1,2584;0,10895;0,10884;0,6912;0,6906
13/04/2016 15:30;1,2587;1,2575;0,10892;0,10885;0,6911;0,6907
13/04/2016 15:45;1,2598;1,2585;0,10892;0,10886;0,6926;0,6912
13/04/2016 16:00;1,2609;1,2595;0,109;0,10888;0,6951;0,6924
13/04/2016 16:15;1,2607;1,2589;0,10901;0,10894;0,6948;0,693
13/04/2016 16:30;1,2601;1,2588;0,10896;0,10889;0,6938;0,6923
13/04/2016 16:45;1,2602;1,2587;0,10898;0,10891;0,6941;0,6926
13/04/2016 17:00;1,2614;1,259;0,10897;0,10889;0,6949;0,6936
13/04/2016 17:15;1,2612;1,2596;0,10891;0,10886;0,6938;0,6926
13/04/2016 17:30;1,2608;1,2589;0,10891;0,10886;0,6931;0,6926
13/04/2016 17:45;1,2611;1,2598;0,10889;0,10884;0,6935;0,6927
13/04/2016 18:00;1,261;1,26;0,10887;0,10886;0,6934;0,6927
13/04/2016 18:15;1,2602;1,2588;0,1089;0,10886;0,6925;0,6909
13/04/2016 18:30;1,2598;1,2588;0,10894;0,10889;0,6918;0,6911
13/04/2016 18:45;1,2602;1,2591;0,10894;0,10893;0,6921;0,6916
13/04/2016 19:00;1,2604;1,2598;0,10895;0,10893;0,6922;0,6914
13/04/2016 19:15;1,2604;1,2597;0,10895;0,10894;0,6923;0,6915
13/04/2016 19:30;1,2603;1,2594;0,10896;0,10895;0,6925;0,6922
13/04/2016 19:45;1,26;1,2593;0,10895;0,10892;0,6924;0,692
13/04/2016 20:00;1,2608;1,2598;0,10894;0,10885;0,6929;0,6922
13/04/2016 20:15;1,2604;1,2597;0,10894;0,10893;0,6926;0,6922
13/04/2016 20:30;1,2601;1,2596;0,10893;0,1089;0,6922;0,6919
13/04/2016 20:45;1,2602;1,2593;0,10891;0,10886;0,6922;0,6912
13/04/2016 21:00;1,26;1,259;0,10889;0,10886;0,6917;0,6914
13/04/2016 21:15;1,2594;1,259;0,10888;0,10884;0,6915;0,6912
13/04/2016 21:30;1,2596;1,2591;0,1089;0,10887;0,6917;0,6913
13/04/2016 21:45;1,2597;1,2589;0,1089;0,10888;0,6918;0,6913
13/04/2016 22:00;1,2598;1,2592;0,10892;0,10887;0,6919;0,6915
13/04/2016 22:15;1,2596;1,2592;0,10889;0,10887;0,6917;0,6914
13/04/2016 22:30;1,2602;1,2592;0,10892;0,10889;0,692;0,6915
13/04/2016 22:45;1,2601;1,2596;0,10894;0,10892;0,6923;0,692
13/04/2016 23:00;1,2602;1,2595;0,10897;0,10887;0,6922;0,6919
13/04/2016 23:15;1,26;1,2597;0,10889;0,10887;0,6921;0,6918
13/04/2016 23:30;1,2602;1,2598;0,10889;0,10888;0,692;0,6918
13/04/2016 23:45;1,2601;1,2593;0,10889;0,10887;0,692;0,6916
14/04/2016;1,2596;1,2591;0,10888;0,10883;0,692;0,6917
14/04/2016 00:15;1,2596;1,2593;0,10885;0,10884;0,6921;0,6919
14/04/2016 00:30;1,2596;1,2591;0,1089;0,10884;0,6922;0,6918
14/04/2016 00:45;1,2592;1,2587;0,10889;0,10885;0,6921;0,6917
14/04/2016 01:00;1,2591;1,2588;0,10887;0,10885;0,6921;0,6918
14/04/2016 01:15;1,259;1,2585;0,10887;0,10886;0,692;0,6918
14/04/2016 01:30;1,2592;1,2584;0,10887;0,10885;0,6922;0,692
14/04/2016 01:45;1,259;1,2581;0,10887;0,10884;0,6921;0,6917
14/04/2016 02:00;1,2589;1,258;0,10887;0,10885;0,6919;0,6916
14/04/2016 02:15;1,2587;1,2583;0,10889;0,10885;0,6919;0,6915
14/04/2016 02:30;1,2589;1,2582;0,1089;0,10887;0,6915;0,6909
14/04/2016 02:45;1,2588;1,2576;0,10889;0,10886;0,6912;0,6908
14/04/2016 03:00;1,2587;1,258;0,10889;0,10886;0,6917;0,6911
14/04/2016 03:15;1,2584;1,2573;0,10889;0,10883;0,6916;0,6908
14/04/2016 03:30;1,2578;1,2569;0,10888;0,10881;0,6912;0,6902
14/04/2016 03:45;1,257;1,2564;0,10886;0,10883;0,6905;0,6897
14/04/2016 04:00;1,2569;1,2561;0,10883;0,10869;0,6908;0,6901
14/04/2016 04:15;1,2571;1,2565;0,10875;0,10871;0,6909;0,6905
14/04/2016 04:30;1,2572;1,2565;0,10875;0,10873;0,6911;0,6907
14/04/2016 04:45;1,257;1,2564;0,10874;0,10865;0,6909;0,6905
14/04/2016 05:00;1,2565;1,2557;0,10866;0,10863;0,6908;0,6904
14/04/2016 05:15;1,2561;1,2557;0,10864;0,10862;0,6906;0,6905
14/04/2016 05:30;1,2561;1,2551;0,10865;0,10863;0,6907;0,6903
14/04/2016 05:45;1,2559;1,255;0,10865;0,10862;0,6904;0,69
14/04/2016 06:00;1,2555;1,255;0,10864;0,1086;0,6906;0,6902
14/04/2016 06:15;1,256;1,2554;0,10868;0,10863;0,691;0,6905
14/04/2016 06:30;1,2561;1,2556;0,10869;0,10863;0,6914;0,691
14/04/2016 06:45;1,256;1,2552;0,10868;0,10867;0,6912;0,6907
14/04/2016 07:00;1,2554;1,2547;0,10868;0,10864;0,691;0,6907
14/04/2016 07:15;1,2554;1,254;0,10872;0,10864;0,6909;0,6905
14/04/2016 07:30;1,2546;1,254;0,10873;0,10869;0,6908;0,6905
14/04/2016 07:45;1,2546;1,254;0,10874;0,10873;0,6907;0,6902
14/04/2016 08:00;1,2551;1,254;0,1088;0,10874;0,6907;0,6903
14/04/2016 08:15;1,2553;1,2545;0,1088;0,10877;0,6903;0,6896
14/04/2016 08:30;1,255;1,254;0,10879;0,10877;0,6899;0,6894
14/04/2016 08:45;1,2555;1,2546;0,10879;0,10871;0,6897;0,6892
14/04/2016 09:00;1,2553;1,2538;0,10879;0,10871;0,6902;0,6893
14/04/2016 09:15;1,2556;1,2541;0,1088;0,10873;0,6904;0,69
14/04/2016 09:30;1,2553;1,2544;0,10882;0,10874;0,6906;0,6901
14/04/2016 09:45;1,2553;1,2544;0,10891;0,10875;0,6905;0,6901
14/04/2016 10:00;1,256;1,2552;0,10894;0,10886;0,691;0,6906
14/04/2016 10:15;1,2563;1,2552;0,10892;0,10886;0,6912;0,6907
14/04/2016 10:30;1,2561;1,2552;0,10896;0,10892;0,691;0,6903
14/04/2016 10:45;1,2567;1,2552;0,10901;0,10894;0,691;0,6904
14/04/2016 11:00;1,257;1,2551;0,10899;0,10895;0,6909;0,6905
14/04/2016 11:15;1,2585;1,2566;0,10895;0,10891;0,6913;0,6905
14/04/2016 11:30;1,2586;1,2575;0,109;0,10892;0,6916;0,6913
14/04/2016 11:45;1,2583;1,2561;0,10901;0,10898;0,6918;0,6914
14/04/2016 12:00;1,2574;1,2554;0,10905;0,10898;0,6917;0,6914
14/04/2016 12:15;1,2557;1,2543;0,10905;0,109;0,6915;0,6911
14/04/2016 12:30;1,2561;1,2542;0,10905;0,10901;0,6918;0,6911
14/04/2016 12:45;1,2565;1,2546;0,10908;0,10903;0,692;0,6913
14/04/2016 13:00;1,2579;1,2556;0,1091;0,10902;0,6917;0,6911
14/04/2016 13:15;1,256;1,2548;0,10911;0,10907;0,6915;0,6912
14/04/2016 13:30;1,2561;1,2553;0,10913;0,1091;0,6918;0,6913
14/04/2016 13:45;1,2564;1,2557;0,10916;0,10912;0,6923;0,6918
14/04/2016 14:00;1,2569;1,2559;0,1092;0,10914;0,6927;0,692
14/04/2016 14:15;1,2571;1,2547;0,10919;0,10913;0,6926;0,6918
14/04/2016 14:30;1,256;1,2541;0,10913;0,10907;0,6931;0,6924
14/04/2016 14:45;1,2564;1,2547;0,10919;0,10911;0,6928;0,6921
14/04/2016 15:00;1,2567;1,2555;0,1092;0,10916;0,6922;0,6917
14/04/2016 15:15;1,2568;1,2559;0,10921;0,10915;0,6928;0,6923
14/04/2016 15:30;1,2568;1,2545;0,1092;0,10919;0,6925;0,6911
14/04/2016 15:45;1,2549;1,2535;0,10922;0,10913;0,6912;0,6905
14/04/2016 16:00;1,2538;1,2529;0,10923;0,10918;0,6912;0,6904
14/04/2016 16:15;1,2552;1,2535;0,10921;0,10915;0,6911;0,6908
14/04/2016 16:30;1,2557;1,2549;0,10924;0,10921;0,6913;0,6904
14/04/2016 16:45;1,2566;1,2553;0,10925;0,10922;0,6915;0,6905
14/04/2016 17:00;1,2563;1,2552;0,10924;0,1092;0,6922;0,6915
14/04/2016 17:15;1,2561;1,2556;0,10925;0,10922;0,6921;0,6916
14/04/2016 17:30;1,2565;1,2558;0,10925;0,10923;0,6925;0,6916
14/04/2016 17:45;1,2566;1,2559;0,10924;0,10922;0,6922;0,6917
14/04/2016 18:00;1,2567;1,2561;0,10925;0,10923;0,6922;0,6917
14/04/2016 18:15;1,257;1,2564;0,10927;0,10924;0,6922;0,6916
14/04/2016 18:30;1,2572;1,2566;0,10928;0,10926;0,6924;0,6914
14/04/2016 18:45;1,2573;1,2566;0,10927;0,10926;0,6918;0,6915
14/04/2016 19:00;1,2571;1,2563;0,1093;0,10926;0,6919;0,6916
14/04/2016 19:15;1,2567;1,2562;0,10927;0,10925;0,6917;0,691
14/04/2016 19:30;1,2571;1,2566;0,10926;0,10925;0,6916;0,6911
14/04/2016 19:45;1,2573;1,2564;0,10928;0,10925;0,6917;0,6913
14/04/2016 20:00;1,2566;1,2561;0,10927;0,10926;0,6918;0,6912
14/04/2016 20:15;1,2567;1,2561;0,10925;0,10922;0,6916;0,691
14/04/2016 20:30;1,2566;1,2561;0,10923;0,1092;0,691;0,6907
14/04/2016 20:45;1,2564;1,2561;0,10923;0,1092;0,6907;0,6903
14/04/2016 21:00;1,2567;1,2562;0,1092;0,10913;0,6909;0,6904
14/04/2016 21:15;1,2568;1,2564;0,10917;0,10916;0,6907;0,6905
14/04/2016 21:30;1,2571;1,2568;0,10918;0,10917;0,691;0,6907
14/04/2016 21:45;1,2576;1,257;0,10918;0,10909;0,6914;0,6907
14/04/2016 22:00;1,2574;1,2566;0,10908;0,10899;0,6914;0,6912
14/04/2016 22:15;1,2573;1,2567;0,10908;0,10907;0,6914;0,691
14/04/2016 22:30;1,257;1,2563;0,1091;0,10907;0,6913;0,6909
14/04/2016 22:45;1,2567;1,256;0,10919;0,10906;0,6912;0,6908
14/04/2016 23:00;1,2568;1,2562;0,10913;0,10907;0,6912;0,6909
14/04/2016 23:15;1,2568;1,2562;0,10913;0,1091;0,6913;0,691
14/04/2016 23:30;1,2567;1,2561;0,10911;0,10909;0,6912;0,6909
14/04/2016 23:45;1,2566;1,2561;0,10913;0,10909;0,6912;0,691
15/04/2016;1,2565;1,2559;0,10919;0,10907;0,6911;0,6909
15/04/2016 00:15;1,2561;1,2558;0,10914;0,10909;0,691;0,6909
15/04/2016 00:30;1,2561;1,2559;0,10911;0,10908;0,691;0,6909
15/04/2016 00:45;1,256;1,2558;0,10912;0,10908;0,6909;0,6909
15/04/2016 01:00;1,256;1,2556;0,1091;0,10902;0,691;0,6909
15/04/2016 01:15;1,2558;1,2556;0,10919;0,10902;0,691;0,6908
15/04/2016 01:30;1,2558;1,2555;0,10906;0,10903;0,6911;0,6908
15/04/2016 01:45;1,2556;1,2551;0,10908;0,10904;0,6912;0,6908
15/04/2016 02:00;1,2561;1,2551;0,1091;0,10906;0,6914;0,691
15/04/2016 02:15;1,2563;1,2558;0,1091;0,10908;0,6919;0,6914
15/04/2016 02:30;1,2566;1,2562;0,10911;0,10909;0,6923;0,692
15/04/2016 02:45;1,2568;1,2563;0,10911;0,10909;0,6929;0,6922
15/04/2016 03:00;1,2564;1,2561;0,10911;0,10909;0,6928;0,6923
15/04/2016 03:15;1,2566;1,2561;0,10913;0,10907;0,6934;0,6926
15/04/2016 03:30;1,2567;1,2562;0,10915;0,10903;0,6933;0,6927
15/04/2016 03:45;1,2569;1,2563;0,10915;0,10914;0,6932;0,6926
15/04/2016 04:00;1,2576;1,2567;0,10917;0,10909;0,6937;0,6932
15/04/2016 04:15;1,2568;1,2562;0,10914;0,10914;0,6931;0,6928
15/04/2016 04:30;1,2568;1,2563;0,10915;0,10909;0,6933;0,6929
15/04/2016 04:45;1,2567;1,2564;0,10914;0,10901;0,6933;0,693
15/04/2016 05:00;1,2567;1,2563;0,10903;0,10902;0,6933;0,693
15/04/2016 05:15;1,257;1,2566;0,10903;0,10901;0,6932;0,693
15/04/2016 05:30;1,2571;1,2566;0,10905;0,10901;0,6931;0,6927
15/04/2016 05:45;1,2571;1,2569;0,10905;0,10904;0,693;0,6927
15/04/2016 06:00;1,2573;1,2569;0,10905;0,10902;0,693;0,6927
15/04/2016 06:15;1,2572;1,2567;0,10903;0,10902;0,6929;0,6927
15/04/2016 06:30;1,257;1,2567;0,10903;0,10902;0,6929;0,6927
15/04/2016 06:45;1,2571;1,2567;0,10903;0,10902;0,6932;0,6929
15/04/2016 07:00;1,2567;1,2564;0,10902;0,10899;0,6931;0,6928
15/04/2016 07:15;1,2568;1,2563;0,10903;0,109;0,6931;0,6929
15/04/2016 07:30;1,2573;1,2568;0,10903;0,10901;0,6933;0,693
15/04/2016 07:45;1,2572;1,2566;0,10903;0,10897;0,6932;0,6931
15/04/2016 08:00;1,2568;1,2559;0,10903;0,10895;0,6931;0,6928
15/04/2016 08:15;1,2571;1,2555;0,10899;0,10894;0,693;0,6926
15/04/2016 08:30;1,2578;1,257;0,10902;0,10892;0,6933;0,693
15/04/2016 08:45;1,2581;1,2567;0,10903;0,10898;0,6937;0,693
15/04/2016 09:00;1,2584;1,2567;0,10905;0,109;0,6939;0,6932
15/04/2016 09:15;1,2582;1,2566;0,10903;0,10898;0,6937;0,6932
15/04/2016 09:30;1,2586;1,2568;0,10905;0,10896;0,694;0,6932
15/04/2016 09:45;1,2583;1,2568;0,109;0,1089;0,6937;0,6931
15/04/2016 10:00;1,258;1,2573;0,10901;0,10892;0,6934;0,6923
15/04/2016 10:15;1,2577;1,256;0,10897;0,10894;0,6924;0,6914
15/04/2016 10:30;1,2564;1,2551;0,10899;0,10885;0,6914;0,6907
15/04/2016 10:45;1,2575;1,2551;0,10894;0,10887;0,6917;0,691
15/04/2016 11:00;1,2595;1,2572;0,10898;0,10892;0,6922;0,6916
15/04/2016 11:15;1,2592;1,2582;0,10897;0,1089;0,6922;0,6918
15/04/2016 11:30;1,2593;1,2575;0,10897;0,10891;0,6922;0,6916
15/04/2016 11:45;1,2595;1,2581;0,10898;0,10896;0,6921;0,6916
15/04/2016 12:00;1,2596;1,2582;0,109;0,1089;0,6917;0,6911
15/04/2016 12:15;1,2596;1,2583;0,10892;0,10886;0,691;0,6901
15/04/2016 12:30;1,2592;1,2581;0,10897;0,10882;0,6906;0,69
15/04/2016 12:45;1,2588;1,2578;0,10886;0,10884;0,6906;0,6902
15/04/2016 13:00;1,2579;1,2564;0,10894;0,10875;0,6902;0,689
15/04/2016 13:15;1,2577;1,2564;0,10885;0,10876;0,6895;0,6891
15/04/2016 13:30;1,2582;1,2573;0,10888;0,10885;0,6899;0,6895
15/04/2016 13:45;1,258;1,2575;0,10888;0,10885;0,6898;0,6892
15/04/2016 14:00;1,2578;1,2557;0,10885;0,10877;0,6895;0,6874
15/04/2016 14:15;1,2576;1,2555;0,10885;0,10879;0,6883;0,6871
15/04/2016 14:30;1,257;1,2558;0,10888;0,10883;0,6879;0,6873
15/04/2016 14:45;1,2571;1,2562;0,10888;0,10884;0,6889;0,688
15/04/2016 15:00;1,2566;1,2552;0,10886;0,1088;0,6889;0,6884
15/04/2016 15:15;1,2566;1,2556;0,10882;0,10878;0,689;0,6883
15/04/2016 15:30;1,2571;1,256;0,10887;0,10879;0,6891;0,6879
15/04/2016 15:45;1,2561;1,2548;0,10881;0,10871;0,6881;0,6867
15/04/2016 16:00;1,2553;1,2538;0,10877;0,10873;0,6872;0,6859
15/04/2016 16:15;1,2547;1,2538;0,10883;0,10875;0,6863;0,6856
15/04/2016 16:30;1,2548;1,2538;0,10886;0,10881;0,6866;0,6863
15/04/2016 16:45;1,2552;1,2541;0,10885;0,1088;0,6874;0,6863
15/04/2016 17:00;1,2566;1,2549;0,10898;0,10885;0,6881;0,6873
15/04/2016 17:15;1,2575;1,2563;0,10905;0,10895;0,6892;0,6882
15/04/2016 17:30;1,2592;1,257;0,10905;0,10897;0,6889;0,6883
15/04/2016 17:45;1,2592;1,2585;0,10899;0,10894;0,6892;0,6886
15/04/2016 18:00;1,2595;1,2585;0,109;0,10896;0,6886;0,6883
15/04/2016 18:15;1,2592;1,2586;0,10902;0,10896;0,6889;0,6882
15/04/2016 18:30;1,2593;1,2585;0,10905;0,10897;0,6889;0,6883
15/04/2016 18:45;1,2594;1,2585;0,10915;0,10904;0,6897;0,6883
15/04/2016 19:00;1,2594;1,2588;0,10911;0,10905;0,6898;0,6891
15/04/2016 19:15;1,2591;1,2583;0,10905;0,10904;0,6896;0,6893
15/04/2016 19:30;1,2586;1,258;0,10905;0,10904;0,6894;0,689
15/04/2016 19:45;1,259;1,2582;0,10904;0,10899;0,6896;0,6892
15/04/2016 20:00;1,2593;1,2587;0,10907;0,10903;0,6897;0,6894
15/04/2016 20:15;1,2591;1,2588;0,10903;0,109;0,6898;0,6891
15/04/2016 20:30;1,2591;1,2588;0,109;0,10899;0,6902;0,6898
15/04/2016 20:45;1,2593;1,2585;0,10899;0,10894;0,6903;0,69
15/04/2016 21:00;1,2587;1,2583;0,10896;0,10895;0,6905;0,69
15/04/2016 21:15;1,2585;1,2582;0,10896;0,10895;0,69;0,6898
15/04/2016 21:30;1,2583;1,2581;0,10898;0,10895;0,69;0,6897
15/04/2016 21:45;1,2584;1,2581;0,109;0,10895;0,6907;0,6899
15/04/2016 22:00;1,2588;1,2581;0,10907;0,10899;0,691;0,6903
15/04/2016 22:15;1,2589;1,2586;0,10907;0,10897;0,6912;0,691
15/04/2016 22:30;1,2592;1,2585;0,10908;0,10906;0,6914;0,6911
15/04/2016 22:45;1,2597;1,2582;0,10909;0,10897;0,6916;0,6912
17/04/2016 21:00;1,2599;1,2565;0,10894;0,10882;0,6899;0,6825
17/04/2016 21:15;1,2566;1,2549;0,1089;0,10861;0,6833;0,6825
17/04/2016 21:30;1,2578;1,2563;0,10894;0,10884;0,6836;0,6827
17/04/2016 21:45;1,2576;1,2558;0,10894;0,10881;0,6833;0,6825
17/04/2016 22:00;1,2565;1,2556;0,10889;0,10882;0,6828;0,6823
17/04/2016 22:15;1,2563;1,2557;0,10891;0,10879;0,6829;0,6825
17/04/2016 22:30;1,2565;1,2557;0,10887;0,10882;0,683;0,6825
17/04/2016 22:45;1,2564;1,2561;0,10885;0,10877;0,6831;0,6829
17/04/2016 23:00;1,2565;1,2555;0,10882;0,10874;0,6839;0,6828
17/04/2016 23:15;1,2568;1,2557;0,10882;0,10877;0,6845;0,6839
17/04/2016 23:30;1,2564;1,2557;0,1088;0,10878;0,6845;0,6839
17/04/2016 23:45;1,2567;1,2554;0,10882;0,10877;0,6844;0,6839
18/04/2016;1,2565;1,2553;0,10882;0,10875;0,6842;0,6834
18/04/2016 00:15;1,256;1,2554;0,10874;0,10871;0,6837;0,6832
18/04/2016 00:30;1,2561;1,2555;0,10873;0,10871;0,6841;0,6834
18/04/2016 00:45;1,2559;1,2552;0,10872;0,10872;0,6835;0,6821
18/04/2016 01:00;1,2558;1,2552;0,10873;0,10871;0,6826;0,682
18/04/2016 01:15;1,2558;1,2553;0,10873;0,10872;0,6826;0,6823
18/04/2016 01:30;1,2556;1,2548;0,10873;0,10872;0,6828;0,6816
18/04/2016 01:45;1,2553;1,2544;0,10876;0,10871;0,6822;0,6815
18/04/2016 02:00;1,2552;1,2543;0,10874;0,10868;0,6826;0,6818
18/04/2016 02:15;1,2548;1,2541;0,10876;0,10869;0,6823;0,6816
18/04/2016 02:30;1,2552;1,2543;0,10876;0,10872;0,6826;0,6816
18/04/2016 02:45;1,2555;1,2549;0,10876;0,10875;0,6828;0,6825
18/04/2016 03:00;1,2554;1,2549;0,10877;0,10875;0,6831;0,6827
18/04/2016 03:15;1,2554;1,255;0,10882;0,10875;0,6837;0,6829
18/04/2016 03:30;1,2553;1,2547;0,10883;0,10881;0,6837;0,6832
18/04/2016 03:45;1,2553;1,2549;0,10883;0,10881;0,6834;0,683
18/04/2016 04:00;1,2559;1,255;0,10885;0,10882;0,6842;0,683
18/04/2016 04:15;1,2559;1,2554;0,10885;0,10883;0,6845;0,6841
18/04/2016 04:30;1,2561;1,2558;0,10884;0,10884;0,6848;0,6841
18/04/2016 04:45;1,2561;1,2554;0,10885;0,10884;0,6848;0,6842
18/04/2016 05:00;1,2559;1,2555;0,10885;0,10884;0,6845;0,6842
18/04/2016 05:15;1,2557;1,2554;0,10884;0,10884;0,6845;0,6842
18/04/2016 05:30;1,2557;1,2554;0,10884;0,10884;0,6844;0,6842
18/04/2016 05:45;1,2558;1,2553;0,10884;0,10884;0,6846;0,6841
18/04/2016 06:00;1,2558;1,2554;0,10885;0,10883;0,6845;0,6842
18/04/2016 06:15;1,2556;1,2554;0,10884;0,10884;0,6843;0,684
18/04/2016 06:30;1,2557;1,2554;0,10884;0,10883;0,6844;0,684
18/04/2016 06:45;1,2556;1,2554;0,10885;0,10884;0,6844;0,6842
18/04/2016 07:00;1,2556;1,2552;0,10885;0,10881;0,6843;0,6839
18/04/2016 07:15;1,2556;1,2553;0,10884;0,10882;0,6843;0,6841
18/04/2016 07:30;1,2557;1,2549;0,10884;0,10881;0,6844;0,684
18/04/2016 07:45;1,2553;1,255;0,10883;0,1088;0,6844;0,6839
18/04/2016 08:00;1,2554;1,2539;0,10883;0,10879;0,6839;0,683
18/04/2016 08:15;1,2545;1,2538;0,10893;0,1088;0,6835;0,6831
18/04/2016 08:30;1,2547;1,2537;0,109;0,1089;0,6842;0,6833
18/04/2016 08:45;1,2543;1,2523;0,10897;0,10879;0,6834;0,682
18/04/2016 09:00;1,2525;1,251;0,10889;0,10875;0,6827;0,6813
18/04/2016 09:15;1,2533;1,2518;0,1089;0,10884;0,6833;0,6822
18/04/2016 09:30;1,2542;1,2528;0,10894;0,10884;0,6839;0,683
18/04/2016 09:45;1,2557;1,2531;0,10895;0,10888;0,6846;0,6833
18/04/2016 10:00;1,2566;1,2548;0,10897;0,1089;0,6852;0,6841
18/04/2016 10:15;1,2553;1,2542;0,10895;0,10889;0,6847;0,6842
18/04/2016 10:30;1,256;1,2538;0,10897;0,10889;0,6857;0,684
18/04/2016 10:45;1,2566;1,2551;0,10897;0,1089;0,6862;0,6854
18/04/2016 11:00;1,2556;1,2545;0,10896;0,10888;0,6865;0,6858
18/04/2016 11:15;1,2554;1,2549;0,10892;0,10889;0,6863;0,6858
18/04/2016 11:30;1,2553;1,2541;0,10891;0,10886;0,686;0,6855
18/04/2016 11:45;1,2554;1,2547;0,10886;0,10883;0,6867;0,686
18/04/2016 12:00;1,2567;1,255;0,10887;0,10883;0,688;0,6864
18/04/2016 12:15;1,2567;1,2552;0,10892;0,10885;0,6877;0,6871
18/04/2016 12:30;1,2561;1,2553;0,10896;0,10891;0,6876;0,6864
18/04/2016 12:45;1,2561;1,2554;0,10892;0,10885;0,6865;0,6859
18/04/2016 13:00;1,2559;1,2546;0,10885;0,10884;0,6862;0,6856
18/04/2016 13:15;1,255;1,253;0,10886;0,10884;0,6861;0,6847
18/04/2016 13:30;1,2544;1,2535;0,1089;0,10885;0,6855;0,6851
18/04/2016 13:45;1,255;1,2537;0,10891;0,10882;0,6855;0,6844
18/04/2016 14:00;1,2539;1,253;0,10882;0,10876;0,6846;0,684
18/04/2016 14:15;1,2541;1,2528;0,1088;0,10871;0,6853;0,684
18/04/2016 14:30;1,2555;1,2531;0,10881;0,10873;0,6865;0,685
18/04/2016 14:45;1,2552;1,2543;0,1088;0,10871;0,6859;0,6853
18/04/2016 15:00;1,2554;1,2546;0,10877;0,1087;0,6859;0,685
18/04/2016 15:15;1,2556;1,2545;0,10876;0,10871;0,6863;0,6856
18/04/2016 15:30;1,258;1,2549;0,10874;0,10868;0,6873;0,6855
18/04/2016 15:45;1,2578;1,2566;0,1087;0,1086;0,6876;0,6866
18/04/2016 16:00;1,2591;1,2567;0,10869;0,10861;0,6886;0,6872
18/04/2016 16:15;1,2591;1,2574;0,10872;0,10863;0,6878;0,6867
18/04/2016 16:30;1,2592;1,2581;0,10874;0,10863;0,6871;0,6861
18/04/2016 16:45;1,2605;1,258;0,10873;0,10867;0,6874;0,6862
18/04/2016 17:00;1,2605;1,2595;0,10869;0,1086;0,6884;0,687
18/04/2016 17:15;1,2615;1,2601;0,10875;0,10863;0,6896;0,6884
18/04/2016 17:30;1,2619;1,2602;0,10881;0,10872;0,6902;0,6891
18/04/2016 17:45;1,2619;1,2606;0,1088;0,10877;0,6902;0,6891
18/04/2016 18:00;1,2616;1,2606;0,10877;0,10876;0,6898;0,6892
18/04/2016 18:15;1,2615;1,2611;0,10878;0,10876;0,6899;0,6893
18/04/2016 18:30;1,2626;1,2609;0,10888;0,10876;0,6901;0,6897
18/04/2016 18:45;1,2612;1,2606;0,10902;0,10885;0,6897;0,6892
18/04/2016 19:00;1,2611;1,2605;0,10896;0,10886;0,69;0,6895
18/04/2016 19:15;1,2615;1,261;0,10891;0,10887;0,6897;0,6893
18/04/2016 19:30;1,2617;1,2612;0,10889;0,10886;0,6895;0,6891
18/04/2016 19:45;1,2619;1,2609;0,1089;0,10885;0,6897;0,6894
18/04/2016 20:00;1,2618;1,2615;0,10895;0,1089;0,6896;0,6892
18/04/2016 20:15;1,2618;1,2612;0,10891;0,10884;0,6896;0,689
18/04/2016 20:30;1,2623;1,2613;0,10891;0,10885;0,69;0,6894
18/04/2016 20:45;1,2636;1,2617;0,10892;0,10887;0,6903;0,6899
18/04/2016 21:00;1,2622;1,2615;0,10892;0,10887;0,6903;0,6899
18/04/2016 21:15;1,2622;1,2619;0,10889;0,10887;0,6903;0,6901
18/04/2016 21:30;1,2624;1,262;0,10895;0,10887;0,6908;0,6901
18/04/2016 21:45;1,2625;1,262;0,10893;0,10889;0,6912;0,6905
18/04/2016 22:00;1,2624;1,2619;0,1089;0,10887;0,691;0,6906
18/04/2016 22:15;1,2621;1,2617;0,10887;0,10885;0,6907;0,6906
18/04/2016 22:30;1,2622;1,2617;0,10886;0,10884;0,6915;0,6905
18/04/2016 22:45;1,2621;1,2618;0,10898;0,10884;0,6914;0,6911
18/04/2016 23:00;1,2623;1,2618;0,10894;0,10889;0,6915;0,691
18/04/2016 23:15;1,2624;1,2618;0,10893;0,10891;0,6914;0,6911
18/04/2016 23:30;1,2621;1,2618;0,10892;0,10889;0,6911;0,6907
18/04/2016 23:45;1,2623;1,2616;0,10893;0,10889;0,6911;0,6909
19/04/2016;1,2622;1,2617;0,1089;0,10886;0,6912;0,691
19/04/2016 00:15;1,2625;1,262;0,1089;0,10888;0,6914;0,691
19/04/2016 00:30;1,2623;1,262;0,10891;0,10889;0,6914;0,6911
19/04/2016 00:45;1,2622;1,2618;0,10891;0,1089;0,6913;0,6911
19/04/2016 01:00;1,2623;1,2618;0,10891;0,1089;0,6913;0,6911
19/04/2016 01:15;1,2625;1,262;0,10891;0,10889;0,6916;0,6914
19/04/2016 01:30;1,2639;1,2623;0,10896;0,10889;0,6924;0,6914
19/04/2016 01:45;1,2639;1,2632;0,10896;0,10891;0,6927;0,6924
19/04/2016 02:00;1,2639;1,2633;0,10896;0,10894;0,6927;0,6923
19/04/2016 02:15;1,2638;1,2633;0,10897;0,10894;0,6925;0,692
19/04/2016 02:30;1,2639;1,2635;0,10897;0,10894;0,6923;0,6919
19/04/2016 02:45;1,2637;1,2634;0,10895;0,10893;0,6925;0,6919
19/04/2016 03:00;1,2639;1,2634;0,10895;0,10892;0,6926;0,6922
19/04/2016 03:15;1,2641;1,2633;0,10895;0,10892;0,6924;0,6921
19/04/2016 03:30;1,2642;1,2631;0,10894;0,10891;0,6923;0,692
19/04/2016 03:45;1,2642;1,2634;0,10894;0,10891;0,6922;0,6918
19/04/2016 04:00;1,2639;1,2634;0,10894;0,10892;0,6919;0,6916
19/04/2016 04:15;1,2637;1,2631;0,10894;0,10891;0,6916;0,6914
19/04/2016 04:30;1,2639;1,2633;0,10893;0,10892;0,6919;0,6916
19/04/2016 04:45;1,2639;1,2637;0,10893;0,10891;0,6918;0,6915
19/04/2016 05:00;1,2638;1,2632;0,10892;0,10891;0,6917;0,6914
19/04/2016 05:15;1,2641;1,2634;0,10892;0,10891;0,6917;0,6913
19/04/2016 05:30;1,2641;1,2639;0,10891;0,1089;0,6916;0,6913
19/04/2016 05:45;1,2641;1,2639;0,10891;0,1089;0,6918;0,6915
19/04/2016 06:00;1,2643;1,264;0,10891;0,10891;0,6919;0,6915
19/04/2016 06:15;1,2641;1,2638;0,10891;0,10891;0,6916;0,6913
19/04/2016 06:30;1,2639;1,2635;0,10891;0,10889;0,6913;0,6911
19/04/2016 06:45;1,2639;1,2635;0,10891;0,1089;0,6914;0,6912
19/04/2016 07:00;1,264;1,2635;0,10891;0,10888;0,6917;0,6914
19/04/2016 07:15;1,2638;1,2635;0,10889;0,10888;0,6915;0,6913
19/04/2016 07:30;1,2638;1,2634;0,10889;0,10886;0,692;0,6914
19/04/2016 07:45;1,2639;1,2634;0,10887;0,10886;0,6921;0,6916
19/04/2016 08:00;1,2644;1,2638;0,10885;0,10883;0,6924;0,6919
19/04/2016 08:15;1,2648;1,2636;0,10886;0,10883;0,6924;0,6918
19/04/2016 08:30;1,2648;1,2642;0,10889;0,10883;0,6923;0,6919
19/04/2016 08:45;1,2645;1,2631;0,10892;0,10886;0,692;0,6915
19/04/2016 09:00;1,2645;1,2625;0,10899;0,1089;0,6922;0,6913
19/04/2016 09:15;1,264;1,2626;0,10894;0,10889;0,692;0,6912
19/04/2016 09:30;1,2645;1,2624;0,10894;0,10884;0,692;0,6912
19/04/2016 09:45;1,2639;1,263;0,10892;0,10884;0,692;0,6914
19/04/2016 10:00;1,2635;1,2621;0,10896;0,10891;0,6921;0,6916
19/04/2016 10:15;1,2635;1,2628;0,10896;0,10892;0,6917;0,691
19/04/2016 10:30;1,2648;1,263;0,10897;0,10893;0,6914;0,6909
19/04/2016 10:45;1,2648;1,2635;0,10902;0,10896;0,6914;0,6909
19/04/2016 11:00;1,2645;1,2628;0,10897;0,10894;0,6916;0,6909
19/04/2016 11:15;1,2634;1,2618;0,10898;0,10892;0,691;0,6906
19/04/2016 11:30;1,2643;1,2631;0,10897;0,10894;0,6918;0,6907
19/04/2016 11:45;1,2673;1,2636;0,10897;0,10895;0,6924;0,6919
19/04/2016 12:00;1,2687;1,266;0,10899;0,10895;0,6935;0,6922
19/04/2016 12:15;1,2684;1,267;0,10897;0,10895;0,6933;0,6928
19/04/2016 12:30;1,2675;1,2664;0,10897;0,10893;0,6932;0,6927
19/04/2016 12:45;1,2682;1,2667;0,10894;0,10889;0,6937;0,693
19/04/2016 13:00;1,2683;1,2672;0,10895;0,10884;0,6944;0,6934
19/04/2016 13:15;1,2679;1,2668;0,10897;0,10893;0,6943;0,6936
19/04/2016 13:30;1,2676;1,2669;0,10905;0,10899;0,6942;0,6933
19/04/2016 13:45;1,2684;1,2672;0,10901;0,10894;0,6938;0,6933
19/04/2016 14:00;1,2682;1,2662;0,10896;0,10891;0,6938;0,6933
19/04/2016 14:15;1,268;1,2663;0,10896;0,10885;0,6939;0,6935
19/04/2016 14:30;1,2676;1,2663;0,10892;0,10883;0,6935;0,6928
19/04/2016 14:45;1,2671;1,2662;0,10889;0,10882;0,693;0,6924
19/04/2016 15:00;1,2676;1,2661;0,10887;0,10882;0,6929;0,6916
19/04/2016 15:15;1,2669;1,2662;0,10888;0,10884;0,6926;0,6915
19/04/2016 15:30;1,268;1,2663;0,10892;0,10889;0,6939;0,6926
19/04/2016 15:45;1,2676;1,266;0,10889;0,10881;0,6938;0,6936
19/04/2016 16:00;1,2672;1,2664;0,10888;0,10879;0,6945;0,6937
19/04/2016 16:15;1,2678;1,267;0,10885;0,10879;0,6946;0,694
19/04/2016 16:30;1,2677;1,2654;0,10879;0,10872;0,6946;0,6942
19/04/2016 16:45;1,2668;1,2657;0,10881;0,10869;0,6949;0,694
19/04/2016 17:00;1,2666;1,2653;0,10882;0,1088;0,6956;0,6944
19/04/2016 17:15;1,266;1,2653;0,10881;0,1088;0,6952;0,6948
19/04/2016 17:30;1,2663;1,2648;0,10885;0,1088;0,6958;0,6949
19/04/2016 17:45;1,2665;1,2654;0,10888;0,10884;0,6956;0,6947
19/04/2016 18:00;1,2657;1,2649;0,10884;0,10879;0,695;0,6945
19/04/2016 18:15;1,2656;1,2648;0,10886;0,10876;0,6946;0,6943
19/04/2016 18:30;1,2652;1,2647;0,1088;0,10872;0,6945;0,6939
19/04/2016 18:45;1,265;1,2644;0,10879;0,10869;0,6941;0,6937
19/04/2016 19:00;1,2651;1,2645;0,10881;0,1088;0,6944;0,6934
19/04/2016 19:15;1,2652;1,2645;0,10882;0,10881;0,6941;0,6936
19/04/2016 19:30;1,265;1,2644;0,10881;0,10877;0,6938;0,6933
19/04/2016 19:45;1,2653;1,2646;0,10884;0,10876;0,6948;0,6938
19/04/2016 20:00;1,2656;1,265;0,1089;0,10882;0,695;0,6945
19/04/2016 20:15;1,2662;1,2654;0,10889;0,10885;0,6953;0,6948
19/04/2016 20:30;1,2662;1,2656;0,10888;0,10881;0,6952;0,6948
19/04/2016 20:45;1,2664;1,2658;0,10884;0,10882;0,6954;0,6949
19/04/2016 21:00;1,2664;1,2659;0,10882;0,10881;0,6956;0,6953
19/04/2016 21:15;1,2664;1,2659;0,10884;0,10881;0,6955;0,6952
19/04/2016 21:30;1,2668;1,2664;0,10885;0,10883;0,6955;0,6948
19/04/2016 21:45;1,2672;1,2665;0,10885;0,10884;0,6953;0,6951
19/04/2016 22:00;1,2673;1,2669;0,10892;0,10888;0,6953;0,6951
19/04/2016 22:15;1,268;1,2672;0,10891;0,10889;0,6956;0,6952
19/04/2016 22:30;1,2679;1,2674;0,10892;0,10889;0,6958;0,6954
19/04/2016 22:45;1,268;1,2674;0,10891;0,10889;0,6955;0,6948
19/04/2016 23:00;1,2677;1,2671;0,1089;0,1088;0,6952;0,6948
19/04/2016 23:15;1,2678;1,2671;0,10889;0,10885;0,6952;0,695
19/04/2016 23:30;1,2676;1,2669;0,1089;0,10888;0,6951;0,6948
19/04/2016 23:45;1,268;1,2671;0,10891;0,10887;0,6951;0,6949
20/04/2016;1,268;1,2671;0,1089;0,10886;0,695;0,6948
20/04/2016 00:15;1,2675;1,267;0,10889;0,10888;0,6949;0,6945
20/04/2016 00:30;1,2673;1,2669;0,1089;0,10889;0,6946;0,6939
20/04/2016 00:45;1,2671;1,2668;0,10891;0,10889;0,6941;0,6936
20/04/2016 01:00;1,2672;1,2668;0,1089;0,10889;0,694;0,6937
20/04/2016 01:15;1,2674;1,267;0,10889;0,10889;0,6938;0,6937
20/04/2016 01:30;1,2671;1,2668;0,1089;0,10889;0,6939;0,6936
20/04/2016 01:45;1,2672;1,2665;0,1089;0,10889;0,6937;0,6933
20/04/2016 02:00;1,2667;1,2662;0,1089;0,10888;0,6937;0,6934
20/04/2016 02:15;1,2667;1,2662;0,10889;0,10888;0,6935;0,6932
20/04/2016 02:30;1,2665;1,2659;0,10889;0,10888;0,6934;0,6931
20/04/2016 02:45;1,2668;1,2659;0,10889;0,10887;0,6935;0,6932
20/04/2016 03:00;1,2667;1,2662;0,10889;0,10887;0,6933;0,6931
20/04/2016 03:15;1,2663;1,2657;0,10889;0,10887;0,6931;0,6929
20/04/2016 03:30;1,2662;1,2658;0,10889;0,10888;0,6934;0,6931
20/04/2016 03:45;1,2663;1,2656;0,1089;0,10888;0,6934;0,6931
20/04/2016 04:00;1,2657;1,2653;0,10889;0,10888;0,6931;0,6928
20/04/2016 04:15;1,2655;1,2649;0,10889;0,10888;0,6927;0,6925
20/04/2016 04:30;1,2657;1,2651;0,10889;0,10888;0,6931;0,6927
20/04/2016 04:45;1,2655;1,2649;0,10889;0,10888;0,6929;0,6925
20/04/2016 05:00;1,2652;1,2648;0,10888;0,10885;0,6927;0,6923
20/04/2016 05:15;1,2648;1,2643;0,10886;0,10882;0,6923;0,6918
20/04/2016 05:30;1,2649;1,2644;0,10883;0,10882;0,692;0,6918
20/04/2016 05:45;1,2655;1,264;0,10885;0,10881;0,6922;0,6915
20/04/2016 06:00;1,2652;1,2647;0,10884;0,10882;0,6921;0,6918
20/04/2016 06:15;1,2653;1,2646;0,10883;0,10881;0,6924;0,692
20/04/2016 06:30;1,265;1,2646;0,10882;0,1088;0,6923;0,6919
20/04/2016 06:45;1,2647;1,264;0,10883;0,10881;0,6922;0,6919
20/04/2016 07:00;1,2645;1,2638;0,10882;0,10878;0,6923;0,6919
20/04/2016 07:15;1,2643;1,2641;0,10881;0,10878;0,6921;0,692
20/04/2016 07:30;1,2646;1,2637;0,10882;0,10878;0,692;0,6917
20/04/2016 07:45;1,2643;1,2636;0,10881;0,10876;0,692;0,6917
20/04/2016 08:00;1,2646;1,2636;0,10887;0,10877;0,6922;0,6917
20/04/2016 08:15;1,2646;1,2637;0,10893;0,10884;0,6922;0,6917
20/04/2016 08:30;1,2646;1,2641;0,10892;0,10888;0,6922;0,6919
20/04/2016 08:45;1,2654;1,2641;0,10897;0,10889;0,6929;0,6923
20/04/2016 09:00;1,266;1,2648;0,10902;0,10894;0,6936;0,6927
20/04/2016 09:15;1,2656;1,2642;0,10898;0,10892;0,6932;0,6926
20/04/2016 09:30;1,266;1,2649;0,10897;0,10888;0,6931;0,6923
20/04/2016 09:45;1,2654;1,2647;0,1089;0,10885;0,693;0,6922
20/04/2016 10:00;1,2656;1,2649;0,10888;0,10886;0,6935;0,6928
20/04/2016 10:15;1,2662;1,2645;0,10887;0,10883;0,694;0,6933
20/04/2016 10:30;1,2649;1,2634;0,1089;0,10884;0,6939;0,6934
20/04/2016 10:45;1,2651;1,2641;0,10892;0,10887;0,6941;0,6936
20/04/2016 11:00;1,2664;1,2646;0,10891;0,10887;0,694;0,6936
20/04/2016 11:15;1,267;1,2656;0,10897;0,10891;0,6942;0,6939
20/04/2016 11:30;1,2665;1,2657;0,10903;0,1089;0,6943;0,6936
20/04/2016 11:45;1,2669;1,2658;0,10898;0,10892;0,6944;0,6938
20/04/2016 12:00;1,2668;1,2663;0,10907;0,10894;0,6943;0,6939
20/04/2016 12:15;1,2666;1,2658;0,10905;0,10901;0,6947;0,694
20/04/2016 12:30;1,2664;1,2641;0,10902;0,10895;0,6947;0,6939
20/04/2016 12:45;1,2654;1,2644;0,10904;0,10896;0,6945;0,6939
20/04/2016 13:00;1,2657;1,264;0,10904;0,10901;0,6943;0,6937
20/04/2016 13:15;1,265;1,2639;0,10903;0,10898;0,6944;0,6939
20/04/2016 13:30;1,2648;1,2639;0,10908;0,10902;0,6945;0,694
20/04/2016 13:45;1,2644;1,2637;0,10915;0,10905;0,695;0,694
20/04/2016 14:00;1,2648;1,2636;0,10915;0,1091;0,6943;0,6933
20/04/2016 14:15;1,2649;1,264;0,10913;0,1091;0,6938;0,6932
20/04/2016 14:30;1,2649;1,2641;0,10929;0,10913;0,6937;0,6928
20/04/2016 14:45;1,2657;1,2642;0,10932;0,10923;0,6935;0,6927
20/04/2016 15:00;1,2661;1,2648;0,10934;0,10922;0,6938;0,693
20/04/2016 15:15;1,2673;1,2656;0,10922;0,10916;0,6941;0,6937
20/04/2016 15:30;1,2681;1,2668;0,10922;0,10916;0,695;0,6939
20/04/2016 15:45;1,27;1,2679;0,10926;0,10922;0,6961;0,6951
20/04/2016 16:00;1,27;1,2693;0,10923;0,10916;0,6962;0,6954
20/04/2016 16:15;1,27;1,2687;0,10919;0,10903;0,6963;0,6947
20/04/2016 16:30;1,271;1,2697;0,10907;0,10904;0,697;0,6957
20/04/2016 16:45;1,2711;1,27;0,10904;0,10889;0,6971;0,6964
20/04/2016 17:00;1,271;1,2701;0,10902;0,10889;0,6979;0,6964
20/04/2016 17:15;1,2702;1,2689;0,10908;0,10899;0,7003;0,6979
20/04/2016 17:30;1,2701;1,2693;0,10909;0,10905;0,7006;0,6994
20/04/2016 17:45;1,2699;1,2686;0,10916;0,10907;0,7007;0,6986
20/04/2016 18:00;1,2692;1,2684;0,10917;0,10908;0,6993;0,6988
20/04/2016 18:15;1,2695;1,2687;0,10918;0,10911;0,6994;0,6988
20/04/2016 18:30;1,2698;1,2693;0,10912;0,10904;0,6996;0,6989
20/04/2016 18:45;1,27;1,2693;0,10908;0,10902;0,6998;0,6992
20/04/2016 19:00;1,2702;1,2697;0,10903;0,10899;0,7;0,6993
20/04/2016 19:15;1,2711;1,27;0,10902;0,109;0,7003;0,6999
20/04/2016 19:30;1,2712;1,2706;0,10903;0,10898;0,7006;0,7001
20/04/2016 19:45;1,2714;1,2704;0,109;0,10897;0,7007;0,6999
20/04/2016 20:00;1,2708;1,2703;0,10898;0,10895;0,7004;0,6999
20/04/2016 20:15;1,2711;1,2703;0,10899;0,10896;0,701;0,7004
20/04/2016 20:30;1,2711;1,2705;0,10899;0,10898;0,701;0,7007
20/04/2016 20:45;1,2713;1,2705;0,10899;0,10892;0,7009;0,7005
20/04/2016 21:00;1,2717;1,2709;0,10907;0,10891;0,7011;0,7005
20/04/2016 21:15;1,271;1,2704;0,10907;0,10899;0,7006;0,7002
20/04/2016 21:30;1,2709;1,2695;0,10906;0,10895;0,7005;0,6996
20/04/2016 21:45;1,27;1,2692;0,10898;0,10889;0,7001;0,6995
20/04/2016 22:00;1,2696;1,2689;0,10892;0,10883;0,7001;0,6996
20/04/2016 22:15;1,2694;1,2689;0,10899;0,10886;0,7002;0,6995
20/04/2016 22:30;1,2692;1,2689;0,10899;0,10897;0,6999;0,6995
20/04/2016 22:45;1,269;1,2684;0,109;0,10888;0,6997;0,6994
20/04/2016 23:00;1,2692;1,2686;0,10905;0,1088;0,6995;0,6993
20/04/2016 23:15;1,2693;1,2685;0,10902;0,10882;0,6998;0,6994
20/04/2016 23:30;1,269;1,2683;0,10902;0,10886;0,6996;0,6994
20/04/2016 23:45;1,269;1,2684;0,10902;0,10889;0,6996;0,6992
21/04/2016;1,2688;1,2685;0,10903;0,10892;0,6994;0,6992
21/04/2016 00:15;1,2687;1,2685;0,10893;0,10891;0,6994;0,6993
21/04/2016 00:30;1,2687;1,2683;0,10892;0,1089;0,6994;0,6992
21/04/2016 00:45;1,2687;1,2684;0,10891;0,1089;0,6995;0,6992
21/04/2016 01:00;1,2686;1,2684;0,10891;0,1089;0,6995;0,6992
21/04/2016 01:15;1,2687;1,268;0,10891;0,10888;0,6997;0,6993
21/04/2016 01:30;1,2686;1,2683;0,1089;0,10887;0,6998;0,6995
21/04/2016 01:45;1,2688;1,2683;0,10892;0,10887;0,6999;0,6996
21/04/2016 02:00;1,2687;1,2682;0,10889;0,10882;0,6997;0,6994
21/04/2016 02:15;1,2683;1,2677;0,10884;0,10881;0,6995;0,6992
21/04/2016 02:30;1,2683;1,2675;0,10887;0,10883;0,6995;0,6994
21/04/2016 02:45;1,2679;1,2674;0,10885;0,10883;0,6994;0,699
21/04/2016 03:00;1,268;1,2677;0,10884;0,10881;0,6994;0,6991
21/04/2016 03:15;1,268;1,2676;0,10883;0,10881;0,6994;0,6991
21/04/2016 03:30;1,2682;1,2676;0,10882;0,1088;0,6993;0,6991
21/04/2016 03:45;1,2693;1,2681;0,10884;0,10881;0,6999;0,6993
21/04/2016 04:00;1,2687;1,268;0,10883;0,10882;0,6995;0,6992
21/04/2016 04:15;1,2681;1,2679;0,10883;0,10882;0,6994;0,6992
21/04/2016 04:30;1,2688;1,2681;0,10882;0,10881;0,6997;0,6994
21/04/2016 04:45;1,2687;1,2683;0,10882;0,10882;0,6998;0,6996
21/04/2016 05:00;1,2687;1,2683;0,10882;0,10881;0,7002;0,6998
21/04/2016 05:15;1,2693;1,2686;0,10883;0,10882;0,7006;0,7001
21/04/2016 05:30;1,2695;1,2691;0,10883;0,10882;0,7006;0,7005
21/04/2016 05:45;1,2699;1,2695;0,10883;0,10882;0,7008;0,7006
21/04/2016 06:00;1,27;1,2697;0,10883;0,10882;0,7006;0,7004
21/04/2016 06:15;1,2699;1,2696;0,10884;0,10883;0,7004;0,7003
21/04/2016 06:30;1,2697;1,2694;0,10884;0,10883;0,7004;0,7001
21/04/2016 06:45;1,2701;1,2695;0,10885;0,10882;0,7005;0,7003
21/04/2016 07:00;1,2695;1,2689;0,10883;0,10881;0,7004;0,7
21/04/2016 07:15;1,2692;1,2689;0,10886;0,10882;0,7004;0,7001
21/04/2016 07:30;1,2697;1,269;0,10889;0,10882;0,7008;0,7003
21/04/2016 07:45;1,2703;1,2695;0,10891;0,10884;0,7009;0,7007
21/04/2016 08:00;1,2703;1,2696;0,10896;0,10889;0,701;0,7006
21/04/2016 08:15;1,2707;1,2698;0,10902;0,10895;0,7009;0,7006
21/04/2016 08:30;1,2712;1,2697;0,10905;0,10895;0,7009;0,7006
21/04/2016 08:45;1,2704;1,2692;0,10904;0,10898;0,7007;0,7002
21/04/2016 09:00;1,2705;1,2698;0,10912;0,10896;0,7007;0,7
21/04/2016 09:15;1,2703;1,2689;0,10906;0,10894;0,7003;0,6992
21/04/2016 09:30;1,2708;1,2691;0,10961;0,10893;0,7007;0,6997
21/04/2016 09:45;1,271;1,2692;0,10951;0,10925;0,7008;0,6999
21/04/2016 10:00;1,2696;1,2689;0,10932;0,10922;0,7;0,6996
21/04/2016 10:15;1,2699;1,2671;0,10942;0,10932;0,7001;0,6995
21/04/2016 10:30;1,2682;1,2669;0,10934;0,10929;0,6998;0,6993
21/04/2016 10:45;1,2681;1,267;0,10934;0,10927;0,6996;0,6991
21/04/2016 11:00;1,2705;1,2674;0,10926;0,10922;0,6998;0,6992
21/04/2016 11:15;1,2702;1,2691;0,10923;0,10915;0,6992;0,6989
21/04/2016 11:30;1,2702;1,2688;0,10929;0,10922;0,6992;0,6989
21/04/2016 11:45;1,2706;1,2694;0,10925;0,10915;0,6993;0,6987
21/04/2016 12:00;1,2718;1,2702;0,10918;0,10893;0,6992;0,6988
21/04/2016 12:15;1,2717;1,2712;0,10901;0,10884;0,699;0,6987
21/04/2016 12:30;1,2715;1,2709;0,10901;0,10891;0,6993;0,699
21/04/2016 12:45;1,2716;1,2708;0,10906;0,10898;0,6993;0,6988
21/04/2016 13:00;1,2713;1,2705;0,10903;0,10895;0,6989;0,6981
21/04/2016 13:15;1,2707;1,269;0,10899;0,10893;0,6981;0,6973
21/04/2016 13:30;1,2707;1,2689;0,10896;0,10885;0,6975;0,6966
21/04/2016 13:45;1,2713;1,2696;0,10894;0,10879;0,6976;0,6969
21/04/2016 14:00;1,2715;1,2687;0,10886;0,10881;0,6971;0,6965
21/04/2016 14:15;1,2713;1,2699;0,10893;0,10887;0,697;0,6965
21/04/2016 14:30;1,2731;1,2667;0,10898;0,10884;0,6982;0,6951
21/04/2016 14:45;1,2697;1,2672;0,10887;0,10877;0,6958;0,6948
21/04/2016 15:00;1,2698;1,2665;0,10897;0,10884;0,6948;0,6933
21/04/2016 15:15;1,2675;1,2662;0,1091;0,10888;0,694;0,6933
21/04/2016 15:30;1,2686;1,2666;0,10911;0,10905;0,695;0,6941
21/04/2016 15:45;1,2706;1,2678;0,10925;0,1091;0,6975;0,6952
21/04/2016 16:00;1,27;1,2686;0,10918;0,10911;0,6978;0,6968
21/04/2016 16:15;1,2698;1,2681;0,1092;0,10916;0,6981;0,6976
21/04/2016 16:30;1,2706;1,2687;0,10932;0,10912;0,6983;0,6976
21/04/2016 16:45;1,2706;1,2692;0,10936;0,10925;0,6985;0,6972
21/04/2016 17:00;1,2705;1,2688;0,10926;0,10909;0,6971;0,6963
21/04/2016 17:15;1,2696;1,2682;0,10912;0,10906;0,6972;0,6961
21/04/2016 17:30;1,2689;1,2679;0,10906;0,10901;0,6971;0,696
21/04/2016 17:45;1,2693;1,2684;0,109;0,10895;0,697;0,696
21/04/2016 18:00;1,2686;1,2673;0,10899;0,10896;0,6963;0,6953
21/04/2016 18:15;1,2685;1,2671;0,10898;0,1089;0,6965;0,6955
21/04/2016 18:30;1,2686;1,2678;0,10898;0,1089;0,6966;0,6962
21/04/2016 18:45;1,2685;1,267;0,10891;0,10883;0,6961;0,6952
21/04/2016 19:00;1,269;1,2682;0,1089;0,10885;0,6959;0,695
21/04/2016 19:15;1,2689;1,2685;0,1089;0,10885;0,6956;0,695
21/04/2016 19:30;1,269;1,2686;0,10896;0,1089;0,6956;0,6952
21/04/2016 19:45;1,269;1,2685;0,10894;0,10892;0,6955;0,6952
21/04/2016 20:00;1,2687;1,268;0,10895;0,10893;0,6957;0,6951
21/04/2016 20:15;1,2685;1,2682;0,10894;0,10893;0,6953;0,6947
21/04/2016 20:30;1,2689;1,2683;0,10892;0,10885;0,6951;0,6948
21/04/2016 20:45;1,2687;1,2682;0,10888;0,10883;0,6955;0,6949
21/04/2016 21:00;1,269;1,2683;0,10886;0,10885;0,696;0,6956
21/04/2016 21:15;1,2691;1,2684;0,10885;0,10884;0,696;0,6955
21/04/2016 21:30;1,2688;1,2685;0,10884;0,10884;0,6958;0,6954
21/04/2016 21:45;1,2693;1,2688;0,10885;0,10883;0,6961;0,6958
21/04/2016 22:00;1,2693;1,2689;0,10884;0,10883;0,696;0,6957
21/04/2016 22:15;1,2693;1,2689;0,10884;0,10883;0,696;0,6957
21/04/2016 22:30;1,2693;1,2688;0,10883;0,10882;0,6962;0,696
21/04/2016 22:45;1,2691;1,2686;0,10882;0,10881;0,6962;0,6958
21/04/2016 23:00;1,2692;1,2685;0,10883;0,10879;0,6961;0,6957
21/04/2016 23:15;1,269;1,2686;0,10881;0,10879;0,6961;0,6959
21/04/2016 23:30;1,269;1,2687;0,1088;0,1088;0,6963;0,6961
21/04/2016 23:45;1,2694;1,2684;0,10881;0,10879;0,6962;0,6959
22/04/2016;1,2689;1,2682;0,1088;0,10879;0,6962;0,6959
22/04/2016 00:15;1,2684;1,2682;0,1088;0,10878;0,696;0,6957
22/04/2016 00:30;1,2684;1,2682;0,1088;0,10878;0,696;0,6957
22/04/2016 00:45;1,2685;1,2681;0,10879;0,10878;0,6961;0,6958
22/04/2016 01:00;1,2684;1,2681;0,10879;0,10878;0,6962;0,696
22/04/2016 01:15;1,2686;1,2683;0,10879;0,10878;0,6963;0,696
22/04/2016 01:30;1,2686;1,2683;0,10879;0,10878;0,6964;0,6961
22/04/2016 01:45;1,2689;1,2682;0,10878;0,10876;0,6963;0,6959
22/04/2016 02:00;1,269;1,2684;0,10877;0,10876;0,6965;0,696
22/04/2016 02:15;1,2691;1,2685;0,10877;0,10875;0,6966;0,6964
22/04/2016 02:30;1,2689;1,2686;0,10876;0,10875;0,6965;0,6963
22/04/2016 02:45;1,2693;1,2685;0,10876;0,10875;0,6968;0,6965
22/04/2016 03:00;1,2693;1,2686;0,10876;0,10874;0,6967;0,6965
22/04/2016 03:15;1,2693;1,2688;0,10876;0,10875;0,6966;0,6964
22/04/2016 03:30;1,2694;1,2688;0,10876;0,10874;0,6966;0,6964
22/04/2016 03:45;1,2696;1,2693;0,10875;0,10874;0,6966;0,6964
22/04/2016 04:00;1,2695;1,2691;0,10876;0,10874;0,6968;0,6964
22/04/2016 04:15;1,2696;1,2692;0,10875;0,10874;0,697;0,6965
22/04/2016 04:30;1,2697;1,2694;0,10876;0,10874;0,6971;0,6968
22/04/2016 04:45;1,2696;1,2691;0,10875;0,10875;0,697;0,6964
22/04/2016 05:00;1,2702;1,2689;0,10875;0,10874;0,6965;0,6963
22/04/2016 05:15;1,2701;1,2691;0,10875;0,10874;0,6964;0,6962
22/04/2016 05:30;1,2694;1,2691;0,10875;0,10874;0,6963;0,696
22/04/2016 05:45;1,2697;1,2691;0,10875;0,10874;0,6963;0,6958
22/04/2016 06:00;1,2694;1,269;0,10875;0,10874;0,696;0,6957
22/04/2016 06:15;1,2695;1,2692;0,10875;0,10874;0,6963;0,696
22/04/2016 06:30;1,2704;1,2691;0,10879;0,10875;0,6965;0,6961
22/04/2016 06:45;1,2708;1,2699;0,10879;0,10875;0,6964;0,6961
22/04/2016 07:00;1,2707;1,27;0,10879;0,10877;0,6967;0,6962
22/04/2016 07:15;1,2703;1,2698;0,10877;0,10875;0,6968;0,6964
22/04/2016 07:30;1,2705;1,2699;0,10877;0,10875;0,6966;0,6964
22/04/2016 07:45;1,2712;1,2702;0,10882;0,10877;0,6972;0,6966
22/04/2016 08:00;1,2713;1,2707;0,10891;0,10883;0,6975;0,697
22/04/2016 08:15;1,2712;1,2705;0,10888;0,10881;0,6973;0,6967
22/04/2016 08:30;1,2721;1,2706;0,10883;0,10877;0,697;0,6965
22/04/2016 08:45;1,2727;1,2715;0,1088;0,10874;0,6966;0,6957
22/04/2016 09:00;1,2728;1,271;0,10883;0,10874;0,6963;0,6957
22/04/2016 09:15;1,2717;1,2704;0,10887;0,10875;0,6968;0,6956
22/04/2016 09:30;1,2716;1,2704;0,10889;0,10882;0,6968;0,6958
22/04/2016 09:45;1,2714;1,2702;0,10896;0,1088;0,6962;0,6958
22/04/2016 10:00;1,2717;1,2709;0,10907;0,10896;0,6964;0,6957
22/04/2016 10:15;1,2727;1,2716;0,10908;0,109;0,6966;0,6958
22/04/2016 10:30;1,2734;1,2718;0,10904;0,10896;0,696;0,6957
22/04/2016 10:45;1,2731;1,2718;0,10902;0,109;0,696;0,6954
22/04/2016 11:00;1,2726;1,2718;0,10908;0,10901;0,696;0,6955
22/04/2016 11:15;1,2722;1,2708;0,10923;0,10907;0,6959;0,6956
22/04/2016 11:30;1,2719;1,2707;0,10924;0,10918;0,6959;0,6954
22/04/2016 11:45;1,2725;1,2715;0,10927;0,10923;0,6958;0,6952
22/04/2016 12:00;1,273;1,272;0,10933;0,10923;0,6964;0,6955
22/04/2016 12:15;1,2753;1,2728;0,10946;0,10927;0,6979;0,6962
22/04/2016 12:30;1,2752;1,274;0,10957;0,1095;0,6979;0,6972
22/04/2016 12:45;1,2759;1,2742;0,10957;0,10952;0,6984;0,6972
22/04/2016 13:00;1,277;1,2753;0,10959;0,10944;0,6982;0,6974
22/04/2016 13:15;1,2771;1,2759;0,10963;0,10957;0,6981;0,6976
22/04/2016 13:30;1,277;1,2763;0,10966;0,10956;0,6979;0,6974
22/04/2016 13:45;1,2779;1,2764;0,10957;0,10949;0,6978;0,6974
22/04/2016 14:00;1,278;1,2762;0,10955;0,1094;0,6981;0,697
22/04/2016 14:15;1,2779;1,2766;0,10948;0,10939;0,6981;0,6972
22/04/2016 14:30;1,278;1,2772;0,10949;0,10942;0,7016;0,6984
22/04/2016 14:45;1,2776;1,2765;0,10943;0,10938;0,7018;0,7009
22/04/2016 15:00;1,2808;1,2772;0,10946;0,10937;0,7027;0,7015
22/04/2016 15:15;1,2806;1,2792;0,10946;0,10939;0,7025;0,7017
22/04/2016 15:30;1,2803;1,2788;0,10942;0,10934;0,7022;0,7017
22/04/2016 15:45;1,2807;1,2787;0,10941;0,10936;0,703;0,7021
22/04/2016 16:00;1,282;1,2804;0,10945;0,10936;0,7035;0,7023
22/04/2016 16:15;1,2829;1,2796;0,10944;0,10939;0,7032;0,702
22/04/2016 16:30;1,2807;1,2794;0,10944;0,10942;0,7029;0,7019
22/04/2016 16:45;1,2822;1,2801;0,10946;0,10941;0,7033;0,7017
22/04/2016 17:00;1,2829;1,2796;0,10947;0,10942;0,7042;0,7022
22/04/2016 17:15;1,2802;1,2784;0,10948;0,10945;0,7025;0,7014
22/04/2016 17:30;1,2799;1,2786;0,10953;0,10948;0,7026;0,702
22/04/2016 17:45;1,2802;1,2786;0,10952;0,10949;0,7021;0,7015
22/04/2016 18:00;1,2813;1,2796;0,10951;0,10939;0,7021;0,7017
22/04/2016 18:15;1,2819;1,2801;0,1094;0,10932;0,7017;0,7009
22/04/2016 18:30;1,2812;1,2801;0,10934;0,10931;0,7014;0,7008
22/04/2016 18:45;1,282;1,2806;0,10936;0,10929;0,7011;0,7005
22/04/2016 19:00;1,2829;1,2818;0,10931;0,1093;0,7017;0,7009
22/04/2016 19:15;1,2827;1,2815;0,10931;0,10927;0,7016;0,701
22/04/2016 19:30;1,2825;1,2816;0,10929;0,10927;0,7023;0,7012
22/04/2016 19:45;1,2834;1,2823;0,10929;0,10926;0,7028;0,7023
22/04/2016 20:00;1,2846;1,2833;0,10933;0,10928;0,7029;0,7022
22/04/2016 20:15;1,2848;1,2834;0,10928;0,1092;0,7026;0,7021
22/04/2016 20:30;1,2837;1,2831;0,1092;0,10917;0,7025;0,7021
22/04/2016 20:45;1,2837;1,283;0,10921;0,10916;0,7024;0,702
22/04/2016 21:00;1,2833;1,283;0,10919;0,10916;0,7024;0,7022
22/04/2016 21:15;1,2832;1,2827;0,10919;0,10916;0,7024;0,7018
22/04/2016 21:30;1,2835;1,283;0,10919;0,10918;0,703;0,7024
22/04/2016 21:45;1,2844;1,2827;0,10922;0,10918;0,7033;0,7025
22/04/2016 22:00;1,2843;1,2837;0,10921;0,10918;0,7035;0,703
22/04/2016 22:15;1,2841;1,2835;0,10921;0,10914;0,7035;0,7029
22/04/2016 22:30;1,2844;1,2834;0,10915;0,10905;0,7036;0,7027
22/04/2016 22:45;1,2849;1,2838;0,10923;0,10908;0,7033;0,7026
24/04/2016 21:00;1,2845;1,283;0,10919;0,10915;0,7028;0,7025
24/04/2016 21:15;1,2843;1,2837;0,10916;0,10912;0,7028;0,7027
24/04/2016 21:30;1,2857;1,2839;0,10917;0,10912;0,703;0,7027
24/04/2016 21:45;1,2869;1,2857;0,10914;0,10912;0,7029;0,7028
24/04/2016 22:00;1,2893;1,2865;0,10928;0,10913;0,7032;0,7029
24/04/2016 22:15;1,2897;1,2887;0,10922;0,10914;0,7036;0,7033
24/04/2016 22:30;1,2898;1,2889;0,10921;0,10918;0,7038;0,7036
24/04/2016 22:45;1,2899;1,2895;0,10921;0,1092;0,7039;0,7035
24/04/2016 23:00;1,2896;1,2887;0,10929;0,10919;0,704;0,7037
24/04/2016 23:15;1,2892;1,2879;0,10922;0,10919;0,704;0,7037
24/04/2016 23:30;1,2888;1,2878;0,10927;0,10919;0,7042;0,7036
24/04/2016 23:45;1,289;1,2876;0,10921;0,10917;0,7042;0,704
25/04/2016;1,2886;1,2868;0,10919;0,10917;0,704;0,7035
25/04/2016 00:15;1,2874;1,2858;0,10919;0,10917;0,7036;0,7027
25/04/2016 00:30;1,2868;1,286;0,10918;0,10917;0,703;0,7027
25/04/2016 00:45;1,2869;1,2862;0,10918;0,10917;0,7034;0,7029
25/04/2016 01:00;1,287;1,286;0,10919;0,10915;0,7032;0,7028
25/04/2016 01:15;1,2864;1,2857;0,10917;0,10915;0,7029;0,7028
25/04/2016 01:30;1,2862;1,2858;0,1092;0,10915;0,703;0,7028
25/04/2016 01:45;1,2862;1,2856;0,1092;0,10919;0,7029;0,7025
25/04/2016 02:00;1,2863;1,2845;0,10919;0,10915;0,7026;0,7021
25/04/2016 02:15;1,2854;1,2846;0,10919;0,10914;0,7023;0,702
25/04/2016 02:30;1,2859;1,2853;0,10921;0,10919;0,7024;0,7019
25/04/2016 02:45;1,2863;1,2852;0,1092;0,10913;0,7024;0,7019
25/04/2016 03:00;1,286;1,2849;0,10918;0,10915;0,7022;0,7019
25/04/2016 03:15;1,2853;1,2848;0,10919;0,10918;0,7022;0,7015
25/04/2016 03:30;1,2851;1,2843;0,10918;0,10917;0,7018;0,7012
25/04/2016 03:45;1,2845;1,2842;0,10917;0,1091;0,7015;0,7009
25/04/2016 04:00;1,2848;1,2843;0,10911;0,1091;0,7017;0,7009
25/04/2016 04:15;1,2848;1,2838;0,10911;0,10909;0,7016;0,701
25/04/2016 04:30;1,2842;1,2835;0,10909;0,10908;0,7013;0,7009
25/04/2016 04:45;1,2844;1,2835;0,10909;0,10908;0,7014;0,7012
25/04/2016 05:00;1,284;1,2834;0,10909;0,10908;0,7013;0,701
25/04/2016 05:15;1,2838;1,2834;0,10908;0,10908;0,701;0,7008
25/04/2016 05:30;1,2838;1,2834;0,10908;0,10907;0,7012;0,7009
25/04/2016 05:45;1,2847;1,2838;0,10908;0,10907;0,7013;0,7011
25/04/2016 06:00;1,2847;1,2841;0,10908;0,10905;0,7013;0,7012
25/04/2016 06:15;1,2847;1,2842;0,10907;0,10904;0,7012;0,7009
25/04/2016 06:30;1,2844;1,2832;0,10912;0,10906;0,7011;0,7008
25/04/2016 06:45;1,2837;1,2832;0,10913;0,10912;0,7011;0,7008
25/04/2016 07:00;1,2837;1,2833;0,10913;0,10905;0,7012;0,701
25/04/2016 07:15;1,2836;1,2828;0,10911;0,10905;0,7012;0,7009
25/04/2016 07:30;1,2838;1,283;0,10907;0,10905;0,701;0,7008
25/04/2016 07:45;1,2852;1,2834;0,10918;0,10906;0,7016;0,7008
25/04/2016 08:00;1,2851;1,2841;0,10917;0,10912;0,7019;0,7011
25/04/2016 08:15;1,2858;1,2848;0,10919;0,10915;0,7023;0,7019
25/04/2016 08:30;1,2861;1,2849;0,10925;0,10916;0,7022;0,702
25/04/2016 08:45;1,2851;1,2836;0,10928;0,10919;0,7019;0,7014
25/04/2016 09:00;1,2845;1,2809;0,10929;0,10923;0,7016;0,7004
25/04/2016 09:15;1,2818;1,2805;0,10929;0,10923;0,7003;0,6997
25/04/2016 09:30;1,2814;1,2805;0,10922;0,10906;0,7;0,6996
25/04/2016 09:45;1,2816;1,2805;0,10913;0,10907;0,7;0,6993
25/04/2016 10:00;1,282;1,2804;0,10915;0,10912;0,7003;0,6996
25/04/2016 10:15;1,2819;1,2801;0,10919;0,1091;0,7009;0,7
25/04/2016 10:30;1,2824;1,2812;0,10912;0,10907;0,7011;0,7007
25/04/2016 10:45;1,2826;1,2817;0,10911;0,10906;0,7007;0,6999
25/04/2016 11:00;1,2823;1,2814;0,10908;0,10905;0,7001;0,6992
25/04/2016 11:15;1,2826;1,2815;0,10907;0,10903;0,6995;0,6989
25/04/2016 11:30;1,2826;1,2813;0,10914;0,10905;0,7;0,6994
25/04/2016 11:45;1,2828;1,2816;0,10915;0,1091;0,7002;0,6997
25/04/2016 12:00;1,2839;1,2821;0,10925;0,10915;0,7004;0,6999
25/04/2016 12:15;1,2844;1,2833;0,10923;0,10918;0,7002;0,7
25/04/2016 12:30;1,2847;1,2841;0,1093;0,10921;0,7011;0,7002
25/04/2016 12:45;1,2847;1,2838;0,10924;0,10921;0,7013;0,7007
25/04/2016 13:00;1,2861;1,2839;0,10924;0,1092;0,7009;0,7003
25/04/2016 13:15;1,287;1,2852;0,10925;0,10921;0,7009;0,7005
25/04/2016 13:30;1,2881;1,2863;0,10922;0,10916;0,7013;0,7007
25/04/2016 13:45;1,2893;1,2874;0,10924;0,10921;0,7013;0,7008
25/04/2016 14:00;1,2895;1,2874;0,10924;0,1092;0,7011;0,6999
25/04/2016 14:15;1,2881;1,2866;0,10924;0,10916;0,7001;0,6996
25/04/2016 14:30;1,2882;1,2865;0,10926;0,10918;0,7012;0,7001
25/04/2016 14:45;1,2882;1,2868;0,10935;0,10924;0,702;0,7008
25/04/2016 15:00;1,2877;1,2858;0,10938;0,10929;0,7012;0,7001
25/04/2016 15:15;1,2874;1,2855;0,10929;0,10919;0,7012;0,6999
25/04/2016 15:30;1,2877;1,2869;0,10932;0,1092;0,7014;0,7003
25/04/2016 15:45;1,2875;1,2867;0,10928;0,10921;0,7009;0,7003
25/04/2016 16:00;1,2869;1,2842;0,10927;0,10923;0,7007;0,6995
25/04/2016 16:15;1,2854;1,2844;0,10926;0,10915;0,7008;0,6996
25/04/2016 16:30;1,2865;1,2848;0,10916;0,10912;0,7007;0,7002
25/04/2016 16:45;1,2871;1,2864;0,10924;0,10914;0,7012;0,7005
25/04/2016 17:00;1,287;1,286;0,10923;0,10918;0,701;0,7003
25/04/2016 17:15;1,2867;1,2858;0,10921;0,10914;0,7004;0,6999
25/04/2016 17:30;1,2862;1,2855;0,10916;0,10912;0,7003;0,6999
25/04/2016 17:45;1,2861;1,2852;0,10914;0,10911;0,7;0,6993
25/04/2016 18:00;1,2855;1,2848;0,10913;0,1091;0,6998;0,6994
25/04/2016 18:15;1,286;1,2853;0,10918;0,10913;0,7;0,6994
25/04/2016 18:30;1,2863;1,2854;0,1092;0,10918;0,6996;0,6993
25/04/2016 18:45;1,2868;1,2854;0,1092;0,10919;0,7004;0,6994
25/04/2016 19:00;1,2864;1,285;0,10919;0,10915;0,6999;0,6994
25/04/2016 19:15;1,286;1,2852;0,10915;0,10911;0,6999;0,6995
25/04/2016 19:30;1,2858;1,2852;0,10915;0,10909;0,7;0,6994
25/04/2016 19:45;1,2857;1,2852;0,10909;0,10907;0,6998;0,6993
25/04/2016 20:00;1,286;1,2852;0,10911;0,10909;0,7;0,6996
25/04/2016 20:15;1,2859;1,285;0,1091;0,10906;0,7;0,6995
25/04/2016 20:30;1,2854;1,2852;0,10906;0,10905;0,6996;0,6993
25/04/2016 20:45;1,2858;1,285;0,10906;0,10901;0,7002;0,6994
25/04/2016 21:00;1,2857;1,285;0,10902;0,10899;0,7;0,6995
25/04/2016 21:15;1,2852;1,2847;0,10901;0,10899;0,6996;0,6994
25/04/2016 21:30;1,2855;1,285;0,109;0,10897;0,6999;0,6995
25/04/2016 21:45;1,2857;1,2853;0,10901;0,10898;0,7001;0,6998
25/04/2016 22:00;1,2857;1,2855;0,10906;0,10899;0,7005;0,7001
25/04/2016 22:15;1,2858;1,2855;0,10904;0,109;0,7005;0,7003
25/04/2016 22:30;1,2857;1,2852;0,10903;0,109;0,7005;0,7001
25/04/2016 22:45;1,2857;1,2849;0,10906;0,10903;0,7002;0,6999
25/04/2016 23:00;1,2857;1,2851;0,10919;0,10901;0,7003;0,6998
25/04/2016 23:15;1,2858;1,2852;0,10906;0,10904;0,7001;0,6996
25/04/2016 23:30;1,2855;1,2851;0,10906;0,109;0,7002;0,6996
25/04/2016 23:45;1,2856;1,2849;0,10903;0,109;0,7001;0,6995
26/04/2016;1,2855;1,2852;0,10904;0,10902;0,7002;0,6997
26/04/2016 00:15;1,2855;1,2851;0,10903;0,10902;0,6999;0,6998
26/04/2016 00:30;1,2859;1,2851;0,10903;0,10902;0,7002;0,6998
26/04/2016 00:45;1,2857;1,2851;0,10903;0,10902;0,7001;0,6999
26/04/2016 01:00;1,2856;1,2852;0,10903;0,10902;0,7002;0,6999
26/04/2016 01:15;1,2857;1,2854;0,10904;0,10902;0,7002;0,6999
26/04/2016 01:30;1,2858;1,2854;0,10904;0,10902;0,7001;0,6999
26/04/2016 01:45;1,2859;1,2857;0,10904;0,10903;0,7002;0,7
26/04/2016 02:00;1,286;1,2855;0,10904;0,10903;0,7003;0,7
26/04/2016 02:15;1,2859;1,2854;0,10903;0,10902;0,7002;0,6999
26/04/2016 02:30;1,286;1,2857;0,10903;0,10902;0,7002;0,7
26/04/2016 02:45;1,2864;1,2858;0,10904;0,10902;0,7003;0,7001
26/04/2016 03:00;1,2871;1,2863;0,10903;0,10901;0,7004;0,7002
26/04/2016 03:15;1,2877;1,287;0,10903;0,10901;0,7008;0,7005
26/04/2016 03:30;1,2875;1,2871;0,10902;0,10901;0,7009;0,7007
26/04/2016 03:45;1,2875;1,2868;0,10903;0,10902;0,7008;0,7005
26/04/2016 04:00;1,2873;1,2868;0,10903;0,10901;0,7008;0,7006
26/04/2016 04:15;1,2871;1,2864;0,10902;0,10901;0,7006;0,7003
26/04/2016 04:30;1,2868;1,2864;0,10903;0,10902;0,7007;0,7005
26/04/2016 04:45;1,2869;1,2866;0,10903;0,10901;0,7007;0,7004
26/04/2016 05:00;1,2867;1,2862;0,10903;0,10901;0,7007;0,7003
26/04/2016 05:15;1,2866;1,2859;0,10904;0,10903;0,7007;0,7004
26/04/2016 05:30;1,2862;1,2859;0,10903;0,10902;0,7007;0,7003
26/04/2016 05:45;1,286;1,2855;0,10903;0,10902;0,7005;0,7001
26/04/2016 06:00;1,2861;1,2855;0,10903;0,10902;0,7003;0,7001
26/04/2016 06:15;1,2865;1,286;0,10903;0,10902;0,7005;0,7002
26/04/2016 06:30;1,2871;1,2864;0,10903;0,10902;0,7006;0,7004
26/04/2016 06:45;1,2877;1,2869;0,10903;0,10902;0,7007;0,7005
26/04/2016 07:00;1,2877;1,2866;0,10903;0,10901;0,7009;0,7004
26/04/2016 07:15;1,2869;1,2865;0,10903;0,109;0,7007;0,7005
26/04/2016 07:30;1,2871;1,2867;0,10904;0,10903;0,7007;0,7004
26/04/2016 07:45;1,2868;1,2863;0,10904;0,10901;0,7005;0,6999
26/04/2016 08:00;1,2871;1,2862;0,1091;0,10902;0,7004;0,7001
26/04/2016 08:15;1,2869;1,2858;0,1091;0,10906;0,7003;0,6998
26/04/2016 08:30;1,2865;1,2856;0,1091;0,10909;0,7001;0,6997
26/04/2016 08:45;1,2871;1,2863;0,10912;0,10907;0,7004;0,7
26/04/2016 09:00;1,2888;1,2868;0,10909;0,10905;0,7009;0,7001
26/04/2016 09:15;1,2909;1,2886;0,10908;0,10902;0,7008;0,7004
26/04/2016 09:30;1,2908;1,2892;0,10911;0,10902;0,7019;0,7007
26/04/2016 09:45;1,2904;1,2886;0,10908;0,109;0,7019;0,7011
26/04/2016 10:00;1,2893;1,2881;0,10912;0,10905;0,7015;0,7011
26/04/2016 10:15;1,2894;1,2883;0,10913;0,10909;0,7015;0,7008
26/04/2016 10:30;1,2898;1,2888;0,10921;0,10914;0,7013;0,7006
26/04/2016 10:45;1,2903;1,2889;0,1092;0,10918;0,7006;0,7002
26/04/2016 11:00;1,2905;1,2894;0,10924;0,10914;0,7007;0,7003
26/04/2016 11:15;1,291;1,2895;0,10923;0,10917;0,7011;0,7004
26/04/2016 11:30;1,2914;1,2903;0,10922;0,10916;0,7014;0,7009
26/04/2016 11:45;1,2906;1,2898;0,10925;0,10922;0,701;0,7003
26/04/2016 12:00;1,29;1,2886;0,10925;0,10916;0,7005;0,7
26/04/2016 12:15;1,2912;1,2894;0,10918;0,10916;0,701;0,7004
26/04/2016 12:30;1,2914;1,2903;0,10918;0,10914;0,7008;0,7004
26/04/2016 12:45;1,291;1,2903;0,10917;0,10911;0,7007;0,7003
26/04/2016 13:00;1,2908;1,2903;0,1092;0,10916;0,7011;0,7005
26/04/2016 13:15;1,2905;1,2899;0,10922;0,10915;0,7013;0,7008
26/04/2016 13:30;1,2905;1,2899;0,10919;0,10914;0,7008;0,7005
26/04/2016 13:45;1,2909;1,2901;0,10915;0,1091;0,7008;0,7005
26/04/2016 14:00;1,2907;1,2902;0,10926;0,10914;0,7011;0,7005
26/04/2016 14:15;1,2918;1,2902;0,10927;0,10921;0,7007;0,7001
26/04/2016 14:30;1,2918;1,2904;0,10929;0,10922;0,7005;0,6994
26/04/2016 14:45;1,2921;1,2912;0,10924;0,10915;0,6996;0,699
26/04/2016 15:00;1,2928;1,2919;0,10922;0,10912;0,6997;0,699
26/04/2016 15:15;1,292;1,2904;0,10926;0,10917;0,6994;0,698
26/04/2016 15:30;1,2912;1,2902;0,10925;0,10919;0,6982;0,6978
26/04/2016 15:45;1,2922;1,2911;0,1092;0,10916;0,6988;0,698
26/04/2016 16:00;1,2921;1,29;0,1092;0,10904;0,6994;0,6983
26/04/2016 16:15;1,2911;1,2903;0,10906;0,10902;0,6994;0,6986
26/04/2016 16:30;1,2912;1,2886;0,10906;0,10902;0,6995;0,6987
26/04/2016 16:45;1,2904;1,2885;0,10908;0,10902;0,7008;0,6991
26/04/2016 17:00;1,2911;1,2894;0,10909;0,10904;0,7008;0,7002
26/04/2016 17:15;1,2907;1,29;0,10909;0,10904;0,7004;0,6998
26/04/2016 17:30;1,2904;1,2897;0,10913;0,10908;0,7008;0,7002
26/04/2016 17:45;1,2911;1,2903;0,10913;0,1091;0,7008;0,7003
26/04/2016 18:00;1,2917;1,2907;0,10913;0,10908;0,7009;0,7004
26/04/2016 18:15;1,2918;1,291;0,10909;0,10906;0,7007;0,7003
26/04/2016 18:30;1,2918;1,2912;0,10906;0,10903;0,7006;0,7003
26/04/2016 18:45;1,292;1,291;0,10903;0,10901;0,701;0,7003
26/04/2016 19:00;1,2916;1,2906;0,10902;0,10899;0,7014;0,7009
26/04/2016 19:15;1,292;1,2913;0,109;0,10898;0,7019;0,7012
26/04/2016 19:30;1,2921;1,2912;0,109;0,10897;0,7021;0,7019
26/04/2016 19:45;1,2917;1,2912;0,109;0,10895;0,7019;0,7017
26/04/2016 20:00;1,2917;1,2913;0,10901;0,10899;0,7023;0,7018
26/04/2016 20:15;1,2918;1,2913;0,10901;0,10899;0,7025;0,702
26/04/2016 20:30;1,2916;1,2908;0,109;0,10899;0,7021;0,7017
26/04/2016 20:45;1,2914;1,2907;0,109;0,10899;0,7022;0,7018
26/04/2016 21:00;1,2913;1,2901;0,10901;0,109;0,7018;0,7017
26/04/2016 21:15;1,2911;1,2902;0,109;0,10899;0,7021;0,7018
26/04/2016 21:30;1,2912;1,2905;0,10901;0,109;0,7023;0,702
26/04/2016 21:45;1,2913;1,2905;0,10904;0,109;0,7023;0,7019
26/04/2016 22:00;1,2909;1,2906;0,10902;0,109;0,7024;0,7018
26/04/2016 22:15;1,2908;1,2904;0,10902;0,10901;0,7024;0,7022
26/04/2016 22:30;1,2907;1,2901;0,10901;0,10897;0,7027;0,7021
26/04/2016 22:45;1,2907;1,2901;0,10901;0,10899;0,7024;0,702
26/04/2016 23:00;1,2908;1,2898;0,10901;0,10899;0,7024;0,7019
26/04/2016 23:15;1,2907;1,2897;0,10901;0,10899;0,7025;0,702
26/04/2016 23:30;1,2902;1,2898;0,10901;0,10898;0,7021;0,702
26/04/2016 23:45;1,2903;1,2898;0,10902;0,10899;0,7023;0,7021
27/04/2016;1,2904;1,29;0,10901;0,10899;0,7022;0,7022
27/04/2016 00:15;1,2903;1,29;0,109;0,10898;0,7022;0,702
27/04/2016 00:30;1,2902;1,29;0,10899;0,10898;0,7022;0,702
27/04/2016 00:45;1,2904;1,2901;0,10899;0,10898;0,7022;0,702
27/04/2016 01:00;1,2905;1,2902;0,10899;0,10899;0,7022;0,7021
27/04/2016 01:15;1,2906;1,2902;0,10899;0,10898;0,7023;0,702
27/04/2016 01:30;1,2905;1,2901;0,10899;0,10898;0,7022;0,702
27/04/2016 01:45;1,2904;1,29;0,109;0,10898;0,7021;0,7019
27/04/2016 02:00;1,2902;1,2897;0,10899;0,10898;0,702;0,7018
27/04/2016 02:15;1,2902;1,2898;0,10899;0,10898;0,7021;0,7017
27/04/2016 02:30;1,2902;1,2898;0,10899;0,10898;0,7019;0,7017
27/04/2016 02:45;1,2902;1,2898;0,10899;0,10898;0,7019;0,7016
27/04/2016 03:00;1,2904;1,2899;0,10898;0,10897;0,7016;0,7014
27/04/2016 03:15;1,2907;1,2903;0,10898;0,10897;0,7021;0,7016
27/04/2016 03:30;1,2906;1,2898;0,10898;0,10894;0,7018;0,7013
27/04/2016 03:45;1,2902;1,2896;0,10895;0,10885;0,7018;0,7015
27/04/2016 04:00;1,2897;1,2891;0,10886;0,10884;0,7017;0,7012
27/04/2016 04:15;1,2895;1,2891;0,1089;0,10885;0,7017;0,7012
27/04/2016 04:30;1,2899;1,2893;0,10899;0,10889;0,7017;0,7015
27/04/2016 04:45;1,29;1,2898;0,10898;0,10892;0,7018;0,7016
27/04/2016 05:00;1,2902;1,2899;0,10896;0,10892;0,7018;0,7016
27/04/2016 05:15;1,2902;1,2896;0,10895;0,10893;0,7018;0,7016
27/04/2016 05:30;1,2899;1,2896;0,10894;0,10894;0,7017;0,7015
27/04/2016 05:45;1,2902;1,2896;0,10895;0,10894;0,7016;0,7014
27/04/2016 06:00;1,2905;1,2901;0,10895;0,10892;0,7018;0,7015
27/04/2016 06:15;1,2908;1,2904;0,10892;0,10891;0,702;0,7016
27/04/2016 06:30;1,2908;1,2906;0,10892;0,1089;0,7017;0,7016
27/04/2016 06:45;1,2907;1,2904;0,10897;0,10891;0,7019;0,7017
27/04/2016 07:00;1,2905;1,2898;0,10897;0,10895;0,7019;0,7014
27/04/2016 07:15;1,29;1,2897;0,10897;0,10896;0,7015;0,7014
27/04/2016 07:30;1,2898;1,2892;0,109;0,10895;0,7015;0,7013
27/04/2016 07:45;1,2896;1,2888;0,109;0,10899;0,7016;0,7014
27/04/2016 08:00;1,2892;1,2883;0,10899;0,10891;0,7014;0,701
27/04/2016 08:15;1,2894;1,2886;0,10899;0,10895;0,7012;0,7007
27/04/2016 08:30;1,289;1,2887;0,10898;0,10894;0,7011;0,7006
27/04/2016 08:45;1,2892;1,2887;0,10899;0,10897;0,701;0,7004
27/04/2016 09:00;1,2908;1,2882;0,109;0,10885;0,7008;0,7002
27/04/2016 09:15;1,2909;1,2896;0,10898;0,10885;0,7007;0,7003
27/04/2016 09:30;1,2897;1,2884;0,10895;0,10889;0,7004;0,6999
27/04/2016 09:45;1,2889;1,2882;0,1089;0,10884;0,7;0,6997
27/04/2016 10:00;1,2886;1,2854;0,10886;0,10882;0,7;0,6997
27/04/2016 10:15;1,2865;1,2847;0,1089;0,10882;0,7008;0,6996
27/04/2016 10:30;1,2884;1,2861;0,1089;0,10888;0,7022;0,7005
27/04/2016 10:45;1,2891;1,2878;0,10888;0,10886;0,7021;0,7015
27/04/2016 11:00;1,2895;1,2886;0,10888;0,10883;0,7023;0,7017
27/04/2016 11:15;1,2898;1,2887;0,10896;0,10886;0,7022;0,7019
27/04/2016 11:30;1,2903;1,2894;0,10905;0,10892;0,7027;0,7019
27/04/2016 11:45;1,291;1,2899;0,10906;0,10901;0,7029;0,7026
27/04/2016 12:00;1,2917;1,2904;0,10904;0,10903;0,7028;0,7017
27/04/2016 12:15;1,2922;1,2912;0,10915;0,10904;0,7024;0,702
27/04/2016 12:30;1,2918;1,2906;0,10915;0,1091;0,702;0,7017
27/04/2016 12:45;1,2919;1,2906;0,10912;0,10908;0,7023;0,7016
27/04/2016 13:00;1,2919;1,2906;0,10913;0,10907;0,7023;0,7017
27/04/2016 13:15;1,2912;1,2905;0,10916;0,10909;0,7023;0,7017
27/04/2016 13:30;1,2913;1,2906;0,10915;0,10914;0,7025;0,702
27/04/2016 13:45;1,2914;1,2905;0,1092;0,10915;0,7028;0,7023
27/04/2016 14:00;1,2922;1,2907;0,10917;0,10915;0,7031;0,7025
27/04/2016 14:15;1,291;1,2874;0,1092;0,10916;0,7031;0,7023
27/04/2016 14:30;1,2889;1,2872;0,10923;0,10914;0,7027;0,7021
27/04/2016 14:45;1,2888;1,2878;0,10925;0,10918;0,7024;0,7019
27/04/2016 15:00;1,2887;1,2874;0,10919;0,10913;0,702;0,7015
27/04/2016 15:15;1,2883;1,2871;0,10916;0,10908;0,7021;0,7014
27/04/2016 15:30;1,2882;1,2871;0,10922;0,10913;0,7019;0,7014
27/04/2016 15:45;1,2883;1,2871;0,10918;0,10914;0,7023;0,7011
27/04/2016 16:00;1,2883;1,2874;0,10922;0,10912;0,7025;0,7014
27/04/2016 16:15;1,2877;1,287;0,10921;0,10914;0,7016;0,7011
27/04/2016 16:30;1,2875;1,2856;0,10921;0,10915;0,701;0,6991
27/04/2016 16:45;1,2863;1,285;0,10929;0,10914;0,6993;0,6986
27/04/2016 17:00;1,286;1,2846;0,10929;0,10921;0,6996;0,6986
27/04/2016 17:15;1,2859;1,2847;0,10924;0,10919;0,6996;0,6988
27/04/2016 17:30;1,2866;1,2851;0,10928;0,10923;0,7;0,6992
27/04/2016 17:45;1,286;1,2846;0,10928;0,10926;0,6998;0,699
27/04/2016 18:00;1,2857;1,2849;0,10929;0,10926;0,6992;0,6989
27/04/2016 18:15;1,2855;1,2849;0,10928;0,10924;0,6993;0,699
27/04/2016 18:30;1,2856;1,2846;0,10925;0,10924;0,6992;0,6988
27/04/2016 18:45;1,2858;1,2848;0,10924;0,10915;0,6992;0,6989
27/04/2016 19:00;1,2857;1,2834;0,10918;0,10911;0,699;0,6985
27/04/2016 19:15;1,2849;1,2838;0,10913;0,10909;0,699;0,6981
27/04/2016 19:30;1,2854;1,284;0,10919;0,10911;0,6993;0,6985
27/04/2016 19:45;1,2846;1,2835;0,10926;0,10914;0,6986;0,6981
27/04/2016 20:00;1,2869;1,283;0,10922;0,10917;0,7001;0,6982
27/04/2016 20:15;1,2856;1,2847;0,10926;0,10918;0,701;0,6998
27/04/2016 20:30;1,2855;1,2839;0,10919;0,10912;0,7;0,699
27/04/2016 20:45;1,2854;1,2835;0,10921;0,10914;0,7001;0,6995
27/04/2016 21:00;1,2849;1,2836;0,10922;0,10916;0,7006;0,6998
27/04/2016 21:15;1,285;1,2841;0,1092;0,10914;0,7006;0,7003
27/04/2016 21:30;1,2852;1,2847;0,10916;0,10912;0,7008;0,7004
27/04/2016 21:45;1,2852;1,2844;0,10917;0,10912;0,7007;0,7004
27/04/2016 22:00;1,2849;1,2845;0,10914;0,10911;0,7007;0,7003
27/04/2016 22:15;1,2848;1,2842;0,10914;0,10913;0,701;0,7006
27/04/2016 22:30;1,2846;1,2841;0,10913;0,10912;0,7013;0,7008
27/04/2016 22:45;1,2847;1,284;0,10912;0,1091;0,7011;0,7009
27/04/2016 23:00;1,2848;1,2839;0,10913;0,10911;0,7015;0,7009
27/04/2016 23:15;1,2846;1,2837;0,10918;0,10912;0,7015;0,7011
27/04/2016 23:30;1,2845;1,2838;0,10913;0,10911;0,7015;0,7009
27/04/2016 23:45;1,2841;1,2834;0,10913;0,10911;0,7015;0,701
28/04/2016;1,2834;1,2831;0,10912;0,10911;0,7011;0,7008
28/04/2016 00:15;1,2833;1,283;0,10912;0,10911;0,7012;0,7008
28/04/2016 00:30;1,2836;1,283;0,10912;0,10912;0,7012;0,701
28/04/2016 00:45;1,2837;1,2834;0,10913;0,10911;0,7013;0,7012
28/04/2016 01:00;1,2837;1,2834;0,10913;0,10912;0,7014;0,7011
28/04/2016 01:15;1,2837;1,2832;0,10916;0,10911;0,7014;0,7012
28/04/2016 01:30;1,2838;1,2833;0,10917;0,10914;0,7015;0,7012
28/04/2016 01:45;1,2838;1,2834;0,10923;0,10917;0,7016;0,7014
28/04/2016 02:00;1,2838;1,2834;0,10923;0,10922;0,7016;0,7014
28/04/2016 02:15;1,284;1,2835;0,10923;0,10922;0,7017;0,7014
28/04/2016 02:30;1,2841;1,2838;0,10923;0,10922;0,7017;0,7015
28/04/2016 02:45;1,2849;1,2836;0,10925;0,10922;0,7023;0,7017
28/04/2016 03:00;1,2853;1,2847;0,10925;0,10924;0,7025;0,7021
28/04/2016 03:15;1,2857;1,2853;0,10925;0,10924;0,7024;0,7019
28/04/2016 03:30;1,2854;1,2849;0,10925;0,10924;0,702;0,7018
28/04/2016 03:45;1,285;1,2847;0,10925;0,10924;0,7021;0,7019
28/04/2016 04:00;1,2854;1,2847;0,10925;0,1092;0,7022;0,702
28/04/2016 04:15;1,2854;1,2849;0,10924;0,10921;0,7023;0,7022
28/04/2016 04:30;1,2855;1,285;0,10924;0,10923;0,7027;0,7023
28/04/2016 04:45;1,286;1,2853;0,10924;0,10923;0,7029;0,7025
28/04/2016 05:00;1,2854;1,2827;0,10924;0,10919;0,7025;0,7008
28/04/2016 05:15;1,2837;1,2823;0,10919;0,10914;0,7012;0,7005
28/04/2016 05:30;1,2828;1,2822;0,10916;0,10913;0,7008;0,7004
28/04/2016 05:45;1,2833;1,2826;0,10916;0,10914;0,7011;0,7007
28/04/2016 06:00;1,2835;1,2825;0,10915;0,10914;0,7011;0,7007
28/04/2016 06:15;1,2834;1,2829;0,10914;0,10913;0,7012;0,7009
28/04/2016 06:30;1,2837;1,2826;0,10915;0,10913;0,7013;0,701
28/04/2016 06:45;1,2837;1,2831;0,10916;0,10913;0,7013;0,7011
28/04/2016 07:00;1,2837;1,2831;0,10913;0,10912;0,7014;0,701
28/04/2016 07:15;1,2843;1,2832;0,10915;0,10912;0,7017;0,7011
28/04/2016 07:30;1,2841;1,2836;0,10917;0,10914;0,7015;0,7013
28/04/2016 07:45;1,284;1,2826;0,10918;0,10915;0,7014;0,7008
28/04/2016 08:00;1,2842;1,2825;0,10927;0,10917;0,7018;0,7007
28/04/2016 08:15;1,2843;1,2833;0,10928;0,10923;0,702;0,7014
28/04/2016 08:30;1,2844;1,2832;0,10928;0,10926;0,702;0,7016
28/04/2016 08:45;1,2849;1,2833;0,10954;0,10926;0,7026;0,7019
28/04/2016 09:00;1,2855;1,2841;0,10939;0,1093;0,7028;0,7022
28/04/2016 09:15;1,285;1,2834;0,10941;0,10932;0,7028;0,7019
28/04/2016 09:30;1,2858;1,284;0,10937;0,10924;0,7026;0,7021
28/04/2016 09:45;1,2868;1,2847;0,10942;0,10932;0,7027;0,7021
28/04/2016 10:00;1,2871;1,2852;0,10939;0,10935;0,7025;0,7019
28/04/2016 10:15;1,2867;1,285;0,10938;0,10931;0,7025;0,702
28/04/2016 10:30;1,2869;1,2856;0,10937;0,10928;0,7022;0,7012
28/04/2016 10:45;1,2863;1,2855;0,10932;0,10921;0,7019;0,7015
28/04/2016 11:00;1,2867;1,2856;0,10927;0,10912;0,7021;0,7014
28/04/2016 11:15;1,286;1,2842;0,10924;0,10914;0,7014;0,7007
28/04/2016 11:30;1,285;1,2841;0,10927;0,10919;0,701;0,7004
28/04/2016 11:45;1,2843;1,283;0,1093;0,10923;0,7008;0,7004
28/04/2016 12:00;1,2845;1,2832;0,1093;0,10923;0,7014;0,7008
28/04/2016 12:15;1,284;1,2823;0,10926;0,10922;0,7013;0,7007
28/04/2016 12:30;1,283;1,2821;0,10925;0,10923;0,7019;0,701
28/04/2016 12:45;1,2834;1,2817;0,10923;0,10922;0,702;0,7005
28/04/2016 13:00;1,2834;1,2819;0,10922;0,10916;0,7004;0,7
28/04/2016 13:15;1,2831;1,2815;0,10919;0,10917;0,7003;0,6991
28/04/2016 13:30;1,2825;1,2814;0,10918;0,10913;0,6993;0,699
28/04/2016 13:45;1,2832;1,2824;0,10913;0,10906;0,6997;0,6992
28/04/2016 14:00;1,2848;1,283;0,10907;0,10897;0,701;0,6998
28/04/2016 14:15;1,2848;1,2841;0,10904;0,10897;0,7015;0,7009
28/04/2016 14:30;1,2854;1,2841;0,10907;0,10901;0,7017;0,701
28/04/2016 14:45;1,2848;1,2833;0,10914;0,10904;0,7013;0,7008
28/04/2016 15:00;1,2842;1,283;0,10922;0,10914;0,7015;0,7005
28/04/2016 15:15;1,2848;1,2834;0,10916;0,10912;0,7013;0,7005
28/04/2016 15:30;1,2852;1,2843;0,10914;0,10913;0,7019;0,701
28/04/2016 15:45;1,2852;1,2841;0,10921;0,10915;0,7023;0,7016
28/04/2016 16:00;1,2856;1,2841;0,10921;0,10917;0,7027;0,7021
28/04/2016 16:15;1,2865;1,2845;0,10924;0,10917;0,7028;0,7016
28/04/2016 16:30;1,2866;1,2854;0,10924;0,1092;0,703;0,7023
28/04/2016 16:45;1,2886;1,2857;0,10925;0,1092;0,7047;0,7026
28/04/2016 17:00;1,2887;1,2875;0,10924;0,10918;0,7046;0,704
28/04/2016 17:15;1,2887;1,2874;0,10925;0,1092;0,7047;0,7043
28/04/2016 17:30;1,2896;1,2885;0,10925;0,1092;0,7045;0,7039
28/04/2016 17:45;1,2886;1,2875;0,10921;0,10918;0,704;0,7035
28/04/2016 18:00;1,288;1,2872;0,10923;0,10917;0,7041;0,7037
28/04/2016 18:15;1,288;1,2871;0,10924;0,1092;0,7037;0,703
28/04/2016 18:30;1,2883;1,2874;0,10924;0,10923;0,7037;0,7029
28/04/2016 18:45;1,2882;1,2873;0,10924;0,10921;0,7037;0,703
28/04/2016 19:00;1,2878;1,2871;0,10922;0,10921;0,703;0,7026
28/04/2016 19:15;1,2882;1,2872;0,10924;0,10922;0,7034;0,7029
28/04/2016 19:30;1,2881;1,2872;0,10924;0,10921;0,7036;0,703
28/04/2016 19:45;1,2883;1,2872;0,10925;0,10922;0,704;0,7035
28/04/2016 20:00;1,2884;1,2873;0,10926;0,10923;0,704;0,7036
28/04/2016 20:15;1,2883;1,2876;0,10927;0,10924;0,7043;0,7036
28/04/2016 20:30;1,2883;1,2876;0,10928;0,10927;0,7043;0,7039
28/04/2016 20:45;1,288;1,2868;0,10927;0,10926;0,704;0,7036
28/04/2016 21:00;1,2873;1,2863;0,10925;0,10918;0,7035;0,7027
28/04/2016 21:15;1,2866;1,286;0,10919;0,10915;0,7028;0,7021
28/04/2016 21:30;1,2867;1,286;0,10916;0,1091;0,7023;0,7018
28/04/2016 21:45;1,2868;1,2858;0,10912;0,1091;0,7021;0,7013
28/04/2016 22:00;1,2874;1,2864;0,10918;0,1091;0,7021;0,7017
28/04/2016 22:15;1,2871;1,2865;0,10917;0,10915;0,7025;0,7021
28/04/2016 22:30;1,287;1,2863;0,10917;0,10915;0,7025;0,7022
28/04/2016 22:45;1,287;1,2862;0,10917;0,10914;0,7023;0,7016
28/04/2016 23:00;1,2871;1,2855;0,10917;0,10913;0,7017;0,7015
28/04/2016 23:15;1,2866;1,2855;0,10915;0,10914;0,7017;0,7014
28/04/2016 23:30;1,2867;1,2859;0,10917;0,10913;0,702;0,7016
28/04/2016 23:45;1,2869;1,2865;0,10915;0,10914;0,7019;0,7017
29/04/2016;1,287;1,2866;0,10916;0,10915;0,7023;0,7018
29/04/2016 00:15;1,2869;1,2866;0,10915;0,10914;0,702;0,7018
29/04/2016 00:30;1,2869;1,2867;0,10915;0,10914;0,702;0,7017
29/04/2016 00:45;1,287;1,2866;0,10915;0,10914;0,7018;0,7016
29/04/2016 01:00;1,2869;1,2865;0,10916;0,10914;0,7019;0,7016
29/04/2016 01:15;1,2869;1,2864;0,10916;0,10914;0,7019;0,7017
29/04/2016 01:30;1,2867;1,2863;0,10915;0,10913;0,7019;0,7015
29/04/2016 01:45;1,2866;1,2863;0,10915;0,10913;0,7016;0,7015
29/04/2016 02:00;1,2869;1,2865;0,10915;0,10913;0,7016;0,7014
29/04/2016 02:15;1,2869;1,2866;0,10915;0,10913;0,7016;0,7015
29/04/2016 02:30;1,2869;1,2866;0,10914;0,10913;0,7017;0,7015
29/04/2016 02:45;1,2875;1,2867;0,10917;0,10914;0,7018;0,7016
29/04/2016 03:00;1,2878;1,2871;0,10917;0,10916;0,7017;0,7015
29/04/2016 03:15;1,2875;1,2863;0,10918;0,10916;0,7019;0,7013
29/04/2016 03:30;1,2869;1,2857;0,10917;0,10912;0,7014;0,7007
29/04/2016 03:45;1,2871;1,2864;0,10913;0,10912;0,7011;0,7008
29/04/2016 04:00;1,2868;1,2861;0,10913;0,10912;0,7012;0,7008
29/04/2016 04:15;1,2864;1,286;0,10914;0,10912;0,7011;0,7008
29/04/2016 04:30;1,2865;1,2863;0,10914;0,10913;0,7011;0,7007
29/04/2016 04:45;1,2867;1,2864;0,10914;0,10912;0,7014;0,7011
29/04/2016 05:00;1,2868;1,2865;0,10914;0,10912;0,7016;0,7013
29/04/2016 05:15;1,287;1,2863;0,10913;0,10913;0,7016;0,7012
29/04/2016 05:30;1,2865;1,2861;0,10914;0,10913;0,7013;0,7012
29/04/2016 05:45;1,2864;1,2856;0,10914;0,10912;0,7014;0,7012
29/04/2016 06:00;1,2863;1,2859;0,10914;0,10912;0,7013;0,7011
29/04/2016 06:15;1,2862;1,2856;0,10913;0,10912;0,7013;0,701
29/04/2016 06:30;1,286;1,2853;0,10913;0,10911;0,7013;0,7011
29/04/2016 06:45;1,286;1,2852;0,10924;0,10913;0,7011;0,7008
29/04/2016 07:00;1,2862;1,2857;0,10925;0,10919;0,7012;0,7008
29/04/2016 07:15;1,2864;1,2857;0,10928;0,10922;0,7011;0,7007
29/04/2016 07:30;1,2864;1,2858;0,10929;0,10924;0,701;0,7008
29/04/2016 07:45;1,2862;1,2854;0,10923;0,10914;0,701;0,7007
29/04/2016 08:00;1,2858;1,2849;0,1092;0,1091;0,701;0,7006
29/04/2016 08:15;1,286;1,2852;0,10915;0,10906;0,7015;0,7009
29/04/2016 08:30;1,2867;1,2855;0,10912;0,10906;0,7015;0,7011
29/04/2016 08:45;1,2865;1,2851;0,10921;0,10911;0,7015;0,7011
29/04/2016 09:00;1,2851;1,2837;0,1092;0,10906;0,7011;0,6998
29/04/2016 09:15;1,2855;1,2843;0,10916;0,10905;0,7009;0,6998
29/04/2016 09:30;1,2856;1,2844;0,10915;0,1091;0,7015;0,7006
29/04/2016 09:45;1,2854;1,2837;0,10916;0,10902;0,7017;0,7013
29/04/2016 10:00;1,2844;1,2827;0,10903;0,10898;0,7016;0,7013
29/04/2016 10:15;1,284;1,283;0,10904;0,10893;0,7016;0,7011
29/04/2016 10:30;1,2839;1,2829;0,10909;0,10899;0,7014;0,7012
29/04/2016 10:45;1,2832;1,2813;0,10919;0,10904;0,7016;0,7011
29/04/2016 11:00;1,2827;1,281;0,10921;0,10916;0,7019;0,7009
29/04/2016 11:15;1,2825;1,2813;0,10923;0,10914;0,702;0,7016
29/04/2016 11:30;1,2815;1,2805;0,10917;0,10913;0,702;0,7015
29/04/2016 11:45;1,2823;1,2811;0,10915;0,10908;0,7027;0,702
29/04/2016 12:00;1,2826;1,2817;0,10914;0,10911;0,7023;0,7019
29/04/2016 12:15;1,2824;1,2812;0,10912;0,10908;0,7021;0,7018
29/04/2016 12:30;1,2827;1,2817;0,10914;0,10907;0,7023;0,7019
29/04/2016 12:45;1,2826;1,2814;0,10909;0,10905;0,702;0,7015
29/04/2016 13:00;1,2843;1,2823;0,10906;0,10905;0,7019;0,7015
29/04/2016 13:15;1,2839;1,283;0,10908;0,10904;0,7017;0,7008
29/04/2016 13:30;1,2841;1,2824;0,10909;0,10905;0,701;0,7002
29/04/2016 13:45;1,283;1,281;0,10905;0,10904;0,7012;0,7002
29/04/2016 14:00;1,2819;1,2809;0,10907;0,109;0,7003;0,6996
29/04/2016 14:15;1,2822;1,2814;0,1091;0,10904;0,7004;0,7
29/04/2016 14:30;1,2822;1,2796;0,10905;0,10897;0,6999;0,6989
29/04/2016 14:45;1,2803;1,2795;0,10903;0,10901;0,6991;0,6985
29/04/2016 15:00;1,2802;1,2786;0,10902;0,10898;0,6988;0,6984
29/04/2016 15:15;1,2806;1,2791;0,10913;0,109;0,6988;0,6983
29/04/2016 15:30;1,2805;1,2795;0,1094;0,10914;0,6994;0,6985
29/04/2016 15:45;1,28;1,2793;0,10931;0,10916;0,6994;0,6973
29/04/2016 16:00;1,2799;1,2779;0,10916;0,10909;0,698;0,6966
29/04/2016 16:15;1,278;1,2758;0,10918;0,10906;0,6987;0,6977
29/04/2016 16:30;1,2792;1,2772;0,1091;0,109;0,699;0,6983
29/04/2016 16:45;1,2792;1,2778;0,10903;0,1088;0,6987;0,6971
29/04/2016 17:00;1,2814;1,2788;0,10893;0,10881;0,698;0,6969
29/04/2016 17:15;1,281;1,2777;0,1089;0,10882;0,6976;0,6961
29/04/2016 17:30;1,2781;1,2769;0,10893;0,10885;0,6964;0,6955
29/04/2016 17:45;1,2787;1,2769;0,10892;0,10884;0,6966;0,696
29/04/2016 18:00;1,2793;1,278;0,10882;0,10867;0,6969;0,6965
29/04/2016 18:15;1,2786;1,2779;0,1088;0,1087;0,6966;0,6963
29/04/2016 18:30;1,2787;1,2779;0,1088;0,10873;0,697;0,6962
29/04/2016 18:45;1,2786;1,2776;0,10877;0,10873;0,6967;0,6962
29/04/2016 19:00;1,2785;1,2775;0,10875;0,10861;0,6962;0,6954
29/04/2016 19:15;1,2783;1,2769;0,10876;0,10868;0,6961;0,6955
29/04/2016 19:30;1,2774;1,2767;0,10872;0,1087;0,696;0,6955
29/04/2016 19:45;1,2768;1,2753;0,10872;0,1087;0,6957;0,6945
29/04/2016 20:00;1,2759;1,2752;0,10876;0,10872;0,6949;0,6945
29/04/2016 20:15;1,2759;1,2753;0,10874;0,10872;0,6952;0,6947
29/04/2016 20:30;1,2757;1,2751;0,10876;0,10872;0,6959;0,6951
29/04/2016 20:45;1,2761;1,2753;0,1088;0,10876;0,6965;0,6959
29/04/2016 21:00;1,2766;1,2752;0,10879;0,10875;0,697;0,6962
29/04/2016 21:15;1,2766;1,2761;0,10876;0,10874;0,697;0,6964
29/04/2016 21:30;1,2767;1,276;0,10875;0,10872;0,6967;0,6964
29/04/2016 21:45;1,2767;1,276;0,10873;0,10867;0,6969;0,696
29/04/2016 22:00;1,2764;1,2756;0,10872;0,10862;0,6964;0,6961
29/04/2016 22:15;1,2763;1,2755;0,10872;0,10861;0,6966;0,6962
29/04/2016 22:30;1,2762;1,2755;0,10876;0,10867;0,6964;0,6959
29/04/2016 22:45;1,2764;1,2758;0,10876;0,1087;0,696;0,6957
01/05/2016 21:00;1,2769;1,2722;0,10883;0,10872;0,6959;0,6951
01/05/2016 21:15;1,276;1,2732;0,10882;0,10874;0,6955;0,6953
01/05/2016 21:30;1,275;1,2741;0,10884;0,10877;0,6955;0,6953
01/05/2016 21:45;1,2749;1,2742;0,10884;0,1088;0,6953;0,6951
01/05/2016 22:00;1,2749;1,2743;0,10882;0,1088;0,6953;0,6952
01/05/2016 22:15;1,2744;1,2733;0,10882;0,10879;0,6953;0,6952
01/05/2016 22:30;1,2743;1,2734;0,10882;0,10879;0,6952;0,6951
01/05/2016 22:45;1,2735;1,2721;0,10882;0,10879;0,6951;0,6948
01/05/2016 23:00;1,2735;1,2719;0,10882;0,10878;0,695;0,6948
01/05/2016 23:15;1,2731;1,2726;0,10882;0,10877;0,6956;0,6948
01/05/2016 23:30;1,2732;1,2726;0,10882;0,10878;0,6954;0,6952
01/05/2016 23:45;1,2733;1,2728;0,10886;0,1088;0,6955;0,6953
02/05/2016;1,2735;1,273;0,10882;0,10878;0,6954;0,6948
02/05/2016 00:15;1,2738;1,2733;0,10882;0,10875;0,6954;0,6951
02/05/2016 00:30;1,2738;1,2733;0,10875;0,10873;0,6954;0,695
02/05/2016 00:45;1,2741;1,2737;0,10877;0,10871;0,6955;0,6952
02/05/2016 01:00;1,2742;1,2738;0,10875;0,10872;0,6955;0,6953
02/05/2016 01:15;1,2745;1,2739;0,10875;0,10872;0,6954;0,6952
02/05/2016 01:30;1,2743;1,2734;0,10874;0,10872;0,6954;0,6952
02/05/2016 01:45;1,2742;1,2736;0,10876;0,10873;0,6956;0,6952
02/05/2016 02:00;1,2749;1,2737;0,10874;0,10867;0,6959;0,6955
02/05/2016 02:15;1,2747;1,2742;0,1087;0,10867;0,6957;0,6955
02/05/2016 02:30;1,2744;1,2732;0,1087;0,10864;0,6955;0,6949
02/05/2016 02:45;1,274;1,2734;0,10868;0,10865;0,6954;0,6949
02/05/2016 03:00;1,2744;1,2736;0,10872;0,10862;0,6957;0,6953
02/05/2016 03:15;1,2745;1,2741;0,10862;0,1086;0,6958;0,6954
02/05/2016 03:30;1,2744;1,2739;0,10863;0,10861;0,6956;0,6953
02/05/2016 03:45;1,274;1,2736;0,10862;0,10861;0,6955;0,6951
02/05/2016 04:00;1,2744;1,274;0,10864;0,10861;0,6956;0,6954
02/05/2016 04:15;1,2744;1,2741;0,10864;0,10863;0,6956;0,6955
02/05/2016 04:30;1,2745;1,2741;0,10865;0,10863;0,6958;0,6955
02/05/2016 04:45;1,2746;1,2742;0,10865;0,10864;0,6958;0,6956
02/05/2016 05:00;1,2747;1,2744;0,10866;0,10864;0,6959;0,6956
02/05/2016 05:15;1,2746;1,274;0,10867;0,10865;0,6957;0,6956
02/05/2016 05:30;1,2742;1,2738;0,10869;0,10867;0,6957;0,6954
02/05/2016 05:45;1,2741;1,2738;0,10867;0,10864;0,6956;0,6953
02/05/2016 06:00;1,2745;1,274;0,10865;0,10864;0,6955;0,6954
02/05/2016 06:15;1,2745;1,2739;0,10866;0,10864;0,6955;0,6953
02/05/2016 06:30;1,2744;1,2738;0,10866;0,10865;0,6953;0,6952
02/05/2016 06:45;1,2742;1,2739;0,10866;0,10866;0,6955;0,6953
02/05/2016 07:00;1,2745;1,2738;0,10866;0,10865;0,6954;0,6953
02/05/2016 07:15;1,2746;1,2742;0,10867;0,10865;0,6954;0,6952
02/05/2016 07:30;1,2745;1,2743;0,10867;0,10866;0,6953;0,6951
02/05/2016 07:45;1,2746;1,2736;0,10871;0,10867;0,6953;0,695
02/05/2016 08:00;1,2746;1,2737;0,10873;0,1087;0,6953;0,6949
02/05/2016 08:15;1,2748;1,2745;0,10875;0,10873;0,6952;0,6948
02/05/2016 08:30;1,2761;1,2747;0,10882;0,10876;0,6954;0,6949
02/05/2016 08:45;1,2763;1,2757;0,10882;0,10879;0,6957;0,6955
02/05/2016 09:00;1,2779;1,2761;0,10884;0,10878;0,696;0,6954
02/05/2016 09:15;1,277;1,2743;0,10888;0,10878;0,6954;0,695
02/05/2016 09:30;1,2752;1,2743;0,10887;0,1088;0,6954;0,6949
02/05/2016 09:45;1,2751;1,2743;0,10891;0,10883;0,695;0,6946
02/05/2016 10:00;1,2751;1,2734;0,10885;0,10881;0,6948;0,694
02/05/2016 10:15;1,2739;1,2733;0,10884;0,10879;0,6944;0,6941
02/05/2016 10:30;1,2737;1,2731;0,1089;0,10883;0,6943;0,6941
02/05/2016 10:45;1,2735;1,273;0,1089;0,10887;0,6942;0,6937
02/05/2016 11:00;1,2738;1,2729;0,10891;0,10888;0,6942;0,6937
02/05/2016 11:15;1,2733;1,2726;0,10898;0,10886;0,694;0,6938
02/05/2016 11:30;1,2729;1,2719;0,10894;0,1089;0,6939;0,6936
02/05/2016 11:45;1,2722;1,2719;0,10898;0,10892;0,6939;0,6935
02/05/2016 12:00;1,2723;1,2716;0,10898;0,10895;0,694;0,6936
02/05/2016 12:15;1,272;1,2714;0,10896;0,10891;0,694;0,6937
02/05/2016 12:30;1,2731;1,2718;0,10894;0,10891;0,6945;0,6939
02/05/2016 12:45;1,2744;1,2726;0,10895;0,10889;0,6946;0,6942
02/05/2016 13:00;1,2751;1,2742;0,10893;0,10891;0,6953;0,6946
02/05/2016 13:15;1,2759;1,2748;0,10898;0,10893;0,6958;0,6953
02/05/2016 13:30;1,2767;1,2754;0,109;0,10891;0,6958;0,6955
02/05/2016 13:45;1,2774;1,2758;0,10893;0,10891;0,6956;0,6953
02/05/2016 14:00;1,2782;1,2765;0,10894;0,10891;0,6956;0,6949
02/05/2016 14:15;1,2785;1,2773;0,10894;0,10891;0,6952;0,6943
02/05/2016 14:30;1,2778;1,2769;0,10894;0,10886;0,6953;0,6944
02/05/2016 14:45;1,2777;1,2769;0,10886;0,1088;0,6952;0,6947
02/05/2016 15:00;1,2785;1,2776;0,10884;0,10878;0,6961;0,6955
02/05/2016 15:15;1,2778;1,276;0,1088;0,10873;0,6962;0,6957
02/05/2016 15:30;1,2765;1,2754;0,10881;0,10876;0,6958;0,6946
02/05/2016 15:45;1,2763;1,2741;0,10882;0,10872;0,6947;0,6925
02/05/2016 16:00;1,275;1,2731;0,10879;0,10871;0,6931;0,6923
02/05/2016 16:15;1,2754;1,2742;0,10892;0,10878;0,6935;0,6929
02/05/2016 16:30;1,2747;1,2738;0,10895;0,10884;0,6931;0,6927
02/05/2016 16:45;1,2747;1,2732;0,10885;0,10882;0,6928;0,6919
02/05/2016 17:00;1,2753;1,2738;0,1089;0,10881;0,6939;0,6928
02/05/2016 17:15;1,2741;1,2734;0,10891;0,10885;0,6938;0,6929
02/05/2016 17:30;1,2743;1,2737;0,1089;0,10885;0,6933;0,6929
02/05/2016 17:45;1,2741;1,2734;0,10888;0,10883;0,6928;0,692
02/05/2016 18:00;1,2739;1,2731;0,1089;0,10881;0,6928;0,6919
02/05/2016 18:15;1,2741;1,2733;0,10885;0,10881;0,6928;0,6922
02/05/2016 18:30;1,2739;1,273;0,10886;0,10879;0,6926;0,6919
02/05/2016 18:45;1,2737;1,2728;0,10885;0,10878;0,6927;0,6919
02/05/2016 19:00;1,2739;1,273;0,10892;0,10885;0,6928;0,6921
02/05/2016 19:15;1,2737;1,2732;0,10893;0,1089;0,693;0,6925
02/05/2016 19:30;1,2739;1,2731;0,10895;0,10892;0,6931;0,6923
02/05/2016 19:45;1,274;1,2735;0,10896;0,10893;0,6927;0,6923
02/05/2016 20:00;1,2741;1,2734;0,10893;0,10891;0,6926;0,6922
02/05/2016 20:15;1,2737;1,2732;0,10892;0,10891;0,6928;0,6923
02/05/2016 20:30;1,2736;1,2724;0,10894;0,10892;0,6928;0,6923
02/05/2016 20:45;1,2729;1,2721;0,10896;0,10893;0,6924;0,6915
02/05/2016 21:00;1,273;1,2723;0,10896;0,10894;0,6919;0,6913
02/05/2016 21:15;1,2732;1,2727;0,10896;0,10895;0,692;0,6917
02/05/2016 21:30;1,2736;1,273;0,10896;0,10895;0,6923;0,6919
02/05/2016 21:45;1,2737;1,2732;0,10896;0,10895;0,6925;0,6919
02/05/2016 22:00;1,2738;1,2731;0,10895;0,10894;0,6926;0,6923
02/05/2016 22:15;1,2731;1,2724;0,10896;0,10893;0,6926;0,6922
02/05/2016 22:30;1,2726;1,2722;0,10896;0,10894;0,6926;0,6923
02/05/2016 22:45;1,2723;1,272;0,10895;0,10894;0,6923;0,6919
02/05/2016 23:00;1,2725;1,2719;0,10894;0,10893;0,6923;0,692
02/05/2016 23:15;1,2727;1,2718;0,10895;0,10886;0,6922;0,692
02/05/2016 23:30;1,2727;1,2721;0,10885;0,10883;0,6922;0,6919
02/05/2016 23:45;1,2727;1,2722;0,10885;0,10883;0,6923;0,6919
03/05/2016;1,2726;1,2723;0,10894;0,10886;0,6924;0,692
03/05/2016 00:15;1,2724;1,2722;0,10893;0,1089;0,6925;0,6922
03/05/2016 00:30;1,2725;1,2723;0,10892;0,10891;0,6925;0,6923
03/05/2016 00:45;1,2726;1,2723;0,10892;0,10891;0,6926;0,6924
03/05/2016 01:00;1,2724;1,2723;0,10892;0,10891;0,6926;0,6925
03/05/2016 01:15;1,2725;1,2722;0,10892;0,10891;0,6927;0,6925
03/05/2016 01:30;1,2725;1,2721;0,10892;0,10891;0,6925;0,6924
03/05/2016 01:45;1,2727;1,2723;0,10892;0,1089;0,6927;0,6925
03/05/2016 02:00;1,2725;1,2718;0,10892;0,1089;0,6925;0,6922
03/05/2016 02:15;1,2721;1,2714;0,10891;0,10891;0,6925;0,6922
03/05/2016 02:30;1,272;1,2716;0,10894;0,10891;0,6926;0,6924
03/05/2016 02:45;1,272;1,2716;0,10893;0,10892;0,6926;0,6923
03/05/2016 03:00;1,272;1,2716;0,10893;0,10892;0,6927;0,6924
03/05/2016 03:15;1,272;1,2715;0,10893;0,10892;0,6928;0,6926
03/05/2016 03:30;1,2721;1,2711;0,10893;0,10892;0,6927;0,6925
03/05/2016 03:45;1,2718;1,2714;0,10893;0,10892;0,6929;0,6925
03/05/2016 04:00;1,2718;1,2715;0,10893;0,10893;0,6927;0,6926
03/05/2016 04:15;1,2727;1,2718;0,10893;0,10893;0,6927;0,6926
03/05/2016 04:30;1,2728;1,2724;0,10894;0,10893;0,6929;0,6925
03/05/2016 04:45;1,2727;1,2724;0,10894;0,10891;0,693;0,6928
03/05/2016 05:00;1,273;1,2727;0,10895;0,10892;0,6933;0,693
03/05/2016 05:15;1,2734;1,273;0,10895;0,10892;0,6934;0,6932
03/05/2016 05:30;1,2737;1,2732;0,10896;0,10894;0,6933;0,6931
03/05/2016 05:45;1,2737;1,2733;0,10896;0,10894;0,6934;0,6932
03/05/2016 06:00;1,2734;1,2731;0,10895;0,10894;0,6932;0,6931
03/05/2016 06:15;1,2736;1,2731;0,10895;0,10894;0,6932;0,6931
03/05/2016 06:30;1,2735;1,2722;0,10896;0,10885;0,6931;0,6925
03/05/2016 06:45;1,2728;1,2716;0,10885;0,10882;0,6926;0,692
03/05/2016 07:00;1,2728;1,2719;0,10885;0,10881;0,6925;0,6922
03/05/2016 07:15;1,2721;1,2717;0,10889;0,10882;0,6925;0,6923
03/05/2016 07:30;1,2724;1,2717;0,10888;0,10883;0,6926;0,6924
03/05/2016 07:45;1,2723;1,2712;0,10887;0,10882;0,6925;0,6921
03/05/2016 08:00;1,2731;1,2712;0,10888;0,10881;0,6924;0,6918
03/05/2016 08:15;1,2751;1,2729;0,10892;0,10885;0,6931;0,6921
03/05/2016 08:30;1,275;1,2737;0,10894;0,10889;0,6931;0,6928
03/05/2016 08:45;1,2745;1,2738;0,10894;0,10891;0,6931;0,6928
03/05/2016 09:00;1,2741;1,2727;0,10898;0,10894;0,6931;0,6926
03/05/2016 09:15;1,274;1,2728;0,10897;0,10891;0,6928;0,6919
03/05/2016 09:30;1,2736;1,2727;0,10916;0,1089;0,6921;0,6919
03/05/2016 09:45;1,2737;1,2716;0,10911;0,10906;0,6923;0,6917
03/05/2016 10:00;1,2727;1,2711;0,10909;0,10903;0,6917;0,6899
03/05/2016 10:15;1,2724;1,271;0,10909;0,10906;0,6908;0,6901
03/05/2016 10:30;1,2715;1,27;0,10907;0,1089;0,6908;0,6894
03/05/2016 10:45;1,2703;1,2684;0,10897;0,10887;0,6897;0,6891
03/05/2016 11:00;1,2691;1,2677;0,109;0,10894;0,6893;0,6888
03/05/2016 11:15;1,2694;1,2676;0,10894;0,10892;0,6893;0,6889
03/05/2016 11:30;1,2693;1,2676;0,10895;0,10887;0,689;0,6885
03/05/2016 11:45;1,268;1,267;0,10893;0,10891;0,6891;0,6886
03/05/2016 12:00;1,2676;1,2668;0,10891;0,10881;0,689;0,6883
03/05/2016 12:15;1,2679;1,2668;0,10883;0,10878;0,6887;0,6882
03/05/2016 12:30;1,268;1,2666;0,10883;0,1088;0,6885;0,687
03/05/2016 12:45;1,2674;1,2666;0,10882;0,10876;0,6871;0,6868
03/05/2016 13:00;1,2672;1,2658;0,10875;0,10859;0,6876;0,6868
03/05/2016 13:15;1,2673;1,266;0,10858;0,10846;0,6876;0,6872
03/05/2016 13:30;1,267;1,2657;0,1085;0,10831;0,6871;0,6869
03/05/2016 13:45;1,2664;1,2644;0,10848;0,10842;0,6871;0,6867
03/05/2016 14:00;1,2654;1,2639;0,10847;0,10828;0,6873;0,6867
03/05/2016 14:15;1,2664;1,2642;0,10844;0,10836;0,6871;0,6862
03/05/2016 14:30;1,2664;1,2653;0,10844;0,10838;0,6866;0,6859
03/05/2016 14:45;1,2662;1,2649;0,10848;0,10835;0,6872;0,6863
03/05/2016 15:00;1,2659;1,265;0,10859;0,10846;0,6873;0,6861
03/05/2016 15:15;1,2655;1,264;0,10859;0,10849;0,687;0,6852
03/05/2016 15:30;1,2657;1,2644;0,1086;0,10848;0,6861;0,6854
03/05/2016 15:45;1,2653;1,2636;0,10855;0,10847;0,686;0,685
03/05/2016 16:00;1,2646;1,2627;0,10851;0,10834;0,6852;0,6844
03/05/2016 16:15;1,2642;1,2628;0,10842;0,10835;0,6854;0,6846
03/05/2016 16:30;1,2642;1,2627;0,10843;0,10836;0,6852;0,6844
03/05/2016 16:45;1,2641;1,2627;0,1084;0,10831;0,6848;0,6842
03/05/2016 17:00;1,2641;1,2627;0,10834;0,10828;0,6848;0,6839
03/05/2016 17:15;1,2641;1,2628;0,10833;0,10827;0,6849;0,6843
03/05/2016 17:30;1,2638;1,2627;0,10831;0,10828;0,6849;0,6841
03/05/2016 17:45;1,264;1,2633;0,10829;0,10823;0,6851;0,6848
03/05/2016 18:00;1,2644;1,2637;0,10822;0,10819;0,6854;0,6849
03/05/2016 18:15;1,264;1,2629;0,10821;0,10819;0,6849;0,6842
03/05/2016 18:30;1,2635;1,2628;0,10823;0,1082;0,6843;0,684
03/05/2016 18:45;1,2637;1,2626;0,10822;0,1082;0,6841;0,6836
03/05/2016 19:00;1,2637;1,2629;0,10822;0,10818;0,6841;0,6835
03/05/2016 19:15;1,2634;1,263;0,10823;0,10819;0,6841;0,6836
03/05/2016 19:30;1,2642;1,2632;0,10823;0,10821;0,6843;0,6838
03/05/2016 19:45;1,2639;1,2633;0,10821;0,10819;0,6842;0,6834
03/05/2016 20:00;1,2635;1,2627;0,10821;0,10818;0,6834;0,683
03/05/2016 20:15;1,2633;1,2625;0,10818;0,10816;0,6832;0,6825
03/05/2016 20:30;1,2635;1,263;0,10817;0,10816;0,6829;0,6825
03/05/2016 20:45;1,2638;1,2629;0,10816;0,10812;0,683;0,6824
03/05/2016 21:00;1,2638;1,2631;0,10812;0,10811;0,6834;0,683
03/05/2016 21:15;1,2636;1,2629;0,10811;0,1079;0,6833;0,6829
03/05/2016 21:30;1,2634;1,2629;0,10793;0,10789;0,6832;0,6827
03/05/2016 21:45;1,2636;1,2631;0,10795;0,1079;0,6835;0,6832
03/05/2016 22:00;1,264;1,2633;0,10796;0,10791;0,6837;0,6833
03/05/2016 22:15;1,2641;1,2636;0,10793;0,10791;0,6835;0,6832
03/05/2016 22:30;1,2639;1,2635;0,10796;0,1079;0,6838;0,6834
03/05/2016 22:45;1,2645;1,2635;0,10796;0,10791;0,6836;0,6833
03/05/2016 23:00;1,2651;1,264;0,10794;0,10789;0,6837;0,6834
03/05/2016 23:15;1,2646;1,2641;0,10794;0,10791;0,6839;0,6837
03/05/2016 23:30;1,2647;1,2642;0,10792;0,1079;0,6838;0,6834
03/05/2016 23:45;1,2647;1,264;0,10804;0,10792;0,6838;0,6833
04/05/2016;1,2646;1,264;0,10803;0,10795;0,6838;0,6835
04/05/2016 00:15;1,2648;1,2643;0,10799;0,10796;0,6842;0,6838
04/05/2016 00:30;1,2649;1,2643;0,10798;0,10796;0,6844;0,6842
04/05/2016 00:45;1,2649;1,2645;0,10797;0,10797;0,6844;0,6842
04/05/2016 01:00;1,2649;1,2644;0,10799;0,10797;0,6843;0,6841
04/05/2016 01:15;1,2649;1,2643;0,10798;0,10797;0,6846;0,6841
04/05/2016 01:30;1,265;1,2648;0,108;0,10797;0,6846;0,6844
04/05/2016 01:45;1,2653;1,2649;0,108;0,10798;0,6846;0,6845
04/05/2016 02:00;1,2649;1,2645;0,10801;0,10798;0,6846;0,6844
04/05/2016 02:15;1,2648;1,2644;0,108;0,10799;0,6846;0,6842
04/05/2016 02:30;1,2648;1,2645;0,108;0,10797;0,6842;0,684
04/05/2016 02:45;1,2648;1,2644;0,10801;0,10799;0,6844;0,6841
04/05/2016 03:00;1,2646;1,2644;0,10801;0,10797;0,6845;0,6841
04/05/2016 03:15;1,2652;1,2643;0,10799;0,10797;0,6843;0,684
04/05/2016 03:30;1,2657;1,2649;0,108;0,10797;0,6844;0,6837
04/05/2016 03:45;1,265;1,2646;0,10798;0,10797;0,6838;0,6836
04/05/2016 04:00;1,2652;1,2647;0,10799;0,10798;0,6837;0,6833
04/05/2016 04:15;1,2652;1,2646;0,108;0,10796;0,6838;0,6834
04/05/2016 04:30;1,2652;1,2647;0,10799;0,10797;0,684;0,6837
04/05/2016 04:45;1,2655;1,265;0,10799;0,10798;0,6842;0,684
04/05/2016 05:00;1,2652;1,265;0,10798;0,10797;0,6842;0,684
04/05/2016 05:15;1,2652;1,2648;0,10798;0,10797;0,6843;0,684
04/05/2016 05:30;1,2653;1,265;0,10799;0,10798;0,6843;0,6841
04/05/2016 05:45;1,2653;1,2649;0,10799;0,10794;0,6845;0,6841
04/05/2016 06:00;1,2658;1,265;0,10796;0,10795;0,6846;0,6844
04/05/2016 06:15;1,2657;1,2653;0,10796;0,10794;0,6846;0,6844
04/05/2016 06:30;1,2662;1,2652;0,10795;0,10794;0,6848;0,6844
04/05/2016 06:45;1,2662;1,2658;0,10795;0,10794;0,6847;0,6845
04/05/2016 07:00;1,2664;1,2659;0,10798;0,10794;0,6847;0,6845
04/05/2016 07:15;1,2664;1,2661;0,10798;0,10796;0,6846;0,6843
04/05/2016 07:30;1,2665;1,2661;0,10802;0,10798;0,6846;0,6844
04/05/2016 07:45;1,2664;1,2659;0,10802;0,10801;0,6846;0,6843
04/05/2016 08:00;1,2663;1,2646;0,10814;0,10804;0,6845;0,684
04/05/2016 08:15;1,2666;1,2647;0,10815;0,10811;0,6845;0,684
04/05/2016 08:30;1,2665;1,2656;0,10815;0,10805;0,6843;0,6837
04/05/2016 08:45;1,2664;1,2656;0,10815;0,1081;0,6843;0,6837
04/05/2016 09:00;1,2669;1,2655;0,10814;0,1081;0,6843;0,6837
04/05/2016 09:15;1,2666;1,265;0,10815;0,10807;0,6846;0,6842
04/05/2016 09:30;1,2655;1,2636;0,10821;0,10812;0,6848;0,6842
04/05/2016 09:45;1,265;1,2636;0,10817;0,10802;0,6849;0,6839
04/05/2016 10:00;1,2639;1,2621;0,10807;0,108;0,6845;0,6837
04/05/2016 10:15;1,2635;1,262;0,10812;0,10803;0,6845;0,6839
04/05/2016 10:30;1,2642;1,262;0,10814;0,10811;0,6843;0,6839
04/05/2016 10:45;1,2625;1,26;0,10812;0,10799;0,684;0,6832
04/05/2016 11:00;1,2618;1,2606;0,1081;0,10802;0,6836;0,6832
04/05/2016 11:15;1,2613;1,2593;0,1081;0,10798;0,6835;0,683
04/05/2016 11:30;1,2612;1,26;0,10803;0,10799;0,6833;0,6822
04/05/2016 11:45;1,2612;1,2601;0,10799;0,10786;0,6822;0,6816
04/05/2016 12:00;1,2612;1,2603;0,1079;0,10785;0,6823;0,6818
04/05/2016 12:15;1,2611;1,26;0,10789;0,10785;0,6825;0,682
04/05/2016 12:30;1,2619;1,2602;0,10789;0,10785;0,6824;0,6821
04/05/2016 12:45;1,262;1,2607;0,10789;0,10785;0,6824;0,6819
04/05/2016 13:00;1,2615;1,2608;0,10791;0,10784;0,6824;0,6819
04/05/2016 13:15;1,2616;1,2608;0,10792;0,10787;0,6825;0,6822
04/05/2016 13:30;1,262;1,2612;0,10804;0,10792;0,6824;0,6816
04/05/2016 13:45;1,2616;1,2606;0,10804;0,108;0,6816;0,6812
04/05/2016 14:00;1,2618;1,2608;0,10804;0,10798;0,682;0,6815
04/05/2016 14:15;1,2621;1,2606;0,10798;0,1079;0,6815;0,6803
04/05/2016 14:30;1,2634;1,2618;0,10801;0,10793;0,6807;0,6792
04/05/2016 14:45;1,2638;1,2616;0,10808;0,108;0,6807;0,6791
04/05/2016 15:00;1,2621;1,2612;0,10801;0,10794;0,6797;0,6787
04/05/2016 15:15;1,2623;1,2609;0,10804;0,10795;0,6796;0,6785
04/05/2016 15:30;1,2617;1,2597;0,10803;0,10796;0,6796;0,678
04/05/2016 15:45;1,2613;1,2598;0,10799;0,10794;0,6787;0,678
04/05/2016 16:00;1,2628;1,2609;0,10799;0,10791;0,6801;0,6784
04/05/2016 16:15;1,2627;1,2612;0,10796;0,10789;0,6797;0,6783
04/05/2016 16:30;1,2617;1,2607;0,10789;0,10783;0,6782;0,6774
04/05/2016 16:45;1,2614;1,26;0,10784;0,10778;0,678;0,6764
04/05/2016 17:00;1,2602;1,2592;0,10789;0,1078;0,6776;0,6763
04/05/2016 17:15;1,2595;1,2588;0,10789;0,10777;0,6764;0,675
04/05/2016 17:30;1,2599;1,2583;0,10781;0,10776;0,6758;0,6748
04/05/2016 17:45;1,2604;1,2594;0,10791;0,10776;0,6759;0,6753
04/05/2016 18:00;1,2608;1,26;0,10794;0,10782;0,6763;0,6757
04/05/2016 18:15;1,2614;1,2606;0,10783;0,10781;0,6768;0,6761
04/05/2016 18:30;1,2612;1,2606;0,10783;0,1078;0,6766;0,6758
04/05/2016 18:45;1,2608;1,2599;0,10781;0,10779;0,6761;0,6753
04/05/2016 19:00;1,2609;1,2601;0,10781;0,10779;0,6759;0,6755
04/05/2016 19:15;1,261;1,2602;0,10781;0,1078;0,6759;0,6755
04/05/2016 19:30;1,2611;1,2606;0,10781;0,10779;0,676;0,6757
04/05/2016 19:45;1,2614;1,261;0,10781;0,1078;0,6763;0,6758
04/05/2016 20:00;1,2615;1,2605;0,1078;0,10777;0,6764;0,6757
04/05/2016 20:15;1,2613;1,2606;0,1078;0,10777;0,6765;0,6756
04/05/2016 20:30;1,2612;1,2605;0,10783;0,10779;0,6765;0,6758
04/05/2016 20:45;1,2612;1,2606;0,10782;0,1078;0,6763;0,6759
04/05/2016 21:00;1,2613;1,2608;0,10786;0,10781;0,6762;0,6759
04/05/2016 21:15;1,2616;1,2613;0,1079;0,10785;0,6763;0,6761
04/05/2016 21:30;1,2615;1,2613;0,10789;0,10788;0,6763;0,6762
04/05/2016 21:45;1,2616;1,261;0,10789;0,10786;0,6764;0,6761
04/05/2016 22:00;1,2616;1,2612;0,10786;0,10783;0,6762;0,676
04/05/2016 22:15;1,2617;1,2613;0,10784;0,10783;0,6761;0,6759
04/05/2016 22:30;1,2619;1,2615;0,10785;0,10783;0,676;0,6758
04/05/2016 22:45;1,2622;1,2614;0,10794;0,10786;0,6765;0,6758
04/05/2016 23:00;1,2622;1,2615;0,1079;0,10786;0,6767;0,6763
04/05/2016 23:15;1,2624;1,2618;0,1079;0,10788;0,6766;0,6763
04/05/2016 23:30;1,2623;1,2618;0,10792;0,10785;0,6765;0,6763
04/05/2016 23:45;1,2626;1,262;0,1079;0,10787;0,6767;0,6765
05/05/2016;1,2626;1,2621;0,10791;0,10789;0,6768;0,6765
05/05/2016 00:15;1,2625;1,2621;0,10791;0,10789;0,6768;0,6766
05/05/2016 00:30;1,2624;1,262;0,10791;0,10789;0,6768;0,6766
05/05/2016 00:45;1,2622;1,262;0,10791;0,1079;0,6768;0,6765
05/05/2016 01:00;1,2624;1,262;0,10791;0,1079;0,6767;0,6765
05/05/2016 01:15;1,2625;1,2623;0,10791;0,1079;0,6766;0,6765
05/05/2016 01:30;1,2626;1,2623;0,10791;0,1079;0,6766;0,6764
05/05/2016 01:45;1,2626;1,2621;0,10791;0,10789;0,6766;0,6764
05/05/2016 02:00;1,2625;1,2622;0,10791;0,10789;0,6767;0,6764
05/05/2016 02:15;1,2625;1,2622;0,10791;0,10789;0,6767;0,6766
05/05/2016 02:30;1,2627;1,2621;0,10792;0,10789;0,6767;0,6765
05/05/2016 02:45;1,2626;1,2623;0,10791;0,10789;0,6768;0,6765
05/05/2016 03:00;1,2628;1,2624;0,10791;0,10788;0,6776;0,6767
05/05/2016 03:15;1,2629;1,2626;0,10792;0,10789;0,6775;0,6772
05/05/2016 03:30;1,2633;1,2626;0,10792;0,1079;0,6779;0,6775
05/05/2016 03:45;1,2634;1,2632;0,10793;0,10791;0,6779;0,6774
05/05/2016 04:00;1,2638;1,2633;0,10795;0,10792;0,6778;0,6776
05/05/2016 04:15;1,2641;1,2637;0,10793;0,10792;0,6781;0,6777
05/05/2016 04:30;1,2641;1,2639;0,10793;0,10791;0,6781;0,6778
05/05/2016 04:45;1,2641;1,2636;0,10794;0,10792;0,6778;0,6775
05/05/2016 05:00;1,2641;1,2636;0,10794;0,10793;0,678;0,6776
05/05/2016 05:15;1,2641;1,2639;0,10794;0,10793;0,678;0,6779
05/05/2016 05:30;1,2641;1,2639;0,10794;0,10793;0,6782;0,6778
05/05/2016 05:45;1,264;1,2637;0,10794;0,10793;0,6783;0,6781
05/05/2016 06:00;1,2641;1,2637;0,10795;0,10794;0,6783;0,6781
05/05/2016 06:15;1,264;1,2637;0,10795;0,10793;0,6786;0,6783
05/05/2016 06:30;1,264;1,2636;0,10794;0,10794;0,6786;0,6785
05/05/2016 06:45;1,2641;1,2637;0,10794;0,10794;0,6786;0,6785
05/05/2016 07:00;1,2642;1,2637;0,10795;0,10794;0,6789;0,6785
05/05/2016 07:15;1,2642;1,2636;0,10794;0,10793;0,6787;0,6783
05/05/2016 07:30;1,2642;1,2636;0,10795;0,10794;0,6785;0,6783
05/05/2016 07:45;1,2641;1,2637;0,10797;0,10794;0,6785;0,6783
05/05/2016 08:00;1,2644;1,2638;0,10802;0,10796;0,6789;0,6784
05/05/2016 08:15;1,2649;1,2642;0,10801;0,10797;0,6793;0,6789
05/05/2016 08:30;1,265;1,2634;0,10797;0,10794;0,6794;0,6787
05/05/2016 08:45;1,2638;1,2631;0,10797;0,10795;0,6792;0,6786
05/05/2016 09:00;1,2639;1,2628;0,10796;0,10793;0,6792;0,6785
05/05/2016 09:15;1,2643;1,2629;0,10796;0,10793;0,6791;0,6783
05/05/2016 09:30;1,2639;1,2629;0,10795;0,10787;0,6789;0,6784
05/05/2016 09:45;1,2649;1,2628;0,10787;0,10779;0,6797;0,6786
05/05/2016 10:00;1,2647;1,2639;0,10792;0,10785;0,6806;0,6795
05/05/2016 10:15;1,2659;1,2642;0,10791;0,10787;0,6809;0,6801
05/05/2016 10:30;1,268;1,2641;0,1079;0,10782;0,6813;0,6803
05/05/2016 10:45;1,2685;1,2671;0,10791;0,10787;0,6819;0,681
05/05/2016 11:00;1,2686;1,2667;0,10793;0,10789;0,682;0,6813
05/05/2016 11:15;1,2686;1,2679;0,10792;0,10788;0,6817;0,6812
05/05/2016 11:30;1,2682;1,2675;0,10789;0,10783;0,6812;0,6807
05/05/2016 11:45;1,2677;1,2663;0,10792;0,10785;0,6812;0,6806
05/05/2016 12:00;1,2671;1,2657;0,10796;0,10792;0,6812;0,6806
05/05/2016 12:15;1,2662;1,2644;0,10797;0,10791;0,6807;0,68
05/05/2016 12:30;1,2654;1,2645;0,10792;0,10791;0,6809;0,6802
05/05/2016 12:45;1,2658;1,2644;0,10796;0,10791;0,6814;0,6807
05/05/2016 13:00;1,2658;1,2647;0,108;0,10796;0,6819;0,6813
05/05/2016 13:15;1,2655;1,2645;0,10804;0,10799;0,6819;0,6816
05/05/2016 13:30;1,2673;1,2653;0,10804;0,108;0,6824;0,6817
05/05/2016 13:45;1,268;1,2665;0,10804;0,10796;0,6818;0,6809
05/05/2016 14:00;1,2685;1,2675;0,10803;0,10797;0,6823;0,6816
05/05/2016 14:15;1,2693;1,2678;0,10803;0,10799;0,6824;0,6819
05/05/2016 14:30;1,2695;1,2686;0,10814;0,10799;0,6831;0,6823
05/05/2016 14:45;1,2698;1,2689;0,10815;0,10807;0,6839;0,6829
05/05/2016 15:00;1,2698;1,268;0,10815;0,10813;0,6839;0,6825
05/05/2016 15:15;1,2683;1,2665;0,10813;0,1081;0,6831;0,6823
05/05/2016 15:30;1,2683;1,2664;0,1081;0,10804;0,6831;0,6819
05/05/2016 15:45;1,2698;1,2674;0,10814;0,10803;0,683;0,6816
05/05/2016 16:00;1,2707;1,269;0,10815;0,10809;0,6833;0,6821
05/05/2016 16:15;1,271;1,27;0,10816;0,10812;0,6829;0,6823
05/05/2016 16:30;1,2707;1,2699;0,10821;0,10811;0,6832;0,6825
05/05/2016 16:45;1,2719;1,2707;0,10822;0,10813;0,6829;0,6823
05/05/2016 17:00;1,2718;1,2711;0,10822;0,10816;0,6825;0,6821
05/05/2016 17:15;1,2717;1,2701;0,10824;0,10812;0,6826;0,6818
05/05/2016 17:30;1,2711;1,2699;0,10818;0,10812;0,6826;0,6817
05/05/2016 17:45;1,2715;1,2702;0,10818;0,10812;0,6828;0,6822
05/05/2016 18:00;1,2706;1,2699;0,10816;0,10812;0,6827;0,6822
05/05/2016 18:15;1,2708;1,2698;0,10819;0,10812;0,683;0,6825
05/05/2016 18:30;1,2703;1,2694;0,10813;0,10804;0,6826;0,6822
05/05/2016 18:45;1,2699;1,2694;0,10813;0,10805;0,6827;0,6823
05/05/2016 19:00;1,2696;1,2691;0,10814;0,1081;0,6823;0,6818
05/05/2016 19:15;1,2697;1,2691;0,10818;0,10813;0,6821;0,6815
05/05/2016 19:30;1,2695;1,269;0,10818;0,10816;0,6818;0,6813
05/05/2016 19:45;1,2698;1,2692;0,10817;0,10809;0,6821;0,6817
05/05/2016 20:00;1,27;1,2694;0,10815;0,10811;0,6824;0,6817
05/05/2016 20:15;1,2702;1,2696;0,10812;0,10811;0,6826;0,682
05/05/2016 20:30;1,2698;1,2693;0,10816;0,10812;0,6825;0,682
05/05/2016 20:45;1,27;1,2693;0,10819;0,10813;0,6822;0,6819
05/05/2016 21:00;1,2704;1,2698;0,10816;0,10812;0,6821;0,6818
05/05/2016 21:15;1,2706;1,27;0,10815;0,10813;0,6822;0,6819
05/05/2016 21:30;1,2704;1,27;0,10815;0,10812;0,682;0,6816
05/05/2016 21:45;1,2706;1,2699;0,10815;0,10814;0,6817;0,6813
05/05/2016 22:00;1,2703;1,2699;0,10816;0,10813;0,682;0,6815
05/05/2016 22:15;1,2703;1,2698;0,10815;0,10814;0,6819;0,6816
05/05/2016 22:30;1,2702;1,2698;0,10816;0,10814;0,6819;0,6815
05/05/2016 22:45;1,2702;1,2697;0,10814;0,10809;0,6822;0,6819
05/05/2016 23:00;1,2703;1,2699;0,10812;0,10807;0,6823;0,6812
05/05/2016 23:15;1,2701;1,2699;0,10811;0,10808;0,6817;0,6816
05/05/2016 23:30;1,2703;1,2699;0,10814;0,10808;0,6817;0,6815
05/05/2016 23:45;1,2704;1,2699;0,10813;0,10807;0,682;0,6815
06/05/2016;1,2704;1,27;0,10815;0,10808;0,6818;0,6816
06/05/2016 00:15;1,2708;1,2703;0,10814;0,10811;0,6819;0,6817
06/05/2016 00:30;1,2706;1,2703;0,1082;0,10812;0,6822;0,6818
06/05/2016 00:45;1,2706;1,2703;0,10819;0,10816;0,6822;0,682
06/05/2016 01:00;1,2707;1,2704;0,1082;0,10816;0,6821;0,6819
06/05/2016 01:15;1,2708;1,2705;0,1082;0,10818;0,6821;0,6821
06/05/2016 01:30;1,2709;1,2707;0,1082;0,10819;0,6821;0,682
06/05/2016 01:45;1,2711;1,2706;0,10821;0,10818;0,6823;0,682
06/05/2016 02:00;1,2711;1,2704;0,10823;0,10821;0,6823;0,6819
06/05/2016 02:15;1,2709;1,2703;0,10823;0,10821;0,6821;0,6816
06/05/2016 02:30;1,2707;1,2704;0,10823;0,10822;0,6819;0,6817
06/05/2016 02:45;1,2708;1,2704;0,10823;0,10821;0,6819;0,6815
06/05/2016 03:00;1,2708;1,2702;0,10822;0,1082;0,6816;0,6812
06/05/2016 03:15;1,2709;1,2705;0,10823;0,1082;0,6818;0,6814
06/05/2016 03:30;1,2714;1,2703;0,10822;0,1082;0,6816;0,681
06/05/2016 03:45;1,2709;1,27;0,10822;0,10819;0,6813;0,6808
06/05/2016 04:00;1,2705;1,27;0,1082;0,10818;0,6812;0,6809
06/05/2016 04:15;1,2704;1,2701;0,10818;0,10816;0,6812;0,681
06/05/2016 04:30;1,2703;1,27;0,10818;0,10817;0,6813;0,6811
06/05/2016 04:45;1,2702;1,2696;0,10818;0,10811;0,6813;0,681
06/05/2016 05:00;1,2701;1,2696;0,10814;0,10812;0,6813;0,6809
06/05/2016 05:15;1,27;1,2697;0,10814;0,10812;0,6811;0,6809
06/05/2016 05:30;1,2699;1,2695;0,10814;0,10813;0,681;0,6809
06/05/2016 05:45;1,2697;1,2695;0,10814;0,10813;0,6811;0,6809
06/05/2016 06:00;1,2697;1,2694;0,10814;0,10812;0,681;0,6806
06/05/2016 06:15;1,2698;1,2694;0,10813;0,10811;0,6809;0,6807
06/05/2016 06:30;1,2697;1,2694;0,10812;0,10811;0,6808;0,6807
06/05/2016 06:45;1,2699;1,2694;0,10812;0,10811;0,681;0,6808
06/05/2016 07:00;1,2699;1,2697;0,10812;0,10809;0,681;0,6809
06/05/2016 07:15;1,27;1,2696;0,10811;0,10808;0,6811;0,6809
06/05/2016 07:30;1,2697;1,2694;0,1081;0,10808;0,6811;0,6809
06/05/2016 07:45;1,2698;1,2693;0,10809;0,10807;0,6811;0,6808
06/05/2016 08:00;1,2699;1,2688;0,10813;0,10808;0,681;0,6805
06/05/2016 08:15;1,2691;1,2683;0,1081;0,10807;0,6808;0,6803
06/05/2016 08:30;1,269;1,2674;0,10819;0,10806;0,6805;0,6801
06/05/2016 08:45;1,2689;1,2679;0,1081;0,10807;0,6803;0,6795
06/05/2016 09:00;1,2685;1,2666;0,10808;0,10803;0,6796;0,6787
06/05/2016 09:15;1,2678;1,2665;0,10807;0,108;0,681;0,6796
06/05/2016 09:30;1,2684;1,2669;0,10808;0,10803;0,6813;0,6809
06/05/2016 09:45;1,2682;1,2673;0,10806;0,10803;0,6817;0,6813
06/05/2016 10:00;1,2692;1,2679;0,10808;0,10802;0,6814;0,6811
06/05/2016 10:15;1,2701;1,2691;0,10808;0,10798;0,6816;0,6811
06/05/2016 10:30;1,27;1,2688;0,10797;0,10792;0,6813;0,681
06/05/2016 10:45;1,2689;1,2682;0,10794;0,10791;0,6816;0,6811
06/05/2016 11:00;1,2691;1,2674;0,10794;0,10788;0,6818;0,6815
06/05/2016 11:15;1,2698;1,2689;0,10794;0,10789;0,6818;0,6817
06/05/2016 11:30;1,2707;1,2694;0,1079;0,10784;0,6817;0,6814
06/05/2016 11:45;1,271;1,27;0,10793;0,10788;0,6815;0,6813
06/05/2016 12:00;1,2707;1,2696;0,10788;0,10784;0,6813;0,6807
06/05/2016 12:15;1,2702;1,2695;0,10784;0,10779;0,6811;0,6808
06/05/2016 12:30;1,2702;1,2692;0,10781;0,10778;0,681;0,6804
06/05/2016 12:45;1,27;1,2691;0,10782;0,10779;0,6808;0,6798
06/05/2016 13:00;1,2698;1,2688;0,1078;0,10778;0,6801;0,6794
06/05/2016 13:15;1,2697;1,2688;0,10782;0,10779;0,6801;0,6796
06/05/2016 13:30;1,2692;1,2685;0,10783;0,10781;0,6798;0,6794
06/05/2016 13:45;1,269;1,2674;0,10783;0,10781;0,6804;0,6795
06/05/2016 14:00;1,2683;1,2673;0,10783;0,1078;0,6801;0,6788
06/05/2016 14:15;1,2698;1,2681;0,10783;0,10778;0,68;0,6786
06/05/2016 14:30;1,2691;1,2646;0,10783;0,10777;0,6786;0,6765
06/05/2016 14:45;1,265;1,2636;0,10778;0,1077;0,6775;0,6767
06/05/2016 15:00;1,2656;1,2641;0,10779;0,1077;0,6785;0,6767
06/05/2016 15:15;1,266;1,2637;0,10783;0,10777;0,6783;0,6771
06/05/2016 15:30;1,267;1,2639;0,10777;0,10769;0,6789;0,6771
06/05/2016 15:45;1,2673;1,2662;0,10777;0,10769;0,6799;0,6784
06/05/2016 16:00;1,2679;1,2664;0,10783;0,10773;0,6794;0,6784
06/05/2016 16:15;1,267;1,2654;0,10784;0,10773;0,6786;0,6771
06/05/2016 16:30;1,266;1,2648;0,10776;0,10769;0,6777;0,6766
06/05/2016 16:45;1,2653;1,2629;0,10772;0,10763;0,6772;0,6762
06/05/2016 17:00;1,2643;1,2632;0,10765;0,10758;0,6778;0,6773
06/05/2016 17:15;1,2648;1,2639;0,10768;0,10759;0,6785;0,6776
06/05/2016 17:30;1,2647;1,2638;0,10777;0,10768;0,6786;0,678
06/05/2016 17:45;1,2645;1,2637;0,10775;0,10772;0,6785;0,6777
06/05/2016 18:00;1,2646;1,2632;0,10774;0,10772;0,6779;0,6776
06/05/2016 18:15;1,2641;1,2635;0,10778;0,10773;0,6778;0,6769
06/05/2016 18:30;1,2651;1,264;0,10777;0,10772;0,6776;0,6771
06/05/2016 18:45;1,2659;1,2646;0,10778;0,10775;0,6777;0,6771
06/05/2016 19:00;1,2661;1,2654;0,10776;0,10775;0,6774;0,677
06/05/2016 19:15;1,2662;1,2652;0,10776;0,10775;0,678;0,6773
06/05/2016 19:30;1,2659;1,265;0,10774;0,10771;0,6776;0,6771
06/05/2016 19:45;1,2654;1,2649;0,10775;0,10774;0,6778;0,6772
06/05/2016 20:00;1,2657;1,2651;0,10775;0,10774;0,6784;0,6779
06/05/2016 20:15;1,2661;1,2652;0,10774;0,10772;0,6789;0,6783
06/05/2016 20:30;1,2661;1,2655;0,10772;0,10765;0,6786;0,6783
06/05/2016 20:45;1,2656;1,2649;0,10772;0,10767;0,6785;0,6781
06/05/2016 21:00;1,2654;1,2645;0,10775;0,10772;0,6786;0,6781
06/05/2016 21:15;1,2656;1,2648;0,10774;0,10771;0,6789;0,6784
06/05/2016 21:30;1,2655;1,265;0,10771;0,10769;0,6787;0,6784
06/05/2016 21:45;1,2654;1,265;0,10772;0,10766;0,6786;0,6785
06/05/2016 22:00;1,2658;1,2651;0,10771;0,10766;0,6792;0,6788
06/05/2016 22:15;1,2655;1,2651;0,1077;0,10768;0,6793;0,6789
06/05/2016 22:30;1,2654;1,2651;0,1077;0,10766;0,6797;0,6792
06/05/2016 22:45;1,2656;1,2651;0,10774;0,10766;0,6798;0,6793
08/05/2016 21:00;1,2656;1,2646;0,10779;0,10773;0,6782;0,6778
08/05/2016 21:15;1,2655;1,2648;0,10776;0,10771;0,6786;0,6783
08/05/2016 21:30;1,2653;1,265;0,10775;0,10771;0,6785;0,6773
08/05/2016 21:45;1,2651;1,2649;0,10775;0,1077;0,6775;0,6772
08/05/2016 22:00;1,2651;1,2648;0,10773;0,10772;0,6775;0,6773
08/05/2016 22:15;1,2649;1,2647;0,10775;0,10771;0,6778;0,6775
08/05/2016 22:30;1,2652;1,2648;0,10774;0,10772;0,6776;0,6774
08/05/2016 22:45;1,2652;1,2649;0,10774;0,10771;0,6776;0,6774
08/05/2016 23:00;1,2658;1,2649;0,1078;0,10766;0,6785;0,6774
08/05/2016 23:15;1,266;1,2651;0,10775;0,10772;0,6784;0,6776
08/05/2016 23:30;1,2655;1,2652;0,10775;0,10771;0,6787;0,6784
08/05/2016 23:45;1,2658;1,2653;0,10774;0,10771;0,6786;0,6784
09/05/2016;1,2653;1,2648;0,10777;0,1077;0,6789;0,6785
09/05/2016 00:15;1,2656;1,2648;0,10776;0,10772;0,679;0,6787
09/05/2016 00:30;1,2661;1,2655;0,10777;0,10769;0,6792;0,6789
09/05/2016 00:45;1,2663;1,2659;0,1077;0,10769;0,6792;0,6788
09/05/2016 01:00;1,2663;1,2659;0,1077;0,10768;0,6789;0,6786
09/05/2016 01:15;1,2666;1,2661;0,10771;0,10768;0,6791;0,6787
09/05/2016 01:30;1,2672;1,2662;0,10775;0,10768;0,6791;0,6787
09/05/2016 01:45;1,2674;1,2666;0,10777;0,10771;0,6793;0,6787
09/05/2016 02:00;1,2672;1,2661;0,10777;0,10775;0,6791;0,6789
09/05/2016 02:15;1,2669;1,2658;0,10777;0,10775;0,6791;0,6787
09/05/2016 02:30;1,2666;1,2657;0,10777;0,10775;0,679;0,6786
09/05/2016 02:45;1,2665;1,266;0,10778;0,10775;0,6789;0,6785
09/05/2016 03:00;1,2665;1,2661;0,10778;0,10776;0,6789;0,6784
09/05/2016 03:15;1,2663;1,2655;0,10779;0,10776;0,6789;0,6785
09/05/2016 03:30;1,2656;1,2652;0,10778;0,10777;0,6787;0,6784
09/05/2016 03:45;1,2655;1,2648;0,10778;0,10776;0,6784;0,678
09/05/2016 04:00;1,2656;1,2651;0,10777;0,10775;0,6787;0,6783
09/05/2016 04:15;1,2652;1,265;0,10776;0,10775;0,6783;0,6781
09/05/2016 04:30;1,2654;1,265;0,10777;0,10775;0,6782;0,6779
09/05/2016 04:45;1,2655;1,2651;0,10777;0,10776;0,6785;0,6781
09/05/2016 05:00;1,2659;1,2654;0,10779;0,10776;0,6786;0,6785
09/05/2016 05:15;1,2658;1,2656;0,10779;0,10777;0,6787;0,6786
09/05/2016 05:30;1,2658;1,2654;0,10779;0,10777;0,6787;0,6784
09/05/2016 05:45;1,2656;1,2652;0,10778;0,10777;0,6784;0,6781
09/05/2016 06:00;1,2655;1,2648;0,10779;0,10776;0,6784;0,678
09/05/2016 06:15;1,2651;1,2648;0,10779;0,10776;0,6782;0,678
09/05/2016 06:30;1,2652;1,2648;0,10779;0,10776;0,6782;0,6781
09/05/2016 06:45;1,2654;1,265;0,10779;0,10778;0,6784;0,678
09/05/2016 07:00;1,2656;1,265;0,10779;0,10778;0,6784;0,6781
09/05/2016 07:15;1,2652;1,2647;0,10779;0,10776;0,6784;0,6781
09/05/2016 07:30;1,2652;1,2646;0,10777;0,10773;0,6787;0,6783
09/05/2016 07:45;1,2654;1,2643;0,10778;0,10775;0,6788;0,6786
09/05/2016 08:00;1,2659;1,2651;0,10783;0,10777;0,6789;0,6787
09/05/2016 08:15;1,2668;1,2648;0,10784;0,10781;0,6791;0,6787
09/05/2016 08:30;1,2666;1,2632;0,10782;0,1078;0,6791;0,6783
09/05/2016 08:45;1,2638;1,2623;0,10782;0,10778;0,6786;0,678
09/05/2016 09:00;1,2636;1,2615;0,10782;0,10775;0,6783;0,6777
09/05/2016 09:15;1,2621;1,2614;0,10775;0,10767;0,6779;0,6776
09/05/2016 09:30;1,2635;1,2617;0,10779;0,10775;0,6788;0,6776
09/05/2016 09:45;1,2639;1,2627;0,10777;0,10773;0,6788;0,6781
09/05/2016 10:00;1,2636;1,2627;0,10774;0,10761;0,6785;0,6781
09/05/2016 10:15;1,2661;1,2627;0,10769;0,10763;0,6784;0,6778
09/05/2016 10:30;1,2662;1,2647;0,10777;0,10769;0,6788;0,6781
09/05/2016 10:45;1,2672;1,2654;0,10791;0,10776;0,679;0,6784
09/05/2016 11:00;1,2669;1,2654;0,10794;0,10786;0,6794;0,6787
09/05/2016 11:15;1,2681;1,2669;0,10791;0,10782;0,6796;0,679
09/05/2016 11:30;1,269;1,2674;0,10791;0,10783;0,6792;0,679
09/05/2016 11:45;1,2697;1,2666;0,10787;0,10772;0,6793;0,6788
09/05/2016 12:00;1,271;1,2687;0,10778;0,10774;0,6804;0,6793
09/05/2016 12:15;1,2701;1,2688;0,10783;0,10771;0,6799;0,6795
09/05/2016 12:30;1,2692;1,2685;0,1079;0,10782;0,6799;0,6795
09/05/2016 12:45;1,2692;1,2679;0,10792;0,10789;0,6799;0,6795
09/05/2016 13:00;1,2693;1,2681;0,10796;0,10791;0,6797;0,6792
09/05/2016 13:15;1,2695;1,2673;0,10796;0,10791;0,6793;0,679
09/05/2016 13:30;1,2685;1,2673;0,10793;0,10792;0,6794;0,6789
09/05/2016 13:45;1,2684;1,2662;0,10793;0,10783;0,6792;0,6781
09/05/2016 14:00;1,2668;1,2657;0,10784;0,10778;0,6784;0,6778
09/05/2016 14:15;1,2667;1,2657;0,10785;0,10776;0,6781;0,677
09/05/2016 14:30;1,2661;1,2656;0,10776;0,10769;0,6771;0,6766
09/05/2016 14:45;1,2661;1,2646;0,10774;0,1077;0,6768;0,6761
09/05/2016 15:00;1,2655;1,2643;0,1078;0,10773;0,6762;0,6758
09/05/2016 15:15;1,2661;1,265;0,10782;0,10779;0,6762;0,6758
09/05/2016 15:30;1,2666;1,2649;0,10779;0,10766;0,677;0,6761
09/05/2016 15:45;1,2662;1,2641;0,10771;0,10766;0,677;0,6759
09/05/2016 16:00;1,265;1,2639;0,10773;0,10767;0,677;0,6758
09/05/2016 16:15;1,2644;1,2632;0,10774;0,10765;0,6767;0,6756
09/05/2016 16:30;1,2638;1,2624;0,10768;0,1076;0,6756;0,675
09/05/2016 16:45;1,2642;1,263;0,10766;0,10753;0,676;0,6752
09/05/2016 17:00;1,2641;1,2627;0,10759;0,10753;0,6767;0,6753
09/05/2016 17:15;1,2635;1,2625;0,10755;0,10748;0,6756;0,6749
09/05/2016 17:30;1,2636;1,2629;0,10757;0,10748;0,6753;0,6751
09/05/2016 17:45;1,264;1,2629;0,10758;0,10753;0,6754;0,6747
09/05/2016 18:00;1,2642;1,263;0,10757;0,10753;0,675;0,6746
09/05/2016 18:15;1,2638;1,2633;0,10761;0,10758;0,6754;0,6747
09/05/2016 18:30;1,2643;1,2637;0,10761;0,1076;0,6755;0,6751
09/05/2016 18:45;1,2642;1,2634;0,1076;0,10759;0,6754;0,675
09/05/2016 19:00;1,2642;1,2637;0,10761;0,10758;0,6757;0,6749
09/05/2016 19:15;1,2641;1,2634;0,10765;0,1076;0,6756;0,6753
09/05/2016 19:30;1,264;1,2636;0,10765;0,10763;0,6753;0,6749
09/05/2016 19:45;1,2648;1,2638;0,10768;0,10765;0,6759;0,6752
09/05/2016 20:00;1,2647;1,2641;0,10765;0,10762;0,6761;0,6756
09/05/2016 20:15;1,2653;1,2644;0,10764;0,10761;0,6767;0,6759
09/05/2016 20:30;1,2655;1,265;0,10762;0,1076;0,677;0,6766
09/05/2016 20:45;1,2657;1,2653;0,10761;0,10758;0,6772;0,6771
09/05/2016 21:00;1,2656;1,2652;0,1076;0,10759;0,6772;0,677
09/05/2016 21:15;1,2655;1,2652;0,10761;0,10757;0,6773;0,6771
09/05/2016 21:30;1,2657;1,2651;0,10759;0,10756;0,6775;0,677
09/05/2016 21:45;1,2658;1,2653;0,1076;0,10759;0,6779;0,6775
09/05/2016 22:00;1,2662;1,2658;0,10761;0,10757;0,678;0,6778
09/05/2016 22:15;1,2661;1,2659;0,10764;0,10756;0,6783;0,6779
09/05/2016 22:30;1,2661;1,2656;0,10761;0,10758;0,6784;0,6783
09/05/2016 22:45;1,266;1,2653;0,1076;0,10759;0,6782;0,6779
09/05/2016 23:00;1,266;1,2656;0,1076;0,10758;0,6778;0,6777
09/05/2016 23:15;1,266;1,2654;0,10759;0,10758;0,6779;0,6776
09/05/2016 23:30;1,266;1,2655;0,10759;0,10752;0,6779;0,6776
09/05/2016 23:45;1,2663;1,2654;0,10759;0,10753;0,6779;0,6777
10/05/2016;1,2662;1,2659;0,10758;0,10755;0,6781;0,6778
10/05/2016 00:15;1,2662;1,2659;0,10755;0,10753;0,6782;0,6779
10/05/2016 00:30;1,2661;1,2659;0,10755;0,10753;0,678;0,6778
10/05/2016 00:45;1,2661;1,2658;0,10755;0,10754;0,678;0,6779
10/05/2016 01:00;1,2661;1,2658;0,10756;0,10755;0,678;0,6778
10/05/2016 01:15;1,2662;1,2658;0,1076;0,10755;0,6781;0,6779
10/05/2016 01:30;1,2662;1,2658;0,10761;0,1076;0,6782;0,6779
10/05/2016 01:45;1,2661;1,2659;0,10761;0,10759;0,678;0,6778
10/05/2016 02:00;1,2663;1,2659;0,10761;0,1076;0,6779;0,6774
10/05/2016 02:15;1,2662;1,2659;0,10762;0,10759;0,6775;0,6772
10/05/2016 02:30;1,2661;1,2655;0,1076;0,10759;0,6773;0,6769
10/05/2016 02:45;1,2662;1,2656;0,1076;0,10759;0,6772;0,6769
10/05/2016 03:00;1,2662;1,2656;0,1076;0,10759;0,677;0,6767
10/05/2016 03:15;1,266;1,2653;0,10763;0,10759;0,6771;0,6767
10/05/2016 03:30;1,2667;1,2657;0,10765;0,10763;0,6775;0,6771
10/05/2016 03:45;1,2664;1,2656;0,10766;0,10764;0,6775;0,6771
10/05/2016 04:00;1,2668;1,2654;0,10766;0,10764;0,678;0,6774
10/05/2016 04:15;1,2658;1,2652;0,10765;0,10764;0,6779;0,6775
10/05/2016 04:30;1,2665;1,2657;0,10766;0,10764;0,6781;0,6776
10/05/2016 04:45;1,2665;1,2652;0,10767;0,10765;0,6782;0,6778
10/05/2016 05:00;1,2659;1,2651;0,10766;0,10764;0,6781;0,6777
10/05/2016 05:15;1,266;1,2654;0,10766;0,10765;0,6782;0,678
10/05/2016 05:30;1,2662;1,2658;0,10766;0,10766;0,6784;0,6781
10/05/2016 05:45;1,2663;1,2657;0,10766;0,10764;0,6783;0,6779
10/05/2016 06:00;1,2658;1,2653;0,10764;0,10764;0,6779;0,6778
10/05/2016 06:15;1,2659;1,2653;0,10764;0,10764;0,678;0,6777
10/05/2016 06:30;1,2661;1,2655;0,10765;0,10764;0,6782;0,6779
10/05/2016 06:45;1,2661;1,2657;0,10765;0,10764;0,6781;0,6779
10/05/2016 07:00;1,2661;1,2656;0,10765;0,10764;0,678;0,6778
10/05/2016 07:15;1,2661;1,2656;0,10765;0,10764;0,6779;0,6777
10/05/2016 07:30;1,2664;1,2654;0,10769;0,10764;0,6779;0,6776
10/05/2016 07:45;1,2661;1,2652;0,10772;0,10768;0,6779;0,6774
10/05/2016 08:00;1,266;1,2653;0,10771;0,10765;0,6777;0,6772
10/05/2016 08:15;1,2662;1,2655;0,10773;0,1077;0,6776;0,6772
10/05/2016 08:30;1,2661;1,2654;0,10774;0,10772;0,678;0,6775
10/05/2016 08:45;1,2665;1,2657;0,10775;0,10773;0,6784;0,678
10/05/2016 09:00;1,2676;1,266;0,10777;0,10772;0,6788;0,6785
10/05/2016 09:15;1,2681;1,2666;0,10779;0,10772;0,679;0,6779
10/05/2016 09:30;1,2669;1,266;0,10776;0,10766;0,6782;0,6776
10/05/2016 09:45;1,2673;1,2658;0,10774;0,10766;0,6778;0,6775
10/05/2016 10:00;1,2671;1,2658;0,10773;0,10766;0,6777;0,6773
10/05/2016 10:15;1,267;1,2659;0,10772;0,1077;0,6781;0,6775
10/05/2016 10:30;1,2677;1,2667;0,10775;0,10771;0,6785;0,6781
10/05/2016 10:45;1,2685;1,2672;0,10777;0,10773;0,6793;0,6785
10/05/2016 11:00;1,2682;1,2673;0,1078;0,10775;0,6792;0,6788
10/05/2016 11:15;1,269;1,2678;0,10784;0,10774;0,679;0,6784
10/05/2016 11:30;1,2698;1,2683;0,10779;0,10772;0,679;0,6785
10/05/2016 11:45;1,2705;1,2693;0,10785;0,10778;0,6791;0,6786
10/05/2016 12:00;1,2697;1,2689;0,10794;0,10786;0,6789;0,6784
10/05/2016 12:15;1,2696;1,2685;0,10796;0,10791;0,6788;0,6783
10/05/2016 12:30;1,2694;1,2686;0,10796;0,10789;0,6788;0,6779
10/05/2016 12:45;1,2701;1,2689;0,10794;0,1079;0,6784;0,6778
10/05/2016 13:00;1,27;1,2687;0,10791;0,10783;0,6786;0,6781
10/05/2016 13:15;1,27;1,2688;0,10786;0,10778;0,6783;0,6774
10/05/2016 13:30;1,2694;1,2684;0,10784;0,10782;0,6777;0,6774
10/05/2016 13:45;1,2698;1,2687;0,10788;0,1078;0,6782;0,6776
10/05/2016 14:00;1,2703;1,2692;0,10786;0,10782;0,6783;0,6778
10/05/2016 14:15;1,2697;1,2685;0,10785;0,10779;0,6782;0,6775
10/05/2016 14:30;1,2697;1,2684;0,10781;0,10777;0,6784;0,6776
10/05/2016 14:45;1,2698;1,2687;0,10782;0,10775;0,6785;0,6779
10/05/2016 15:00;1,2693;1,2677;0,10781;0,10776;0,678;0,6776
10/05/2016 15:15;1,2688;1,268;0,10779;0,10774;0,6782;0,6775
10/05/2016 15:30;1,2693;1,2673;0,1078;0,10774;0,679;0,678
10/05/2016 15:45;1,2694;1,2684;0,10779;0,1077;0,6794;0,6786
10/05/2016 16:00;1,2691;1,2677;0,10781;0,10775;0,679;0,678
10/05/2016 16:15;1,2693;1,2681;0,10777;0,10776;0,6785;0,6773
10/05/2016 16:30;1,2689;1,2673;0,10781;0,10769;0,6779;0,6772
10/05/2016 16:45;1,2695;1,2678;0,10774;0,10768;0,6781;0,6773
10/05/2016 17:00;1,2702;1,269;0,10773;0,10766;0,678;0,6776
10/05/2016 17:15;1,2694;1,2683;0,10773;0,10768;0,6777;0,6769
10/05/2016 17:30;1,27;1,2692;0,1078;0,10769;0,6781;0,6775
10/05/2016 17:45;1,2696;1,2693;0,1078;0,10777;0,6778;0,6775
10/05/2016 18:00;1,2695;1,2691;0,10776;0,10773;0,6782;0,6777
10/05/2016 18:15;1,2693;1,2689;0,10777;0,10773;0,6786;0,678
10/05/2016 18:30;1,2692;1,2684;0,10778;0,10775;0,6787;0,6784
10/05/2016 18:45;1,2689;1,268;0,10779;0,10777;0,6785;0,678
10/05/2016 19:00;1,2683;1,2679;0,10779;0,10777;0,6786;0,6783
10/05/2016 19:15;1,2685;1,2679;0,10779;0,10778;0,679;0,6785
10/05/2016 19:30;1,2686;1,2684;0,10779;0,10778;0,6794;0,6789
10/05/2016 19:45;1,2693;1,2685;0,1078;0,10778;0,6805;0,6795
10/05/2016 20:00;1,2694;1,2688;0,10778;0,10778;0,6804;0,68
10/05/2016 20:15;1,2696;1,2688;0,1078;0,10778;0,6806;0,6802
10/05/2016 20:30;1,2698;1,2693;0,10779;0,10779;0,6806;0,6803
10/05/2016 20:45;1,2697;1,2692;0,10779;0,10777;0,6806;0,6801
10/05/2016 21:00;1,2697;1,2693;0,10776;0,10772;0,6809;0,6803
10/05/2016 21:15;1,27;1,2695;0,10775;0,10774;0,6813;0,6809
10/05/2016 21:30;1,2697;1,2694;0,10775;0,10774;0,6812;0,6809
10/05/2016 21:45;1,2703;1,2697;0,10778;0,10775;0,6811;0,6809
10/05/2016 22:00;1,2703;1,2699;0,10778;0,10774;0,6811;0,6809
10/05/2016 22:15;1,2703;1,2699;0,10776;0,10774;0,6813;0,681
10/05/2016 22:30;1,2701;1,2696;0,10776;0,10772;0,6812;0,6805
10/05/2016 22:45;1,2703;1,2699;0,10776;0,10774;0,6812;0,6805
10/05/2016 23:00;1,2702;1,2694;0,10777;0,10773;0,6812;0,6809
10/05/2016 23:15;1,2703;1,2697;0,10774;0,10773;0,6811;0,6808
10/05/2016 23:30;1,2703;1,27;0,10774;0,10773;0,6811;0,6807
10/05/2016 23:45;1,2705;1,27;0,10777;0,10773;0,6812;0,6809
11/05/2016;1,2706;1,2703;0,10777;0,10775;0,6812;0,681
11/05/2016 00:15;1,2705;1,2701;0,10775;0,10775;0,6811;0,6808
11/05/2016 00:30;1,2703;1,2699;0,10775;0,10775;0,6809;0,6807
11/05/2016 00:45;1,2704;1,27;0,10777;0,10775;0,681;0,6807
11/05/2016 01:00;1,2704;1,2701;0,10777;0,10776;0,6809;0,6807
11/05/2016 01:15;1,2709;1,2704;0,10778;0,10775;0,6811;0,6809
11/05/2016 01:30;1,2712;1,2705;0,10778;0,10775;0,6811;0,6807
11/05/2016 01:45;1,2706;1,2703;0,10778;0,10777;0,6807;0,6806
11/05/2016 02:00;1,2706;1,2703;0,10778;0,10776;0,6807;0,6805
11/05/2016 02:15;1,2711;1,2703;0,10777;0,10776;0,6809;0,6805
11/05/2016 02:30;1,2713;1,2706;0,10777;0,10776;0,6811;0,6809
11/05/2016 02:45;1,2708;1,2703;0,10777;0,10776;0,6809;0,6806
11/05/2016 03:00;1,2708;1,2701;0,1078;0,10777;0,681;0,6806
11/05/2016 03:15;1,2702;1,2697;0,1078;0,10779;0,6808;0,6803
11/05/2016 03:30;1,27;1,2692;0,1078;0,10779;0,6804;0,6794
11/05/2016 03:45;1,2694;1,2689;0,10777;0,10773;0,6795;0,6791
11/05/2016 04:00;1,2692;1,2683;0,10775;0,10774;0,6796;0,6788
11/05/2016 04:15;1,2688;1,2681;0,10775;0,10774;0,6788;0,6786
11/05/2016 04:30;1,269;1,2684;0,10774;0,10771;0,6791;0,6789
11/05/2016 04:45;1,2689;1,2683;0,10774;0,10773;0,6791;0,679
11/05/2016 05:00;1,2688;1,2684;0,10774;0,10773;0,6792;0,679
11/05/2016 05:15;1,2689;1,2687;0,10776;0,10775;0,6793;0,6792
11/05/2016 05:30;1,2693;1,2688;0,10776;0,10775;0,6795;0,6792
11/05/2016 05:45;1,2693;1,2689;0,10776;0,10771;0,6794;0,6791
11/05/2016 06:00;1,269;1,2687;0,10774;0,10772;0,6793;0,679
11/05/2016 06:15;1,2691;1,2689;0,10776;0,10773;0,6793;0,6792
11/05/2016 06:30;1,2693;1,269;0,10776;0,10775;0,6794;0,6792
11/05/2016 06:45;1,2697;1,2693;0,10776;0,10771;0,6795;0,6793
11/05/2016 07:00;1,2697;1,2694;0,10773;0,10772;0,6797;0,6795
11/05/2016 07:15;1,2696;1,2693;0,10772;0,10772;0,6799;0,6797
11/05/2016 07:30;1,2694;1,2689;0,10778;0,10772;0,6799;0,6796
11/05/2016 07:45;1,2696;1,2691;0,10779;0,10777;0,6803;0,6799
11/05/2016 08:00;1,2699;1,269;0,10786;0,10779;0,6809;0,6802
11/05/2016 08:15;1,27;1,2694;0,10789;0,10784;0,6811;0,6807
11/05/2016 08:30;1,2698;1,269;0,10787;0,10783;0,6809;0,6805
11/05/2016 08:45;1,2694;1,2683;0,10789;0,10777;0,6808;0,68
11/05/2016 09:00;1,2687;1,2673;0,10783;0,10778;0,6802;0,6793
11/05/2016 09:15;1,2675;1,266;0,1078;0,10777;0,6794;0,6788
11/05/2016 09:30;1,2671;1,2664;0,10778;0,10769;0,6794;0,679
11/05/2016 09:45;1,2671;1,2661;0,10772;0,10764;0,6794;0,6789
11/05/2016 10:00;1,267;1,2664;0,10768;0,1076;0,6795;0,679
11/05/2016 10:15;1,2672;1,2664;0,10768;0,10763;0,6792;0,6789
11/05/2016 10:30;1,2669;1,2652;0,10769;0,10767;0,6791;0,6785
11/05/2016 10:45;1,2665;1,2655;0,10774;0,10768;0,6796;0,6789
11/05/2016 11:00;1,2661;1,2644;0,10771;0,10766;0,6796;0,6794
11/05/2016 11:15;1,2652;1,2644;0,10771;0,10768;0,6799;0,6794
11/05/2016 11:30;1,2654;1,2647;0,10773;0,10771;0,6799;0,6795
11/05/2016 11:45;1,2662;1,2648;0,10771;0,10763;0,6799;0,6795
11/05/2016 12:00;1,2667;1,2655;0,10768;0,1076;0,6798;0,6793
11/05/2016 12:15;1,2668;1,2659;0,10764;0,1076;0,6805;0,6795
11/05/2016 12:30;1,2671;1,2659;0,10771;0,10761;0,681;0,6805
11/05/2016 12:45;1,2666;1,2656;0,1077;0,10762;0,6818;0,6807
11/05/2016 13:00;1,2659;1,2653;0,1077;0,10763;0,6817;0,6811
11/05/2016 13:15;1,2666;1,2656;0,10768;0,10763;0,6814;0,6809
11/05/2016 13:30;1,2676;1,266;0,10766;0,10763;0,6811;0,6806
11/05/2016 13:45;1,2674;1,2669;0,10768;0,10761;0,6809;0,6804
11/05/2016 14:00;1,2671;1,2659;0,10764;0,10759;0,6808;0,68
11/05/2016 14:15;1,2667;1,2658;0,10761;0,10757;0,6807;0,6798
11/05/2016 14:30;1,2664;1,2659;0,10759;0,10753;0,6806;0,68
11/05/2016 14:45;1,2662;1,2653;0,10762;0,10753;0,6804;0,6797
11/05/2016 15:00;1,2655;1,2646;0,10763;0,10754;0,6805;0,6795
11/05/2016 15:15;1,2653;1,2645;0,10756;0,10754;0,68;0,6796
11/05/2016 15:30;1,2657;1,2647;0,10758;0,10754;0,6803;0,6793
11/05/2016 15:45;1,2655;1,2644;0,10763;0,10751;0,6799;0,6793
11/05/2016 16:00;1,2646;1,2627;0,10756;0,10751;0,6793;0,6779
11/05/2016 16:15;1,2636;1,2629;0,10753;0,10746;0,6782;0,6773
11/05/2016 16:30;1,2653;1,2635;0,10756;0,10749;0,6803;0,6785
11/05/2016 16:45;1,2657;1,2643;0,10754;0,10746;0,6807;0,6792
11/05/2016 17:00;1,2653;1,2639;0,10758;0,10749;0,6808;0,6798
11/05/2016 17:15;1,266;1,2643;0,10755;0,10746;0,681;0,6802
11/05/2016 17:30;1,2658;1,2649;0,10758;0,10752;0,6811;0,6804
11/05/2016 17:45;1,2662;1,2652;0,10758;0,10755;0,6809;0,6806
11/05/2016 18:00;1,2657;1,2651;0,1076;0,10748;0,6811;0,6805
11/05/2016 18:15;1,2656;1,2651;0,10766;0,10756;0,6814;0,681
11/05/2016 18:30;1,2656;1,2651;0,10774;0,10764;0,6816;0,6813
11/05/2016 18:45;1,2656;1,2649;0,1077;0,10766;0,6813;0,6806
11/05/2016 19:00;1,2658;1,265;0,10772;0,10768;0,6814;0,6807
11/05/2016 19:15;1,2655;1,2649;0,10772;0,10771;0,6814;0,681
11/05/2016 19:30;1,2656;1,2652;0,10771;0,10766;0,6818;0,6812
11/05/2016 19:45;1,2656;1,2648;0,10772;0,10768;0,6818;0,6814
11/05/2016 20:00;1,2652;1,2647;0,10769;0,10767;0,6814;0,6808
11/05/2016 20:15;1,2654;1,2649;0,10769;0,10768;0,6817;0,681
11/05/2016 20:30;1,2656;1,2652;0,10769;0,10767;0,6818;0,6814
11/05/2016 20:45;1,2656;1,2648;0,10768;0,10761;0,6819;0,6816
11/05/2016 21:00;1,2651;1,2647;0,10771;0,10761;0,6818;0,6815
11/05/2016 21:15;1,2651;1,2648;0,10764;0,10763;0,6817;0,6814
11/05/2016 21:30;1,2651;1,2643;0,10764;0,10761;0,6818;0,6811
11/05/2016 21:45;1,2646;1,2643;0,10762;0,10759;0,6814;0,6811
11/05/2016 22:00;1,2645;1,2643;0,10759;0,10759;0,6813;0,6811
11/05/2016 22:15;1,2644;1,264;0,1076;0,10758;0,6814;0,6811
11/05/2016 22:30;1,2645;1,264;0,10759;0,10757;0,6815;0,6813
11/05/2016 22:45;1,2647;1,2643;0,10757;0,10747;0,6814;0,6809
11/05/2016 23:00;1,2651;1,2643;0,10751;0,10748;0,6813;0,6809
11/05/2016 23:15;1,2648;1,2641;0,10757;0,10748;0,681;0,6809
11/05/2016 23:30;1,2649;1,2643;0,10761;0,10757;0,6811;0,6809
11/05/2016 23:45;1,265;1,2641;0,1076;0,10752;0,6811;0,6809
12/05/2016;1,2643;1,264;0,1076;0,10754;0,681;0,6807
12/05/2016 00:15;1,2645;1,2642;0,10762;0,10758;0,681;0,6808
12/05/2016 00:30;1,2645;1,264;0,1076;0,10755;0,681;0,6808
12/05/2016 00:45;1,264;1,2637;0,10762;0,10756;0,6808;0,6807
12/05/2016 01:00;1,2639;1,2636;0,10763;0,10755;0,6807;0,6805
12/05/2016 01:15;1,2638;1,2636;0,1076;0,10759;0,6807;0,6805
12/05/2016 01:30;1,2638;1,2636;0,1076;0,10759;0,6807;0,6806
12/05/2016 01:45;1,2637;1,2635;0,1076;0,10757;0,6807;0,6805
12/05/2016 02:00;1,2636;1,2633;0,10759;0,10756;0,6807;0,6804
12/05/2016 02:15;1,2637;1,2633;0,10759;0,10757;0,6808;0,6805
12/05/2016 02:30;1,2638;1,2633;0,10762;0,10758;0,681;0,6806
12/05/2016 02:45;1,2641;1,2636;0,10761;0,1076;0,681;0,6807
12/05/2016 03:00;1,264;1,2637;0,10761;0,10759;0,6808;0,6805
12/05/2016 03:15;1,2647;1,2639;0,10761;0,10759;0,6811;0,6807
12/05/2016 03:30;1,2645;1,2637;0,1076;0,10756;0,6809;0,6805
12/05/2016 03:45;1,264;1,2634;0,10758;0,10757;0,6807;0,6804
12/05/2016 04:00;1,2641;1,2634;0,10759;0,10757;0,6809;0,6805
12/05/2016 04:15;1,264;1,2637;0,10761;0,10755;0,6809;0,6808
12/05/2016 04:30;1,264;1,2637;0,10756;0,10755;0,6809;0,6807
12/05/2016 04:45;1,2641;1,2638;0,10756;0,10755;0,681;0,6808
12/05/2016 05:00;1,264;1,2635;0,10759;0,10756;0,6808;0,6805
12/05/2016 05:15;1,2639;1,2635;0,1076;0,10759;0,6809;0,6805
12/05/2016 05:30;1,2639;1,2638;0,10759;0,10757;0,6809;0,6808
12/05/2016 05:45;1,2642;1,2639;0,10757;0,10757;0,6809;0,6808
12/05/2016 06:00;1,2645;1,2639;0,10757;0,10755;0,6808;0,6808
12/05/2016 06:15;1,2644;1,2641;0,10757;0,10756;0,6808;0,6806
12/05/2016 06:30;1,2648;1,2642;0,10759;0,10756;0,681;0,6808
12/05/2016 06:45;1,2645;1,2639;0,10759;0,10758;0,6811;0,6809
12/05/2016 07:00;1,2644;1,2639;0,10761;0,10759;0,6814;0,6809
12/05/2016 07:15;1,2643;1,2638;0,10761;0,1076;0,6814;0,6812
12/05/2016 07:30;1,2641;1,2638;0,10761;0,1076;0,6813;0,6811
12/05/2016 07:45;1,2642;1,2637;0,10767;0,10761;0,6813;0,6809
12/05/2016 08:00;1,2647;1,2639;0,10767;0,10764;0,6814;0,6811
12/05/2016 08:15;1,2647;1,2638;0,10766;0,10761;0,6813;0,6808
12/05/2016 08:30;1,2644;1,2639;0,10762;0,10756;0,6813;0,6809
12/05/2016 08:45;1,2646;1,2637;0,10767;0,10759;0,6813;0,6809
12/05/2016 09:00;1,264;1,2628;0,10767;0,10758;0,6814;0,6809
12/05/2016 09:15;1,2641;1,2628;0,10767;0,10758;0,6814;0,6806
12/05/2016 09:30;1,2643;1,2632;0,10746;0,10728;0,6811;0,6807
12/05/2016 09:45;1,2647;1,2638;0,10748;0,10733;0,6819;0,6809
12/05/2016 10:00;1,2656;1,2644;0,10755;0,10748;0,6822;0,6815
12/05/2016 10:15;1,2656;1,2641;0,10754;0,10747;0,6822;0,6815
12/05/2016 10:30;1,2658;1,2651;0,10765;0,10748;0,6827;0,6823
12/05/2016 10:45;1,2658;1,2651;0,10768;0,10761;0,6827;0,6823
12/05/2016 11:00;1,2661;1,2652;0,10769;0,10766;0,6833;0,6823
12/05/2016 11:15;1,2657;1,2651;0,10771;0,10755;0,6829;0,6822
12/05/2016 11:30;1,2661;1,2646;0,10757;0,10755;0,6826;0,6816
12/05/2016 11:45;1,2671;1,266;0,10757;0,10752;0,6828;0,6824
12/05/2016 12:00;1,2671;1,2661;0,10762;0,10754;0,683;0,6826
12/05/2016 12:15;1,2673;1,266;0,10758;0,10755;0,6832;0,6826
12/05/2016 12:30;1,2674;1,2665;0,10758;0,10754;0,6835;0,683
12/05/2016 12:45;1,2696;1,2673;0,10761;0,10755;0,6837;0,6832
12/05/2016 13:00;1,2722;1,2684;0,10759;0,10755;0,6835;0,6831
12/05/2016 13:15;1,2703;1,2682;0,10759;0,10753;0,6832;0,6831
12/05/2016 13:30;1,2705;1,2683;0,10764;0,10758;0,6842;0,683
12/05/2016 13:45;1,2705;1,2686;0,10767;0,1076;0,6846;0,6838
12/05/2016 14:00;1,2694;1,267;0,10769;0,10758;0,6846;0,6838
12/05/2016 14:15;1,2691;1,2674;0,10766;0,10756;0,6861;0,6848
12/05/2016 14:30;1,2701;1,2682;0,10766;0,10753;0,6864;0,6852
12/05/2016 14:45;1,2703;1,2693;0,10756;0,10749;0,6855;0,6843
12/05/2016 15:00;1,2705;1,2694;0,1075;0,10748;0,6855;0,6847
12/05/2016 15:15;1,2745;1,2696;0,10755;0,10748;0,6864;0,6854
12/05/2016 15:30;1,274;1,2729;0,10753;0,10742;0,686;0,6852
12/05/2016 15:45;1,2734;1,2721;0,10749;0,10744;0,6855;0,6842
12/05/2016 16:00;1,2729;1,2721;0,10743;0,10734;0,6851;0,6843
12/05/2016 16:15;1,273;1,2716;0,10744;0,10738;0,6849;0,684
12/05/2016 16:30;1,2722;1,2709;0,10738;0,10731;0,6847;0,6837
12/05/2016 16:45;1,2721;1,2708;0,10732;0,10725;0,6843;0,6837
12/05/2016 17:00;1,272;1,2704;0,10727;0,10722;0,6844;0,683
12/05/2016 17:15;1,2713;1,2702;0,1073;0,10724;0,6841;0,6834
12/05/2016 17:30;1,2713;1,2706;0,10734;0,1073;0,6841;0,6835
12/05/2016 17:45;1,2708;1,2698;0,10732;0,1073;0,6838;0,6833
12/05/2016 18:00;1,2704;1,2694;0,10732;0,1073;0,6841;0,6833
12/05/2016 18:15;1,2705;1,2699;0,10733;0,10732;0,6847;0,6842
12/05/2016 18:30;1,2703;1,2696;0,10734;0,10732;0,6845;0,684
12/05/2016 18:45;1,2706;1,2699;0,1074;0,10734;0,6848;0,684
12/05/2016 19:00;1,2704;1,2697;0,10742;0,10738;0,6845;0,6838
12/05/2016 19:15;1,2703;1,2696;0,10742;0,10737;0,6844;0,6838
12/05/2016 19:30;1,2702;1,2693;0,10741;0,10737;0,6846;0,6841
12/05/2016 19:45;1,2698;1,2693;0,10741;0,10738;0,6849;0,6844
12/05/2016 20:00;1,2702;1,2696;0,1074;0,10736;0,6855;0,6848
12/05/2016 20:15;1,2702;1,2697;0,10739;0,10738;0,6858;0,6855
12/05/2016 20:30;1,2699;1,2694;0,10739;0,10738;0,6855;0,6852
12/05/2016 20:45;1,2706;1,2698;0,10743;0,10738;0,6857;0,6854
12/05/2016 21:00;1,2708;1,2704;0,10741;0,1074;0,6857;0,6854
12/05/2016 21:15;1,2708;1,2702;0,10743;0,10739;0,6855;0,6851
12/05/2016 21:30;1,2707;1,2703;0,1074;0,10737;0,6852;0,6849
12/05/2016 21:45;1,2705;1,2702;0,10737;0,10735;0,6851;0,6848
12/05/2016 22:00;1,2707;1,2703;0,10737;0,10735;0,6852;0,6849
12/05/2016 22:15;1,2704;1,2696;0,10739;0,10736;0,6849;0,6847
12/05/2016 22:30;1,2705;1,2701;0,10738;0,10737;0,6848;0,6844
12/05/2016 22:45;1,2705;1,2699;0,1074;0,10737;0,6846;0,6842
12/05/2016 23:00;1,2708;1,27;0,10742;0,10741;0,6846;0,6842
12/05/2016 23:15;1,2705;1,2696;0,10742;0,10741;0,6846;0,6844
12/05/2016 23:30;1,2701;1,2697;0,10742;0,10738;0,6847;0,6845
12/05/2016 23:45;1,2703;1,2695;0,10739;0,10736;0,6847;0,6843
13/05/2016;1,27;1,2697;0,10741;0,10737;0,6846;0,6845
13/05/2016 00:15;1,2702;1,2698;0,10739;0,10738;0,6845;0,6844
13/05/2016 00:30;1,2702;1,2699;0,10739;0,10738;0,6846;0,6845
13/05/2016 00:45;1,27;1,2695;0,10739;0,10738;0,6845;0,6843
13/05/2016 01:00;1,27;1,2695;0,10739;0,10738;0,6846;0,6843
13/05/2016 01:15;1,2702;1,2697;0,10739;0,10739;0,6846;0,6845
13/05/2016 01:30;1,27;1,2696;0,10739;0,10739;0,6845;0,6844
13/05/2016 01:45;1,27;1,2698;0,10739;0,10738;0,6846;0,6844
13/05/2016 02:00;1,27;1,2696;0,10739;0,10738;0,6845;0,6843
13/05/2016 02:15;1,2701;1,2697;0,10739;0,10738;0,6846;0,6843
13/05/2016 02:30;1,2699;1,2694;0,10738;0,10737;0,6844;0,6842
13/05/2016 02:45;1,2698;1,2694;0,10738;0,10738;0,6844;0,6842
13/05/2016 03:00;1,27;1,2692;0,10738;0,10737;0,6843;0,6839
13/05/2016 03:15;1,2698;1,2692;0,10737;0,10736;0,6839;0,6837
13/05/2016 03:30;1,2693;1,2686;0,10737;0,10736;0,6839;0,6834
13/05/2016 03:45;1,2694;1,269;0,10737;0,10736;0,6837;0,6833
13/05/2016 04:00;1,269;1,2687;0,10737;0,10736;0,6836;0,6833
13/05/2016 04:15;1,2691;1,2687;0,10737;0,10736;0,6839;0,6836
13/05/2016 04:30;1,2693;1,2688;0,10737;0,10736;0,6841;0,6838
13/05/2016 04:45;1,2694;1,2692;0,10737;0,10736;0,6841;0,6838
13/05/2016 05:00;1,2694;1,2691;0,10737;0,10736;0,684;0,6838
13/05/2016 05:15;1,2694;1,2692;0,10737;0,10733;0,6842;0,6839
13/05/2016 05:30;1,2692;1,2691;0,10736;0,10734;0,6842;0,684
13/05/2016 05:45;1,2693;1,2689;0,10736;0,10733;0,6841;0,684
13/05/2016 06:00;1,2697;1,2692;0,10733;0,10733;0,6841;0,684
13/05/2016 06:15;1,27;1,2696;0,10734;0,10733;0,6843;0,684
13/05/2016 06:30;1,2698;1,2694;0,10736;0,10734;0,6843;0,6841
13/05/2016 06:45;1,2698;1,2694;0,10736;0,10734;0,6843;0,684
13/05/2016 07:00;1,2699;1,2693;0,10736;0,10732;0,6844;0,6842
13/05/2016 07:15;1,2694;1,2691;0,10733;0,1073;0,6843;0,6842
13/05/2016 07:30;1,2695;1,2691;0,10735;0,10733;0,6844;0,6841
13/05/2016 07:45;1,2696;1,2691;0,10735;0,10733;0,6844;0,6842
13/05/2016 08:00;1,2706;1,2692;0,10737;0,10731;0,6848;0,6842
13/05/2016 08:15;1,2708;1,2695;0,10737;0,10732;0,6848;0,6844
13/05/2016 08:30;1,2708;1,2696;0,10735;0,10731;0,685;0,6847
13/05/2016 08:45;1,2704;1,2687;0,10735;0,10729;0,6851;0,6846
13/05/2016 09:00;1,2708;1,2695;0,10732;0,10728;0,6851;0,6845
13/05/2016 09:15;1,2711;1,2694;0,10733;0,10728;0,6852;0,6847
13/05/2016 09:30;1,2707;1,269;0,10735;0,10726;0,6858;0,6851
13/05/2016 09:45;1,271;1,2698;0,10734;0,10727;0,6862;0,6855
13/05/2016 10:00;1,2713;1,27;0,10733;0,10729;0,6858;0,6847
13/05/2016 10:15;1,2712;1,27;0,10732;0,10726;0,6851;0,6847
13/05/2016 10:30;1,2708;1,2696;0,10729;0,10725;0,6851;0,6845
13/05/2016 10:45;1,2702;1,2692;0,10732;0,10726;0,685;0,6846
13/05/2016 11:00;1,2702;1,2694;0,10733;0,1073;0,6853;0,685
13/05/2016 11:15;1,2698;1,2688;0,10731;0,10728;0,6855;0,6849
13/05/2016 11:30;1,2701;1,2688;0,10731;0,10726;0,6855;0,6852
13/05/2016 11:45;1,2704;1,2696;0,10734;0,1073;0,6856;0,6849
13/05/2016 12:00;1,2704;1,2692;0,10734;0,10726;0,685;0,6846
13/05/2016 12:15;1,2708;1,2693;0,10732;0,10727;0,6849;0,6844
13/05/2016 12:30;1,2708;1,2701;0,10731;0,10726;0,6851;0,6847
13/05/2016 12:45;1,2707;1,27;0,10732;0,10727;0,6847;0,6845
13/05/2016 13:00;1,2707;1,2699;0,10732;0,10729;0,6848;0,6846
13/05/2016 13:15;1,2706;1,2698;0,10733;0,10726;0,6851;0,6848
13/05/2016 13:30;1,2705;1,269;0,1073;0,10726;0,685;0,6847
13/05/2016 13:45;1,2699;1,269;0,1073;0,10726;0,6849;0,6843
13/05/2016 14:00;1,2698;1,2691;0,10726;0,10719;0,6845;0,6837
13/05/2016 14:15;1,2704;1,2693;0,10725;0,10719;0,6843;0,6836
13/05/2016 14:30;1,2713;1,2692;0,10721;0,10714;0,6862;0,6839
13/05/2016 14:45;1,2711;1,2694;0,10719;0,1071;0,686;0,6851
13/05/2016 15:00;1,2699;1,2689;0,10721;0,10717;0,6852;0,6848
13/05/2016 15:15;1,2704;1,2692;0,10719;0,10716;0,6851;0,6847
13/05/2016 15:30;1,2711;1,2698;0,10716;0,10711;0,6854;0,6846
13/05/2016 15:45;1,2709;1,2699;0,10721;0,10716;0,6851;0,6844
13/05/2016 16:00;1,2714;1,2703;0,10723;0,10713;0,6844;0,6837
13/05/2016 16:15;1,2711;1,2697;0,10716;0,10709;0,6845;0,6834
13/05/2016 16:30;1,2702;1,2694;0,10711;0,10706;0,6838;0,683
13/05/2016 16:45;1,2704;1,2697;0,10716;0,10706;0,6842;0,6833
13/05/2016 17:00;1,2714;1,2697;0,10716;0,10708;0,6847;0,6842
13/05/2016 17:15;1,2722;1,2709;0,10719;0,10713;0,6845;0,6836
13/05/2016 17:30;1,2722;1,2714;0,1072;0,10716;0,6844;0,6839
13/05/2016 17:45;1,2724;1,2719;0,10721;0,10718;0,6844;0,684
13/05/2016 18:00;1,2723;1,2717;0,10723;0,1072;0,6842;0,6839
13/05/2016 18:15;1,2725;1,2718;0,10727;0,10723;0,6846;0,6843
13/05/2016 18:30;1,2725;1,2719;0,10725;0,10722;0,6849;0,6843
13/05/2016 18:45;1,2722;1,2716;0,10722;0,10718;0,6847;0,6843
13/05/2016 19:00;1,2723;1,2717;0,10723;0,10717;0,685;0,6845
13/05/2016 19:15;1,2719;1,2713;0,10723;0,10719;0,6849;0,684
13/05/2016 19:30;1,2718;1,2712;0,10719;0,10716;0,6843;0,6839
13/05/2016 19:45;1,2717;1,2709;0,10717;0,10715;0,6842;0,6835
13/05/2016 20:00;1,2715;1,2708;0,10716;0,10712;0,6842;0,6836
13/05/2016 20:15;1,2712;1,2701;0,10717;0,10712;0,6838;0,6831
13/05/2016 20:30;1,2704;1,27;0,10717;0,10713;0,6834;0,683
13/05/2016 20:45;1,2707;1,2701;0,10717;0,10716;0,6835;0,6831
13/05/2016 21:00;1,2707;1,2697;0,10721;0,10716;0,6835;0,683
13/05/2016 21:15;1,2707;1,2699;0,10722;0,10721;0,6836;0,6832
13/05/2016 21:30;1,2703;1,2699;0,10725;0,10721;0,6835;0,683
13/05/2016 21:45;1,2704;1,27;0,10725;0,10723;0,6835;0,6833
13/05/2016 22:00;1,2708;1,2701;0,10726;0,10716;0,6835;0,6833
13/05/2016 22:15;1,2708;1,2703;0,10724;0,10715;0,684;0,6835
13/05/2016 22:30;1,2708;1,2702;0,10717;0,10716;0,684;0,6836
13/05/2016 22:45;1,2707;1,27;0,10726;0,10716;0,684;0,6835
15/05/2016 21:00;1,2709;1,2698;0,10729;0,1072;0,6837;0,6835
15/05/2016 21:15;1,2702;1,2687;0,10729;0,10721;0,6837;0,6832
15/05/2016 21:30;1,2687;1,2683;0,10729;0,10724;0,6833;0,6825
15/05/2016 21:45;1,2689;1,2683;0,10729;0,10723;0,6828;0,6825
15/05/2016 22:00;1,2689;1,2684;0,1073;0,10719;0,683;0,6828
15/05/2016 22:15;1,2689;1,2684;0,10732;0,10726;0,6833;0,683
15/05/2016 22:30;1,2696;1,2689;0,1073;0,10728;0,6833;0,6827
15/05/2016 22:45;1,2693;1,2686;0,10732;0,10727;0,683;0,6826
15/05/2016 23:00;1,2696;1,2684;0,10735;0,10724;0,6831;0,6827
15/05/2016 23:15;1,2701;1,2689;0,1073;0,10727;0,6833;0,6828
15/05/2016 23:30;1,27;1,2688;0,10728;0,10726;0,6831;0,6827
15/05/2016 23:45;1,2699;1,2693;0,10728;0,10727;0,6832;0,683
16/05/2016;1,2702;1,2695;0,10729;0,10725;0,6834;0,6829
16/05/2016 00:15;1,27;1,2697;0,10727;0,10725;0,683;0,6827
16/05/2016 00:30;1,2698;1,2684;0,10726;0,10725;0,6827;0,6821
16/05/2016 00:45;1,2686;1,2683;0,10726;0,10725;0,6823;0,6821
16/05/2016 01:00;1,2685;1,2683;0,10726;0,10725;0,6823;0,6821
16/05/2016 01:15;1,2685;1,2682;0,10726;0,10725;0,6824;0,6822
16/05/2016 01:30;1,2684;1,268;0,10725;0,10725;0,6822;0,682
16/05/2016 01:45;1,2681;1,2677;0,10725;0,10725;0,6821;0,6819
16/05/2016 02:00;1,2689;1,2678;0,10727;0,10723;0,6822;0,6819
16/05/2016 02:15;1,2695;1,2688;0,10726;0,10725;0,6827;0,6822
16/05/2016 02:30;1,2693;1,2688;0,10727;0,10725;0,6827;0,6825
16/05/2016 02:45;1,2694;1,2688;0,10727;0,10724;0,6827;0,6824
16/05/2016 03:00;1,2694;1,269;0,10725;0,10724;0,6828;0,6823
16/05/2016 03:15;1,2697;1,2692;0,10725;0,10723;0,6825;0,6822
16/05/2016 03:30;1,2697;1,2693;0,10724;0,10723;0,6824;0,6822
16/05/2016 03:45;1,2698;1,2694;0,10724;0,10723;0,6826;0,6823
16/05/2016 04:00;1,2699;1,2694;0,10725;0,10723;0,6833;0,6825
16/05/2016 04:15;1,2704;1,2698;0,10726;0,10724;0,6835;0,6832
16/05/2016 04:30;1,2703;1,2701;0,10724;0,10724;0,6836;0,6834
16/05/2016 04:45;1,2707;1,27;0,10724;0,10723;0,6838;0,6835
16/05/2016 05:00;1,2708;1,2706;0,10724;0,10724;0,6839;0,6837
16/05/2016 05:15;1,2709;1,2707;0,10724;0,10723;0,684;0,6839
16/05/2016 05:30;1,2708;1,2706;0,10724;0,10723;0,6839;0,6838
16/05/2016 05:45;1,2708;1,2706;0,10724;0,10723;0,6841;0,6839
16/05/2016 06:00;1,2707;1,2705;0,10724;0,10723;0,6841;0,6839
16/05/2016 06:15;1,2707;1,2705;0,10724;0,10721;0,684;0,6839
16/05/2016 06:30;1,2707;1,2701;0,10721;0,10719;0,6839;0,6837
16/05/2016 06:45;1,2702;1,2699;0,10721;0,10719;0,6839;0,6837
16/05/2016 07:00;1,27;1,2699;0,10721;0,1072;0,6838;0,6836
16/05/2016 07:15;1,27;1,2696;0,10721;0,10721;0,6837;0,6834
16/05/2016 07:30;1,2698;1,2696;0,10722;0,10721;0,6835;0,6834
16/05/2016 07:45;1,2698;1,2695;0,10721;0,10719;0,6834;0,6833
16/05/2016 08:00;1,2702;1,2696;0,1072;0,10719;0,6839;0,6835
16/05/2016 08:15;1,27;1,2692;0,10719;0,10715;0,6838;0,6834
16/05/2016 08:30;1,2705;1,2698;0,10726;0,10714;0,6841;0,6837
16/05/2016 08:45;1,27;1,2693;0,10734;0,10726;0,6841;0,6836
16/05/2016 09:00;1,2698;1,2689;0,10733;0,10728;0,6843;0,6837
16/05/2016 09:15;1,2693;1,2677;0,10731;0,10727;0,6841;0,6832
16/05/2016 09:30;1,2683;1,2677;0,10731;0,10724;0,684;0,6834
16/05/2016 09:45;1,2686;1,2675;0,10725;0,10722;0,6844;0,6838
16/05/2016 10:00;1,269;1,2683;0,10724;0,10717;0,6845;0,6837
16/05/2016 10:15;1,2697;1,2686;0,10732;0,1072;0,6841;0,6836
16/05/2016 10:30;1,2696;1,2686;0,10739;0,1073;0,6841;0,6838
16/05/2016 10:45;1,269;1,2676;0,10735;0,10728;0,6842;0,6838
16/05/2016 11:00;1,2682;1,2674;0,10734;0,1073;0,684;0,6837
16/05/2016 11:15;1,268;1,267;0,10739;0,10731;0,6841;0,6837
16/05/2016 11:30;1,268;1,2672;0,10739;0,10731;0,6842;0,6838
16/05/2016 11:45;1,268;1,2673;0,10736;0,10729;0,6844;0,6838
16/05/2016 12:00;1,2689;1,2677;0,10728;0,10725;0,6845;0,6839
16/05/2016 12:15;1,2688;1,2675;0,10728;0,10718;0,684;0,6837
16/05/2016 12:30;1,2681;1,2668;0,10724;0,10716;0,684;0,6836
16/05/2016 12:45;1,268;1,2672;0,10723;0,10716;0,684;0,6838
16/05/2016 13:00;1,269;1,2672;0,10722;0,10716;0,6844;0,6838
16/05/2016 13:15;1,2692;1,2687;0,10718;0,10713;0,6844;0,6839
16/05/2016 13:30;1,2696;1,269;0,10718;0,10713;0,6846;0,6843
16/05/2016 13:45;1,2697;1,269;0,10719;0,10712;0,6847;0,6838
16/05/2016 14:00;1,2696;1,2685;0,10711;0,10706;0,6837;0,683
16/05/2016 14:15;1,2691;1,2682;0,10713;0,10706;0,6832;0,6827
16/05/2016 14:30;1,2692;1,2682;0,10709;0,10707;0,6836;0,6828
16/05/2016 14:45;1,269;1,2682;0,1071;0,10707;0,6832;0,6822
16/05/2016 15:00;1,2693;1,2685;0,1071;0,10707;0,6838;0,6829
16/05/2016 15:15;1,2694;1,2682;0,10714;0,10708;0,6839;0,6832
16/05/2016 15:30;1,2696;1,268;0,10714;0,1071;0,6847;0,6839
16/05/2016 15:45;1,2697;1,2682;0,10718;0,10711;0,6849;0,6844
16/05/2016 16:00;1,2693;1,2688;0,1072;0,10716;0,685;0,6841
16/05/2016 16:15;1,2707;1,269;0,1072;0,10713;0,685;0,6844
16/05/2016 16:30;1,2705;1,2698;0,10719;0,10715;0,6847;0,6838
16/05/2016 16:45;1,2712;1,2698;0,10716;0,10707;0,6845;0,6835
16/05/2016 17:00;1,2713;1,2706;0,10718;0,10714;0,6847;0,6842
16/05/2016 17:15;1,2711;1,2707;0,10715;0,10709;0,6846;0,6842
16/05/2016 17:30;1,2719;1,2707;0,10713;0,10706;0,6848;0,684
16/05/2016 17:45;1,2722;1,2716;0,10707;0,10705;0,685;0,6846
16/05/2016 18:00;1,2722;1,2715;0,10707;0,10696;0,6851;0,6846
16/05/2016 18:15;1,272;1,2715;0,10701;0,10699;0,6848;0,6845
16/05/2016 18:30;1,272;1,2713;0,10699;0,10697;0,6849;0,6846
16/05/2016 18:45;1,272;1,2716;0,10698;0,10692;0,685;0,6847
16/05/2016 19:00;1,2721;1,2717;0,10697;0,10694;0,685;0,6847
16/05/2016 19:15;1,2721;1,2715;0,10694;0,10693;0,6849;0,6845
16/05/2016 19:30;1,272;1,2715;0,10698;0,10694;0,6847;0,6843
16/05/2016 19:45;1,272;1,2716;0,10699;0,10697;0,6849;0,6844
16/05/2016 20:00;1,2722;1,2718;0,10698;0,10694;0,6852;0,6847
16/05/2016 20:15;1,2723;1,2718;0,10695;0,10694;0,6853;0,6849
16/05/2016 20:30;1,272;1,2718;0,10694;0,10693;0,6853;0,6851
16/05/2016 20:45;1,2719;1,2714;0,10694;0,10691;0,6853;0,6848
16/05/2016 21:00;1,2717;1,2714;0,10694;0,1069;0,6853;0,6848
16/05/2016 21:15;1,2717;1,2714;0,10694;0,10693;0,6853;0,6849
16/05/2016 21:30;1,2718;1,2713;0,10694;0,10692;0,685;0,6847
16/05/2016 21:45;1,2718;1,2714;0,10693;0,10691;0,685;0,6848
16/05/2016 22:00;1,2719;1,2715;0,10692;0,10691;0,685;0,6845
16/05/2016 22:15;1,2719;1,2714;0,10692;0,1069;0,6848;0,6845
16/05/2016 22:30;1,2723;1,2715;0,10693;0,10691;0,6849;0,6847
16/05/2016 22:45;1,2725;1,2715;0,10693;0,10692;0,6851;0,6848
16/05/2016 23:00;1,2724;1,272;0,10693;0,10692;0,6852;0,6849
16/05/2016 23:15;1,2728;1,2721;0,10693;0,10692;0,6852;0,6851
16/05/2016 23:30;1,2729;1,2722;0,10693;0,10691;0,6851;0,685
16/05/2016 23:45;1,2738;1,2725;0,10694;0,10692;0,6854;0,6851
17/05/2016;1,2736;1,2729;0,10695;0,10693;0,6853;0,6852
17/05/2016 00:15;1,273;1,2727;0,10694;0,10693;0,6853;0,6851
17/05/2016 00:30;1,2733;1,2728;0,10694;0,10693;0,6854;0,6851
17/05/2016 00:45;1,2737;1,2732;0,10694;0,10693;0,6853;0,6853
17/05/2016 01:00;1,2741;1,2736;0,10693;0,10692;0,6853;0,6852
17/05/2016 01:15;1,2748;1,2741;0,10693;0,10692;0,6853;0,6852
17/05/2016 01:30;1,2785;1,2747;0,10693;0,10689;0,6856;0,6852
17/05/2016 01:45;1,2778;1,2764;0,10691;0,1069;0,6855;0,685
17/05/2016 02:00;1,277;1,2761;0,10693;0,10691;0,6851;0,6845
17/05/2016 02:15;1,2771;1,2764;0,10692;0,10692;0,6849;0,6847
17/05/2016 02:30;1,2772;1,2762;0,10693;0,10691;0,6848;0,6844
17/05/2016 02:45;1,2766;1,2762;0,10692;0,10691;0,6846;0,6842
17/05/2016 03:00;1,2767;1,2761;0,10692;0,10692;0,6846;0,6842
17/05/2016 03:15;1,2771;1,2763;0,10693;0,10692;0,6847;0,6843
17/05/2016 03:30;1,2782;1,2767;0,10698;0,10693;0,6853;0,6846
17/05/2016 03:45;1,2787;1,2778;0,10698;0,10697;0,6857;0,6854
17/05/2016 04:00;1,279;1,278;0,10698;0,10697;0,6859;0,6855
17/05/2016 04:15;1,2803;1,2785;0,10698;0,10697;0,6866;0,6858
17/05/2016 04:30;1,2801;1,2792;0,10699;0,10698;0,6873;0,6866
17/05/2016 04:45;1,28;1,2793;0,10699;0,10696;0,6874;0,6871
17/05/2016 05:00;1,2799;1,2792;0,10697;0,10696;0,6874;0,6872
17/05/2016 05:15;1,28;1,2794;0,10697;0,10695;0,6874;0,6872
17/05/2016 05:30;1,2803;1,2798;0,10697;0,10695;0,6876;0,6872
17/05/2016 05:45;1,2806;1,2799;0,10697;0,10696;0,6876;0,6874
17/05/2016 06:00;1,2806;1,2795;0,107;0,10697;0,6874;0,6873
17/05/2016 06:15;1,28;1,2796;0,10698;0,10698;0,6874;0,6873
17/05/2016 06:30;1,2798;1,2792;0,10698;0,10698;0,6875;0,6872
17/05/2016 06:45;1,2797;1,2792;0,10698;0,10698;0,6875;0,6873
17/05/2016 07:00;1,2799;1,2792;0,10698;0,10697;0,6875;0,6873
17/05/2016 07:15;1,2803;1,2798;0,10698;0,10694;0,6875;0,6874
17/05/2016 07:30;1,2808;1,2801;0,10701;0,10699;0,6876;0,6874
17/05/2016 07:45;1,2806;1,2795;0,10705;0,107;0,6875;0,6872
17/05/2016 08:00;1,2806;1,279;0,10707;0,10704;0,6875;0,6869
17/05/2016 08:15;1,2804;1,2787;0,10712;0,10705;0,6874;0,6869
17/05/2016 08:30;1,2818;1,2796;0,1071;0,107;0,6875;0,687
17/05/2016 08:45;1,2808;1,2799;0,10701;0,10693;0,6872;0,6868
17/05/2016 09:00;1,2819;1,2799;0,10704;0,10696;0,6874;0,6869
17/05/2016 09:15;1,2817;1,2806;0,10716;0,10703;0,6871;0,6866
17/05/2016 09:30;1,2817;1,2804;0,10716;0,10711;0,687;0,686
17/05/2016 09:45;1,2817;1,2802;0,10713;0,10707;0,6864;0,6858
17/05/2016 10:00;1,2805;1,2798;0,10714;0,10705;0,6858;0,6847
17/05/2016 10:15;1,28;1,2779;0,10719;0,10714;0,6849;0,6844
17/05/2016 10:30;1,2797;1,2773;0,10719;0,10713;0,6851;0,6845
17/05/2016 10:45;1,2789;1,277;0,10721;0,1071;0,6853;0,6844
17/05/2016 11:00;1,2782;1,2767;0,10712;0,10703;0,6844;0,6833
17/05/2016 11:15;1,2792;1,2778;0,10703;0,10701;0,6837;0,6833
17/05/2016 11:30;1,279;1,2778;0,10703;0,10701;0,6837;0,6834
17/05/2016 11:45;1,2796;1,2784;0,10704;0,10699;0,684;0,6836
17/05/2016 12:00;1,2795;1,2782;0,10702;0,10698;0,6845;0,6837
17/05/2016 12:15;1,28;1,2792;0,10702;0,10696;0,6844;0,6838
17/05/2016 12:30;1,28;1,279;0,10699;0,10692;0,6841;0,6835
17/05/2016 12:45;1,2797;1,2786;0,107;0,10696;0,6838;0,6834
17/05/2016 13:00;1,2793;1,2785;0,10702;0,10698;0,6842;0,683
17/05/2016 13:15;1,279;1,2786;0,10699;0,10695;0,683;0,6826
17/05/2016 13:30;1,2791;1,2785;0,10695;0,10692;0,6826;0,6823
17/05/2016 13:45;1,2792;1,2784;0,10696;0,10693;0,683;0,6823
17/05/2016 14:00;1,2797;1,2789;0,10697;0,10692;0,6835;0,6831
17/05/2016 14:15;1,2796;1,2788;0,10697;0,10692;0,6837;0,683
17/05/2016 14:30;1,2798;1,2786;0,10697;0,10693;0,6835;0,6831
17/05/2016 14:45;1,2794;1,2784;0,10703;0,10696;0,6835;0,6828
17/05/2016 15:00;1,2795;1,2785;0,10703;0,10695;0,6832;0,6823
17/05/2016 15:15;1,2796;1,2771;0,10709;0,10701;0,6831;0,682
17/05/2016 15:30;1,2775;1,2745;0,10712;0,10707;0,6827;0,6814
17/05/2016 15:45;1,2749;1,2734;0,10709;0,10702;0,6823;0,6809
17/05/2016 16:00;1,275;1,2729;0,10702;0,10695;0,6821;0,6814
17/05/2016 16:15;1,2747;1,273;0,10707;0,10696;0,6827;0,6818
17/05/2016 16:30;1,2752;1,2742;0,10708;0,10704;0,6833;0,6825
17/05/2016 16:45;1,2765;1,2748;0,10716;0,10708;0,6839;0,6831
17/05/2016 17:00;1,2773;1,276;0,10717;0,10711;0,6843;0,6837
17/05/2016 17:15;1,2777;1,2767;0,10719;0,10715;0,6843;0,6837
17/05/2016 17:30;1,2776;1,2767;0,1072;0,10715;0,6847;0,6837
17/05/2016 17:45;1,278;1,2772;0,1072;0,10718;0,6847;0,6842
17/05/2016 18:00;1,2776;1,2772;0,10721;0,10718;0,6849;0,6844
17/05/2016 18:15;1,2776;1,277;0,10722;0,1072;0,6849;0,6843
17/05/2016 18:30;1,2777;1,2772;0,10723;0,10721;0,6844;0,6841
17/05/2016 18:45;1,2775;1,277;0,10722;0,10718;0,6842;0,6838
17/05/2016 19:00;1,2775;1,2771;0,1072;0,10715;0,6843;0,6838
17/05/2016 19:15;1,2775;1,277;0,10718;0,10715;0,6844;0,684
17/05/2016 19:30;1,2778;1,2771;0,10718;0,10714;0,685;0,6842
17/05/2016 19:45;1,2781;1,2774;0,10716;0,10714;0,685;0,6844
17/05/2016 20:00;1,278;1,2773;0,10715;0,10707;0,685;0,6845
17/05/2016 20:15;1,2778;1,2773;0,10708;0,10705;0,6849;0,6842
17/05/2016 20:30;1,278;1,2774;0,10707;0,10704;0,6846;0,6843
17/05/2016 20:45;1,278;1,2771;0,10705;0,10703;0,6846;0,684
17/05/2016 21:00;1,2777;1,2771;0,10712;0,10701;0,6847;0,6841
17/05/2016 21:15;1,2775;1,2771;0,10708;0,10703;0,6846;0,6839
17/05/2016 21:30;1,2775;1,2771;0,10707;0,10705;0,6843;0,684
17/05/2016 21:45;1,2779;1,2772;0,10706;0,10703;0,6849;0,6842
17/05/2016 22:00;1,2781;1,2777;0,10708;0,10704;0,685;0,6847
17/05/2016 22:15;1,2783;1,278;0,10708;0,10707;0,685;0,6847
17/05/2016 22:30;1,2785;1,2782;0,10708;0,10706;0,685;0,6848
17/05/2016 22:45;1,2786;1,278;0,10706;0,10705;0,685;0,6846
17/05/2016 23:00;1,2785;1,2781;0,10706;0,10703;0,6851;0,6847
17/05/2016 23:15;1,2783;1,2779;0,10705;0,10704;0,6851;0,6849
17/05/2016 23:30;1,2783;1,2778;0,10706;0,10704;0,6851;0,6849
17/05/2016 23:45;1,2785;1,2782;0,10704;0,10702;0,685;0,6849
18/05/2016;1,2785;1,2781;0,10706;0,10704;0,685;0,6848
18/05/2016 00:15;1,2783;1,2779;0,10705;0,10704;0,685;0,6848
18/05/2016 00:30;1,2781;1,2777;0,10704;0,10704;0,6848;0,6846
18/05/2016 00:45;1,278;1,2778;0,10705;0,10704;0,6848;0,6847
18/05/2016 01:00;1,278;1,2777;0,10705;0,10704;0,6849;0,6847
18/05/2016 01:15;1,2779;1,2776;0,10705;0,10704;0,6848;0,6847
18/05/2016 01:30;1,2779;1,2775;0,10705;0,10704;0,6848;0,6847
18/05/2016 01:45;1,2778;1,2774;0,10706;0,10704;0,6848;0,6845
18/05/2016 02:00;1,2778;1,2772;0,10706;0,10705;0,6848;0,6844
18/05/2016 02:15;1,2774;1,2771;0,10707;0,10705;0,6846;0,6844
18/05/2016 02:30;1,2772;1,2769;0,10707;0,10705;0,6844;0,6841
18/05/2016 02:45;1,2776;1,2769;0,10706;0,10704;0,6846;0,6841
18/05/2016 03:00;1,2776;1,277;0,10705;0,10704;0,6843;0,6841
18/05/2016 03:15;1,2774;1,277;0,10705;0,10704;0,6844;0,684
18/05/2016 03:30;1,2775;1,277;0,10707;0,10705;0,6845;0,6841
18/05/2016 03:45;1,2788;1,2774;0,10709;0,10706;0,6851;0,6844
18/05/2016 04:00;1,279;1,2784;0,10709;0,10707;0,6851;0,6849
18/05/2016 04:15;1,2792;1,2787;0,10708;0,10706;0,685;0,6848
18/05/2016 04:30;1,2792;1,2787;0,10712;0,10706;0,6852;0,6848
18/05/2016 04:45;1,2793;1,2788;0,10714;0,1071;0,6852;0,685
18/05/2016 05:00;1,2793;1,279;0,10714;0,10711;0,6851;0,6849
18/05/2016 05:15;1,2793;1,2787;0,10714;0,1071;0,6851;0,6847
18/05/2016 05:30;1,2789;1,2786;0,10712;0,10711;0,6848;0,6847
18/05/2016 05:45;1,2788;1,2785;0,10711;0,10705;0,6848;0,6846
18/05/2016 06:00;1,279;1,2787;0,10706;0,10704;0,6848;0,6846
18/05/2016 06:15;1,2791;1,2788;0,10706;0,10705;0,6848;0,6847
18/05/2016 06:30;1,2792;1,2788;0,10705;0,10704;0,6849;0,6847
18/05/2016 06:45;1,2794;1,2789;0,10704;0,10704;0,6849;0,6848
18/05/2016 07:00;1,2795;1,2792;0,10704;0,10702;0,685;0,6848
18/05/2016 07:15;1,2797;1,2791;0,10704;0,10701;0,6852;0,685
18/05/2016 07:30;1,2798;1,2792;0,10708;0,10701;0,6853;0,685
18/05/2016 07:45;1,2797;1,2792;0,10716;0,10705;0,6852;0,6849
18/05/2016 08:00;1,2797;1,279;0,10716;0,10708;0,6851;0,6846
18/05/2016 08:15;1,2794;1,2787;0,10714;0,10711;0,6849;0,6845
18/05/2016 08:30;1,28;1,2789;0,10715;0,10712;0,6849;0,6845
18/05/2016 08:45;1,2803;1,2794;0,10715;0,10709;0,6848;0,6842
18/05/2016 09:00;1,2816;1,2801;0,10714;0,10705;0,6844;0,6838
18/05/2016 09:15;1,2824;1,2807;0,10713;0,10706;0,6847;0,684
18/05/2016 09:30;1,283;1,2818;0,10713;0,10708;0,685;0,6846
18/05/2016 09:45;1,282;1,2808;0,10713;0,10709;0,6849;0,6846
18/05/2016 10:00;1,2822;1,2808;0,10713;0,10709;0,6852;0,6848
18/05/2016 10:15;1,2823;1,2806;0,10714;0,10709;0,6852;0,6845
18/05/2016 10:30;1,2824;1,2794;0,10712;0,10709;0,6846;0,6842
18/05/2016 10:45;1,2804;1,2796;0,10714;0,1071;0,6845;0,6843
18/05/2016 11:00;1,2805;1,2783;0,10716;0,10713;0,6845;0,6839
18/05/2016 11:15;1,279;1,2776;0,10717;0,10713;0,684;0,6834
18/05/2016 11:30;1,2787;1,2776;0,10714;0,10711;0,684;0,6833
18/05/2016 11:45;1,2796;1,2782;0,10716;0,10711;0,6844;0,684
18/05/2016 12:00;1,2799;1,2789;0,10716;0,10711;0,6844;0,6839
18/05/2016 12:15;1,2799;1,2786;0,10713;0,10704;0,6844;0,6841
18/05/2016 12:30;1,2821;1,2791;0,10704;0,10699;0,6844;0,6841
18/05/2016 12:45;1,2848;1,2816;0,10706;0,10701;0,6845;0,6842
18/05/2016 13:00;1,2879;1,2846;0,10705;0,107;0,6848;0,684
18/05/2016 13:15;1,2881;1,2866;0,10703;0,10699;0,6842;0,6839
18/05/2016 13:30;1,288;1,2868;0,107;0,10692;0,6841;0,6833
18/05/2016 13:45;1,2903;1,2876;0,10698;0,10693;0,6836;0,6833
18/05/2016 14:00;1,2908;1,2893;0,10697;0,10689;0,6836;0,6832
18/05/2016 14:15;1,2907;1,29;0,10695;0,10692;0,6833;0,6829
18/05/2016 14:30;1,2912;1,2901;0,10699;0,10695;0,6834;0,6829
18/05/2016 14:45;1,2911;1,2898;0,10696;0,10686;0,6838;0,6826
18/05/2016 15:00;1,2914;1,2899;0,1069;0,10685;0,6837;0,6825
18/05/2016 15:15;1,2943;1,2906;0,10689;0,10686;0,6839;0,6831
18/05/2016 15:30;1,2952;1,2938;0,10699;0,10689;0,6845;0,6834
18/05/2016 15:45;1,2953;1,2943;0,10699;0,10694;0,6848;0,6844
18/05/2016 16:00;1,2946;1,293;0,10698;0,10693;0,6848;0,684
18/05/2016 16:15;1,2936;1,2925;0,10711;0,10697;0,6852;0,6841
18/05/2016 16:30;1,2943;1,2926;0,10708;0,10702;0,6851;0,6839
18/05/2016 16:45;1,2963;1,2942;0,10704;0,10697;0,6853;0,6846
18/05/2016 17:00;1,2968;1,2954;0,10697;0,10692;0,6859;0,6851
18/05/2016 17:15;1,2966;1,2956;0,107;0,10695;0,686;0,6852
18/05/2016 17:30;1,2966;1,2958;0,10699;0,10695;0,6869;0,6858
18/05/2016 17:45;1,2965;1,2957;0,10704;0,10691;0,6869;0,686
18/05/2016 18:00;1,2966;1,2956;0,10705;0,10703;0,6866;0,686
18/05/2016 18:15;1,296;1,2955;0,10702;0,10695;0,6866;0,686
18/05/2016 18:30;1,2962;1,2957;0,10703;0,10701;0,6863;0,6861
18/05/2016 18:45;1,2964;1,2948;0,10703;0,10699;0,6865;0,6861
18/05/2016 19:00;1,2962;1,2951;0,10703;0,107;0,6865;0,6861
18/05/2016 19:15;1,2966;1,2959;0,10705;0,10702;0,6867;0,6863
18/05/2016 19:30;1,2966;1,2959;0,10704;0,10697;0,6868;0,6864
18/05/2016 19:45;1,2965;1,2954;0,107;0,10693;0,6869;0,6864
18/05/2016 20:00;1,2991;1,2958;0,10702;0,1069;0,6868;0,6853
18/05/2016 20:15;1,3;1,2981;0,10692;0,10688;0,6858;0,685
18/05/2016 20:30;1,2996;1,2987;0,1069;0,10685;0,6857;0,6848
18/05/2016 20:45;1,3;1,2989;0,10687;0,10685;0,6858;0,6852
18/05/2016 21:00;1,3;1,2995;0,10686;0,10681;0,686;0,6851
18/05/2016 21:15;1,2998;1,2991;0,10686;0,10679;0,6851;0,6838
18/05/2016 21:30;1,3;1,2994;0,1068;0,10671;0,6846;0,6838
18/05/2016 21:45;1,3004;1,2997;0,10675;0,10671;0,6844;0,6839
18/05/2016 22:00;1,3011;1,3004;0,10673;0,10671;0,6845;0,6839
18/05/2016 22:15;1,301;1,3007;0,10672;0,1067;0,6842;0,684
18/05/2016 22:30;1,3011;1,3005;0,10672;0,1067;0,6845;0,6842
18/05/2016 22:45;1,3017;1,3007;0,10675;0,10671;0,6848;0,684
18/05/2016 23:00;1,3019;1,3013;0,10674;0,10671;0,6842;0,6839
18/05/2016 23:15;1,3017;1,3013;0,10674;0,10671;0,6846;0,6842
18/05/2016 23:30;1,3016;1,3014;0,10674;0,10671;0,6845;0,6841
18/05/2016 23:45;1,3014;1,3012;0,10678;0,10671;0,6842;0,6841
19/05/2016;1,3015;1,3011;0,10679;0,10674;0,6846;0,6841
19/05/2016 00:15;1,3014;1,3008;0,10676;0,10673;0,6846;0,6844
19/05/2016 00:30;1,3011;1,3006;0,10675;0,10673;0,6847;0,6844
19/05/2016 00:45;1,3012;1,3008;0,10678;0,10673;0,6847;0,6844
19/05/2016 01:00;1,3012;1,3008;0,10677;0,10676;0,6847;0,6843
19/05/2016 01:15;1,3009;1,3005;0,10677;0,10676;0,6847;0,6842
19/05/2016 01:30;1,3007;1,3002;0,10677;0,10676;0,6843;0,684
19/05/2016 01:45;1,301;1,3006;0,10678;0,10676;0,6844;0,6841
19/05/2016 02:00;1,3008;1,2997;0,10678;0,10675;0,6841;0,6834
19/05/2016 02:15;1,3001;1,2997;0,10676;0,10674;0,6836;0,6834
19/05/2016 02:30;1,2999;1,2995;0,10675;0,10673;0,6836;0,6833
19/05/2016 02:45;1,2997;1,2988;0,10676;0,10673;0,6833;0,683
19/05/2016 03:00;1,2993;1,2989;0,10675;0,10673;0,6832;0,683
19/05/2016 03:15;1,2992;1,2988;0,10674;0,10672;0,6834;0,683
19/05/2016 03:30;1,2994;1,2985;0,10674;0,10672;0,6834;0,6832
19/05/2016 03:45;1,299;1,2981;0,10672;0,10671;0,6833;0,6828
19/05/2016 04:00;1,2989;1,2982;0,10673;0,10672;0,6832;0,6828
19/05/2016 04:15;1,299;1,2984;0,10673;0,10672;0,6833;0,6829
19/05/2016 04:30;1,2989;1,2984;0,10673;0,10672;0,683;0,6826
19/05/2016 04:45;1,299;1,2988;0,10673;0,10672;0,6827;0,6825
19/05/2016 05:00;1,299;1,2983;0,10673;0,10672;0,6827;0,6825
19/05/2016 05:15;1,2989;1,2986;0,10674;0,10673;0,6826;0,6824
19/05/2016 05:30;1,299;1,2986;0,10674;0,10673;0,6826;0,6824
19/05/2016 05:45;1,2989;1,2985;0,10674;0,10673;0,6824;0,6822
19/05/2016 06:00;1,299;1,2988;0,10675;0,10673;0,6825;0,6822
19/05/2016 06:15;1,2991;1,2986;0,10677;0,10674;0,6825;0,6819
19/05/2016 06:30;1,2994;1,299;0,10677;0,10677;0,6822;0,6821
19/05/2016 06:45;1,2996;1,2992;0,10679;0,10676;0,6821;0,682
19/05/2016 07:00;1,2998;1,2992;0,10679;0,10675;0,6822;0,682
19/05/2016 07:15;1,3001;1,2996;0,10675;0,10674;0,6822;0,682
19/05/2016 07:30;1,3004;1,2999;0,10678;0,10674;0,6821;0,682
19/05/2016 07:45;1,3003;1,2997;0,10682;0,10677;0,6823;0,682
19/05/2016 08:00;1,3006;1,2993;0,10685;0,10681;0,6824;0,6817
19/05/2016 08:15;1,3007;1,2998;0,10688;0,10681;0,6827;0,6823
19/05/2016 08:30;1,3011;1,2994;0,1069;0,10684;0,6826;0,6821
19/05/2016 08:45;1,3001;1,2993;0,10688;0,10684;0,6823;0,682
19/05/2016 09:00;1,3006;1,2993;0,10691;0,10685;0,6828;0,6821
19/05/2016 09:15;1,3006;1,299;0,10684;0,10676;0,6827;0,6821
19/05/2016 09:30;1,3013;1,3;0,10678;0,10675;0,6829;0,6821
19/05/2016 09:45;1,3008;1,2996;0,10681;0,10676;0,6828;0,6824
19/05/2016 10:00;1,3017;1,3;0,10683;0,10674;0,6829;0,6821
19/05/2016 10:15;1,3044;1,3006;0,10677;0,10664;0,6823;0,6818
19/05/2016 10:30;1,3073;1,3039;0,10674;0,10664;0,682;0,6811
19/05/2016 10:45;1,3059;1,3047;0,10673;0,10664;0,6814;0,6811
19/05/2016 11:00;1,3061;1,3047;0,10673;0,10664;0,6816;0,6812
19/05/2016 11:15;1,3058;1,3035;0,10668;0,10663;0,6817;0,6812
19/05/2016 11:30;1,3043;1,3036;0,10676;0,10663;0,682;0,6811
19/05/2016 11:45;1,3048;1,304;0,10678;0,10674;0,6816;0,6811
19/05/2016 12:00;1,3056;1,3045;0,10685;0,10673;0,6814;0,6811
19/05/2016 12:15;1,306;1,3053;0,10688;0,10682;0,6814;0,6811
19/05/2016 12:30;1,3057;1,3053;0,10691;0,10686;0,6815;0,6813
19/05/2016 12:45;1,3071;1,3054;0,10691;0,10688;0,6817;0,6813
19/05/2016 13:00;1,3065;1,3051;0,1069;0,10685;0,682;0,6812
19/05/2016 13:15;1,3058;1,3045;0,1069;0,10684;0,6821;0,6813
19/05/2016 13:30;1,3064;1,3048;0,10686;0,10682;0,6814;0,681
19/05/2016 13:45;1,3062;1,305;0,10689;0,10683;0,6817;0,6813
19/05/2016 14:00;1,3064;1,3055;0,10686;0,10669;0,6817;0,6811
19/05/2016 14:15;1,3064;1,3055;0,10673;0,10669;0,6811;0,6802
19/05/2016 14:30;1,3058;1,3039;0,10676;0,10668;0,6805;0,68
19/05/2016 14:45;1,3048;1,304;0,10675;0,10669;0,6809;0,6799
19/05/2016 15:00;1,3045;1,3037;0,1068;0,10673;0,6805;0,6797
19/05/2016 15:15;1,3048;1,3038;0,1069;0,1068;0,6806;0,679
19/05/2016 15:30;1,3045;1,3036;0,10698;0,10688;0,6806;0,6795
19/05/2016 15:45;1,3047;1,3031;0,107;0,10694;0,6807;0,6793
19/05/2016 16:00;1,3038;1,3019;0,10695;0,10689;0,6795;0,6787
19/05/2016 16:15;1,3025;1,3016;0,1069;0,10686;0,6798;0,6787
19/05/2016 16:30;1,3024;1,3011;0,10695;0,10689;0,68;0,679
19/05/2016 16:45;1,3024;1,301;0,10697;0,10689;0,6796;0,6789
19/05/2016 17:00;1,3021;1,3009;0,10692;0,10687;0,6792;0,6787
19/05/2016 17:15;1,3022;1,3013;0,1069;0,10684;0,6796;0,6791
19/05/2016 17:30;1,3024;1,3014;0,10694;0,10688;0,6796;0,6792
19/05/2016 17:45;1,3027;1,3016;0,10697;0,10694;0,6799;0,6794
19/05/2016 18:00;1,3038;1,3026;0,10696;0,10692;0,6808;0,6799
19/05/2016 18:15;1,3043;1,3033;0,10693;0,10682;0,681;0,6805
19/05/2016 18:30;1,3043;1,3036;0,10687;0,10683;0,6807;0,6803
19/05/2016 18:45;1,3045;1,3038;0,10687;0,10684;0,6808;0,6803
19/05/2016 19:00;1,3055;1,3038;0,10687;0,10683;0,6808;0,6803
19/05/2016 19:15;1,3061;1,3051;0,10687;0,10684;0,6811;0,6807
19/05/2016 19:30;1,3062;1,3054;0,10689;0,10685;0,6819;0,681
19/05/2016 19:45;1,3062;1,3055;0,10692;0,10687;0,6821;0,6818
19/05/2016 20:00;1,3059;1,3053;0,10691;0,10685;0,6824;0,6818
19/05/2016 20:15;1,3057;1,3053;0,10686;0,10685;0,6826;0,6822
19/05/2016 20:30;1,3057;1,3047;0,10686;0,10685;0,6825;0,6818
19/05/2016 20:45;1,3051;1,3046;0,10688;0,10686;0,6821;0,6816
19/05/2016 21:00;1,3052;1,3046;0,1069;0,10687;0,6817;0,6814
19/05/2016 21:15;1,305;1,3045;0,10688;0,10687;0,6818;0,6815
19/05/2016 21:30;1,3048;1,304;0,10687;0,10685;0,6818;0,6814
19/05/2016 21:45;1,3042;1,3031;0,10687;0,10684;0,6818;0,6815
19/05/2016 22:00;1,3046;1,3033;0,10684;0,10682;0,6817;0,6814
19/05/2016 22:15;1,3046;1,304;0,10682;0,1068;0,6819;0,6816
19/05/2016 22:30;1,3041;1,3037;0,10681;0,10676;0,6817;0,6815
19/05/2016 22:45;1,3045;1,3038;0,10679;0,10676;0,6818;0,6815
19/05/2016 23:00;1,3044;1,3039;0,10681;0,10679;0,6819;0,6816
19/05/2016 23:15;1,3041;1,3038;0,10681;0,1068;0,6818;0,6816
19/05/2016 23:30;1,304;1,3038;0,10681;0,1068;0,6817;0,6815
19/05/2016 23:45;1,3041;1,3037;0,10683;0,1068;0,6817;0,6816
20/05/2016;1,304;1,3037;0,10683;0,10681;0,6817;0,6815
20/05/2016 00:15;1,3039;1,3036;0,10685;0,10681;0,6818;0,6816
20/05/2016 00:30;1,304;1,3037;0,10686;0,10682;0,6818;0,6816
20/05/2016 00:45;1,3038;1,3036;0,10687;0,10684;0,6821;0,6818
20/05/2016 01:00;1,3039;1,3037;0,10686;0,10685;0,6821;0,682
20/05/2016 01:15;1,3039;1,3037;0,10686;0,10685;0,6822;0,682
20/05/2016 01:30;1,3037;1,3032;0,10686;0,10684;0,6822;0,6819
20/05/2016 01:45;1,3033;1,3028;0,10686;0,10685;0,682;0,6819
20/05/2016 02:00;1,3032;1,3027;0,10688;0,10684;0,6823;0,6818
20/05/2016 02:15;1,3031;1,3026;0,10689;0,10687;0,6824;0,6818
20/05/2016 02:30;1,3032;1,303;0,1069;0,10689;0,6826;0,6823
20/05/2016 02:45;1,3037;1,3031;0,10689;0,10689;0,6827;0,6823
20/05/2016 03:00;1,3038;1,3034;0,10689;0,10689;0,6827;0,6824
20/05/2016 03:15;1,3036;1,3031;0,10689;0,10688;0,6824;0,6823
20/05/2016 03:30;1,3033;1,3029;0,10689;0,10688;0,6824;0,6819
20/05/2016 03:45;1,3031;1,3025;0,1069;0,10688;0,682;0,6817
20/05/2016 04:00;1,303;1,3025;0,10692;0,1069;0,6821;0,6818
20/05/2016 04:15;1,3032;1,3028;0,10692;0,10691;0,6822;0,682
20/05/2016 04:30;1,303;1,3024;0,10691;0,10691;0,6822;0,682
20/05/2016 04:45;1,3027;1,3024;0,10691;0,1069;0,6823;0,6818
20/05/2016 05:00;1,3028;1,3025;0,10691;0,1069;0,6822;0,6819
20/05/2016 05:15;1,3028;1,3025;0,10691;0,1069;0,682;0,6819
20/05/2016 05:30;1,3027;1,3023;0,10691;0,1069;0,6819;0,6817
20/05/2016 05:45;1,3027;1,3024;0,10692;0,1069;0,682;0,6818
20/05/2016 06:00;1,3028;1,3023;0,10692;0,10691;0,6821;0,6818
20/05/2016 06:15;1,3028;1,3027;0,10692;0,10691;0,6822;0,6821
20/05/2016 06:30;1,3029;1,3027;0,10692;0,1069;0,6823;0,6822
20/05/2016 06:45;1,3029;1,3027;0,10691;0,10689;0,6823;0,6822
20/05/2016 07:00;1,3029;1,3027;0,10691;0,10688;0,6824;0,6822
20/05/2016 07:15;1,3028;1,3026;0,1069;0,10688;0,6823;0,6821
20/05/2016 07:30;1,303;1,3025;0,10691;0,1069;0,6822;0,682
20/05/2016 07:45;1,3026;1,3022;0,10691;0,1069;0,682;0,6818
20/05/2016 08:00;1,3033;1,3023;0,10693;0,10689;0,6822;0,6816
20/05/2016 08:15;1,3034;1,3026;0,10693;0,10688;0,6817;0,6815
20/05/2016 08:30;1,3037;1,3026;0,10691;0,10689;0,6818;0,6812
20/05/2016 08:45;1,3029;1,2982;0,10694;0,1069;0,6814;0,6803
20/05/2016 09:00;1,2998;1,2966;0,10697;0,10691;0,6811;0,6802
20/05/2016 09:15;1,2989;1,2972;0,10698;0,10692;0,6812;0,6803
20/05/2016 09:30;1,2998;1,2987;0,10697;0,10689;0,6815;0,6811
20/05/2016 09:45;1,3002;1,299;0,10691;0,10683;0,6817;0,6813
20/05/2016 10:00;1,2993;1,298;0,10687;0,10678;0,6814;0,681
20/05/2016 10:15;1,2986;1,2974;0,10686;0,1068;0,681;0,6801
20/05/2016 10:30;1,2981;1,297;0,1069;0,10681;0,6806;0,6802
20/05/2016 10:45;1,2988;1,298;0,10697;0,10692;0,6811;0,6806
20/05/2016 11:00;1,2997;1,2982;0,10697;0,10693;0,6814;0,6808
20/05/2016 11:15;1,2983;1,2976;0,10694;0,10688;0,6808;0,68
20/05/2016 11:30;1,2987;1,2971;0,10699;0,10692;0,6803;0,6796
20/05/2016 11:45;1,2982;1,2974;0,10704;0,10696;0,6797;0,6795
20/05/2016 12:00;1,2983;1,2975;0,10706;0,10699;0,6803;0,6796
20/05/2016 12:15;1,2988;1,2979;0,10702;0,10696;0,6801;0,6797
20/05/2016 12:30;1,2991;1,2982;0,10699;0,10696;0,68;0,6797
20/05/2016 12:45;1,3002;1,299;0,10702;0,10698;0,68;0,6797
20/05/2016 13:00;1,3008;1,2994;0,10699;0,10696;0,68;0,6796
20/05/2016 13:15;1,2998;1,2988;0,10696;0,1069;0,6795;0,6792
20/05/2016 13:30;1,2994;1,2979;0,10694;0,10684;0,6795;0,6791
20/05/2016 13:45;1,2988;1,298;0,10689;0,10683;0,6798;0,679
20/05/2016 14:00;1,2989;1,2981;0,10688;0,10684;0,6802;0,6797
20/05/2016 14:15;1,2987;1,2977;0,10691;0,10682;0,6804;0,6798
20/05/2016 14:30;1,2982;1,2974;0,1069;0,10687;0,6802;0,6796
20/05/2016 14:45;1,2981;1,2974;0,10695;0,10686;0,6803;0,6797
20/05/2016 15:00;1,2981;1,2969;0,10699;0,10692;0,6805;0,6801
20/05/2016 15:15;1,2977;1,2963;0,10697;0,10692;0,6801;0,6794
20/05/2016 15:30;1,2967;1,2947;0,107;0,10697;0,6802;0,6793
20/05/2016 15:45;1,2956;1,2942;0,10699;0,1069;0,6796;0,6785
20/05/2016 16:00;1,2963;1,2952;0,10697;0,10691;0,6794;0,6785
20/05/2016 16:15;1,2963;1,2954;0,10695;0,1069;0,6788;0,6778
20/05/2016 16:30;1,2969;1,2959;0,10693;0,10688;0,6793;0,678
20/05/2016 16:45;1,2967;1,2942;0,10702;0,10692;0,6793;0,6782
20/05/2016 17:00;1,2952;1,2941;0,10704;0,10694;0,6797;0,6791
20/05/2016 17:15;1,2955;1,2947;0,10709;0,10703;0,6803;0,6795
20/05/2016 17:30;1,2956;1,295;0,10707;0,10703;0,68;0,6797
20/05/2016 17:45;1,2952;1,2944;0,10711;0,10705;0,6799;0,6792
20/05/2016 18:00;1,295;1,2942;0,10717;0,10707;0,6798;0,6791
20/05/2016 18:15;1,2944;1,2937;0,10715;0,10709;0,6796;0,6793
20/05/2016 18:30;1,2946;1,2939;0,10709;0,10708;0,6796;0,6791
20/05/2016 18:45;1,2947;1,2943;0,10709;0,10706;0,6795;0,6792
20/05/2016 19:00;1,2949;1,2944;0,10712;0,10706;0,6792;0,679
20/05/2016 19:15;1,2948;1,2942;0,10712;0,10711;0,6795;0,6791
20/05/2016 19:30;1,2942;1,2936;0,10712;0,1071;0,6792;0,679
20/05/2016 19:45;1,2941;1,2937;0,10712;0,10711;0,6792;0,679
20/05/2016 20:00;1,2938;1,2934;0,10714;0,10711;0,6791;0,6787
20/05/2016 20:15;1,2938;1,2931;0,10714;0,10712;0,6789;0,6786
20/05/2016 20:30;1,2931;1,2925;0,10715;0,10713;0,6788;0,6786
20/05/2016 20:45;1,2932;1,2928;0,10717;0,10715;0,6789;0,6786
20/05/2016 21:00;1,2929;1,2919;0,1072;0,10718;0,6789;0,6785
20/05/2016 21:15;1,2923;1,2915;0,10719;0,10713;0,6789;0,6786
20/05/2016 21:30;1,292;1,2915;0,10713;0,10712;0,6791;0,6787
20/05/2016 21:45;1,2922;1,2917;0,10716;0,10713;0,6794;0,6792
20/05/2016 22:00;1,2921;1,2915;0,10716;0,10715;0,6795;0,6792
20/05/2016 22:15;1,2922;1,2919;0,10716;0,10714;0,6793;0,6792
20/05/2016 22:30;1,2924;1,2921;0,10715;0,10714;0,6794;0,6792
20/05/2016 22:45;1,2925;1,2922;0,10715;0,10711;0,6796;0,6793
22/05/2016 21:00;1,2941;1,2929;0,10713;0,10706;0,6794;0,6787
22/05/2016 21:15;1,2937;1,2932;0,1071;0,10707;0,6798;0,6795
22/05/2016 21:30;1,2937;1,293;0,10713;0,10709;0,6799;0,6796
22/05/2016 21:45;1,294;1,2936;0,10713;0,10711;0,6802;0,6799
22/05/2016 22:00;1,2942;1,294;0,10712;0,1071;0,6802;0,6801
22/05/2016 22:15;1,2941;1,2929;0,10715;0,1071;0,6801;0,6796
22/05/2016 22:30;1,2936;1,2931;0,10712;0,10709;0,6798;0,6797
22/05/2016 22:45;1,2943;1,2935;0,10712;0,10709;0,6804;0,68
22/05/2016 23:00;1,2944;1,2928;0,10716;0,10708;0,6804;0,6791
22/05/2016 23:15;1,2932;1,2928;0,10713;0,1071;0,6796;0,6792
22/05/2016 23:30;1,2931;1,2927;0,10713;0,1071;0,6796;0,6794
22/05/2016 23:45;1,2929;1,2923;0,10712;0,1071;0,6797;0,6795
23/05/2016;1,2926;1,2922;0,10715;0,10712;0,6795;0,6794
23/05/2016 00:15;1,2926;1,2922;0,10715;0,10713;0,6797;0,6794
23/05/2016 00:30;1,2929;1,2925;0,10715;0,10713;0,6799;0,6797
23/05/2016 00:45;1,2927;1,2924;0,10714;0,10712;0,6798;0,6796
23/05/2016 01:00;1,2926;1,2922;0,10714;0,10712;0,6797;0,6793
23/05/2016 01:15;1,2923;1,292;0,10714;0,10711;0,6794;0,6792
23/05/2016 01:30;1,2921;1,2916;0,10713;0,10711;0,6792;0,679
23/05/2016 01:45;1,2918;1,2912;0,10716;0,1071;0,6791;0,6789
23/05/2016 02:00;1,2916;1,2911;0,10714;0,10711;0,6792;0,6789
23/05/2016 02:15;1,2916;1,2908;0,10715;0,10712;0,6791;0,679
23/05/2016 02:30;1,2914;1,2909;0,10715;0,10711;0,6793;0,679
23/05/2016 02:45;1,2922;1,2912;0,1071;0,10706;0,6796;0,6792
23/05/2016 03:00;1,2921;1,2917;0,10708;0,10706;0,6796;0,6791
23/05/2016 03:15;1,2918;1,2912;0,10708;0,10707;0,6794;0,6791
23/05/2016 03:30;1,2919;1,2913;0,10708;0,10706;0,6793;0,6791
23/05/2016 03:45;1,2919;1,2915;0,10707;0,10706;0,6793;0,6792
23/05/2016 04:00;1,2918;1,2915;0,10707;0,10705;0,6793;0,6792
23/05/2016 04:15;1,2919;1,2915;0,10707;0,10706;0,6794;0,679
23/05/2016 04:30;1,2918;1,2915;0,10708;0,10706;0,6792;0,6791
23/05/2016 04:45;1,2921;1,2916;0,10708;0,10707;0,6792;0,6791
23/05/2016 05:00;1,2924;1,292;0,10707;0,10706;0,6792;0,679
23/05/2016 05:15;1,2924;1,2921;0,10709;0,10708;0,6793;0,6792
23/05/2016 05:30;1,2924;1,2917;0,10714;0,10708;0,6793;0,679
23/05/2016 05:45;1,2925;1,2918;0,10714;0,10711;0,6792;0,6791
23/05/2016 06:00;1,2925;1,2922;0,10715;0,10713;0,6793;0,6791
23/05/2016 06:15;1,2927;1,2923;0,10719;0,10715;0,6793;0,6792
23/05/2016 06:30;1,2926;1,2922;0,10717;0,10715;0,6795;0,6791
23/05/2016 06:45;1,2929;1,2925;0,10717;0,10716;0,6797;0,6794
23/05/2016 07:00;1,2933;1,2927;0,10716;0,10715;0,6797;0,6795
23/05/2016 07:15;1,2931;1,2928;0,10716;0,10714;0,6794;0,6793
23/05/2016 07:30;1,2929;1,2922;0,10715;0,10713;0,6794;0,6791
23/05/2016 07:45;1,2926;1,2923;0,10713;0,10712;0,6792;0,679
23/05/2016 08:00;1,2929;1,2923;0,10713;0,10711;0,6793;0,679
23/05/2016 08:15;1,2938;1,2926;0,10713;0,1071;0,6794;0,6792
23/05/2016 08:30;1,2942;1,2926;0,10712;0,1071;0,6793;0,6789
23/05/2016 08:45;1,293;1,2921;0,10713;0,1071;0,6793;0,679
23/05/2016 09:00;1,2931;1,2915;0,10714;0,10711;0,6791;0,6782
23/05/2016 09:15;1,2918;1,2897;0,10711;0,10707;0,6782;0,6778
23/05/2016 09:30;1,2921;1,29;0,10707;0,10703;0,6785;0,6777
23/05/2016 09:45;1,2926;1,2913;0,10709;0,10703;0,679;0,6782
23/05/2016 10:00;1,2957;1,2923;0,10712;0,10708;0,6797;0,6788
23/05/2016 10:15;1,2975;1,2956;0,10717;0,10711;0,6802;0,6795
23/05/2016 10:30;1,2977;1,2971;0,10713;0,10707;0,68;0,6795
23/05/2016 10:45;1,2978;1,2967;0,10712;0,10708;0,6797;0,6793
23/05/2016 11:00;1,2975;1,2961;0,1071;0,10708;0,6798;0,6793
23/05/2016 11:15;1,2963;1,2956;0,10709;0,10705;0,6797;0,6792
23/05/2016 11:30;1,2966;1,295;0,10706;0,10705;0,6794;0,679
23/05/2016 11:45;1,2955;1,2923;0,10708;0,10703;0,6791;0,6781
23/05/2016 12:00;1,2932;1,2914;0,10705;0,107;0,6782;0,678
23/05/2016 12:15;1,2925;1,2909;0,10703;0,10702;0,6783;0,678
23/05/2016 12:30;1,2915;1,2906;0,10702;0,107;0,6782;0,678
23/05/2016 12:45;1,2915;1,2907;0,10709;0,10703;0,6784;0,678
23/05/2016 13:00;1,2913;1,2906;0,10709;0,10705;0,6782;0,6779
23/05/2016 13:15;1,2912;1,2906;0,10708;0,10706;0,6781;0,6778
23/05/2016 13:30;1,2922;1,2911;0,10709;0,10705;0,6789;0,678
23/05/2016 13:45;1,2924;1,2916;0,10708;0,10703;0,679;0,6785
23/05/2016 14:00;1,2918;1,2905;0,10705;0,10702;0,6786;0,6781
23/05/2016 14:15;1,2921;1,2912;0,10707;0,10699;0,6783;0,678
23/05/2016 14:30;1,2916;1,2909;0,10707;0,10701;0,6787;0,678
23/05/2016 14:45;1,2915;1,2909;0,10707;0,10701;0,6785;0,6778
23/05/2016 15:00;1,2928;1,2914;0,10706;0,10702;0,6785;0,678
23/05/2016 15:15;1,2937;1,2925;0,10703;0,10701;0,6788;0,6785
23/05/2016 15:30;1,294;1,293;0,10702;0,10696;0,6791;0,6785
23/05/2016 15:45;1,2936;1,2923;0,10703;0,10699;0,6795;0,6785
23/05/2016 16:00;1,2947;1,2931;0,10709;0,10699;0,6802;0,6796
23/05/2016 16:15;1,2941;1,2928;0,10707;0,10699;0,6801;0,6796
23/05/2016 16:30;1,2931;1,2925;0,10699;0,10694;0,6797;0,6792
23/05/2016 16:45;1,2933;1,2914;0,10697;0,10686;0,6796;0,6786
23/05/2016 17:00;1,2927;1,2912;0,10688;0,10681;0,6793;0,6787
23/05/2016 17:15;1,2923;1,2918;0,10685;0,10681;0,6794;0,6791
23/05/2016 17:30;1,2921;1,2905;0,10683;0,10676;0,6792;0,6788
23/05/2016 17:45;1,2914;1,2904;0,10682;0,10677;0,6791;0,6789
23/05/2016 18:00;1,291;1,2903;0,10692;0,10683;0,6793;0,679
23/05/2016 18:15;1,2916;1,2909;0,10693;0,10688;0,6795;0,6793
23/05/2016 18:30;1,2918;1,291;0,10693;0,1069;0,6794;0,6791
23/05/2016 18:45;1,2924;1,2914;0,10695;0,10692;0,6795;0,6791
23/05/2016 19:00;1,2926;1,2909;0,10695;0,10694;0,6794;0,6789
23/05/2016 19:15;1,291;1,2904;0,10695;0,10689;0,679;0,6787
23/05/2016 19:30;1,2911;1,2906;0,1069;0,10687;0,6791;0,6788
23/05/2016 19:45;1,2908;1,2901;0,10687;0,10686;0,6788;0,6785
23/05/2016 20:00;1,2908;1,2903;0,10689;0,10688;0,6787;0,6784
23/05/2016 20:15;1,2905;1,29;0,10689;0,10688;0,6786;0,6783
23/05/2016 20:30;1,2908;1,2903;0,1069;0,10689;0,6787;0,6785
23/05/2016 20:45;1,2912;1,2906;0,10692;0,10691;0,6785;0,6783
23/05/2016 21:00;1,2915;1,2911;0,10692;0,1069;0,6786;0,6784
23/05/2016 21:15;1,2915;1,2912;0,10691;0,1069;0,6786;0,6784
23/05/2016 21:30;1,2915;1,2911;0,10691;0,1069;0,6785;0,6782
23/05/2016 21:45;1,2913;1,291;0,10691;0,1069;0,6783;0,6781
23/05/2016 22:00;1,2912;1,2904;0,10691;0,10688;0,6783;0,678
23/05/2016 22:15;1,2906;1,2904;0,1069;0,10689;0,6784;0,6781
23/05/2016 22:30;1,2905;1,2903;0,10689;0,10689;0,6783;0,6782
23/05/2016 22:45;1,2912;1,2904;0,10688;0,10687;0,6783;0,6781
23/05/2016 23:00;1,2909;1,2906;0,10686;0,10681;0,6781;0,6778
23/05/2016 23:15;1,2908;1,2906;0,10684;0,10682;0,6779;0,6776
23/05/2016 23:30;1,2908;1,2901;0,10687;0,10675;0,6779;0,6778
23/05/2016 23:45;1,291;1,2906;0,10689;0,10684;0,6783;0,6777
24/05/2016;1,291;1,2906;0,1069;0,10687;0,6782;0,678
24/05/2016 00:15;1,2908;1,2906;0,10689;0,10688;0,6782;0,678
24/05/2016 00:30;1,2912;1,2906;0,1069;0,10689;0,6785;0,6782
24/05/2016 00:45;1,2913;1,2911;0,1069;0,10689;0,6785;0,6783
24/05/2016 01:00;1,2914;1,291;0,10689;0,10689;0,6785;0,6783
24/05/2016 01:15;1,2915;1,2912;0,1069;0,10678;0,6785;0,6783
24/05/2016 01:30;1,2916;1,2913;0,10684;0,10683;0,6784;0,6783
24/05/2016 01:45;1,2915;1,2912;0,10684;0,10682;0,6784;0,6783
24/05/2016 02:00;1,2912;1,2907;0,10685;0,10684;0,6783;0,6781
24/05/2016 02:15;1,2911;1,2908;0,10685;0,10684;0,6782;0,678
24/05/2016 02:30;1,2917;1,291;0,10685;0,10684;0,6784;0,6782
24/05/2016 02:45;1,2922;1,2916;0,10686;0,10685;0,6786;0,6783
24/05/2016 03:00;1,2928;1,292;0,10687;0,10685;0,6788;0,6786
24/05/2016 03:15;1,2929;1,2926;0,10688;0,10687;0,6789;0,6788
24/05/2016 03:30;1,2934;1,2929;0,10687;0,10687;0,6789;0,6786
24/05/2016 03:45;1,2933;1,2926;0,10687;0,10687;0,6787;0,6785
24/05/2016 04:00;1,2933;1,2927;0,10688;0,10687;0,6785;0,6784
24/05/2016 04:15;1,2933;1,293;0,10687;0,10687;0,6784;0,6781
24/05/2016 04:30;1,2933;1,2929;0,10688;0,10687;0,6783;0,6782
24/05/2016 04:45;1,2931;1,2927;0,10687;0,10687;0,6782;0,6781
24/05/2016 05:00;1,2929;1,2926;0,10688;0,10687;0,6783;0,678
24/05/2016 05:15;1,2928;1,2926;0,10687;0,10687;0,6782;0,6778
24/05/2016 05:30;1,2926;1,2922;0,10687;0,1068;0,6778;0,6776
24/05/2016 05:45;1,2926;1,2923;0,10685;0,10681;0,678;0,6777
24/05/2016 06:00;1,2926;1,2924;0,10682;0,10681;0,6781;0,6779
24/05/2016 06:15;1,2926;1,2923;0,10682;0,10681;0,6781;0,6779
24/05/2016 06:30;1,2926;1,2923;0,10682;0,10681;0,678;0,6777
24/05/2016 06:45;1,2925;1,292;0,10684;0,10682;0,6778;0,6775
24/05/2016 07:00;1,2923;1,2921;0,10683;0,10681;0,6778;0,6776
24/05/2016 07:15;1,2923;1,2921;0,10684;0,10683;0,6779;0,6777
24/05/2016 07:30;1,2924;1,2921;0,10684;0,10683;0,6779;0,6776
24/05/2016 07:45;1,2922;1,2913;0,10684;0,10682;0,6775;0,6772
24/05/2016 08:00;1,2919;1,2912;0,10685;0,1068;0,6773;0,677
24/05/2016 08:15;1,292;1,2912;0,10685;0,10681;0,6773;0,677
24/05/2016 08:30;1,2926;1,2915;0,10682;0,10672;0,6774;0,6767
24/05/2016 08:45;1,2933;1,292;0,10678;0,10673;0,6773;0,6766
24/05/2016 09:00;1,2932;1,2923;0,10675;0,10667;0,6775;0,6771
24/05/2016 09:15;1,2947;1,2927;0,10679;0,10666;0,678;0,6771
24/05/2016 09:30;1,2981;1,2946;0,10706;0,10687;0,6786;0,6779
24/05/2016 09:45;1,3015;1,2979;0,10702;0,10698;0,6789;0,6786
24/05/2016 10:00;1,3017;1,3;0,10706;0,10699;0,6792;0,6787
24/05/2016 10:15;1,3017;1,3002;0,10704;0,10699;0,679;0,6786
24/05/2016 10:30;1,3015;1,2997;0,10699;0,10692;0,6792;0,6787
24/05/2016 10:45;1,3016;1,2999;0,10699;0,10695;0,6794;0,679
24/05/2016 11:00;1,3045;1,2999;0,10697;0,10694;0,6793;0,6791
24/05/2016 11:15;1,3051;1,3029;0,10697;0,10696;0,6792;0,6787
24/05/2016 11:30;1,305;1,3026;0,10713;0,10698;0,6798;0,6787
24/05/2016 11:45;1,3053;1,3024;0,10731;0,10715;0,68;0,6796
24/05/2016 12:00;1,3047;1,3038;0,10744;0,10731;0,6797;0,6794
24/05/2016 12:15;1,3059;1,3039;0,10739;0,10732;0,6802;0,6795
24/05/2016 12:30;1,3083;1,3055;0,10737;0,10732;0,6803;0,6799
24/05/2016 12:45;1,3077;1,3058;0,10738;0,10735;0,6799;0,6793
24/05/2016 13:00;1,3065;1,3056;0,10748;0,10738;0,6797;0,6792
24/05/2016 13:15;1,3068;1,306;0,10748;0,10743;0,6797;0,6794
24/05/2016 13:30;1,3075;1,3065;0,10748;0,10745;0,6803;0,6795
24/05/2016 13:45;1,3077;1,3066;0,10746;0,10743;0,6804;0,68
24/05/2016 14:00;1,3077;1,3062;0,10746;0,10741;0,6812;0,6805
24/05/2016 14:15;1,3082;1,3069;0,10747;0,10744;0,6816;0,6809
24/05/2016 14:30;1,3086;1,3072;0,10748;0,10744;0,6822;0,6815
24/05/2016 14:45;1,3091;1,308;0,10761;0,10745;0,682;0,6816
24/05/2016 15:00;1,3101;1,3081;0,10764;0,10758;0,6823;0,6818
24/05/2016 15:15;1,31;1,3074;0,10766;0,10756;0,6821;0,6816
24/05/2016 15:30;1,3096;1,3072;0,10767;0,10758;0,6821;0,6814
24/05/2016 15:45;1,309;1,3073;0,10769;0,10763;0,6821;0,6816
24/05/2016 16:00;1,3097;1,3079;0,10769;0,10766;0,6822;0,6817
24/05/2016 16:15;1,3099;1,309;0,10794;0,10771;0,6829;0,6821
24/05/2016 16:30;1,3096;1,3075;0,10789;0,10777;0,6838;0,6825
24/05/2016 16:45;1,3092;1,3074;0,1078;0,10774;0,684;0,6835
24/05/2016 17:00;1,3104;1,3088;0,10783;0,10779;0,6847;0,6838
24/05/2016 17:15;1,312;1,31;0,10789;0,1078;0,6847;0,684
24/05/2016 17:30;1,3121;1,3107;0,10787;0,10781;0,6844;0,6837
24/05/2016 17:45;1,3128;1,3118;0,10788;0,1078;0,6842;0,6837
24/05/2016 18:00;1,3128;1,3119;0,10788;0,1078;0,6843;0,6837
24/05/2016 18:15;1,3127;1,3121;0,10789;0,10782;0,6839;0,6834
24/05/2016 18:30;1,3132;1,3125;0,10793;0,10788;0,684;0,6837
24/05/2016 18:45;1,3127;1,3117;0,10791;0,10783;0,6839;0,6834
24/05/2016 19:00;1,3122;1,3117;0,10785;0,10783;0,6832;0,683
24/05/2016 19:15;1,3122;1,3115;0,10784;0,10783;0,6832;0,6824
24/05/2016 19:30;1,3117;1,3111;0,10785;0,10779;0,6824;0,6819
24/05/2016 19:45;1,3119;1,3111;0,10786;0,10785;0,6822;0,6818
24/05/2016 20:00;1,3122;1,3116;0,10788;0,10785;0,6821;0,6817
24/05/2016 20:15;1,3127;1,312;0,10788;0,10786;0,6822;0,6818
24/05/2016 20:30;1,3133;1,3122;0,10787;0,10786;0,6824;0,6822
24/05/2016 20:45;1,3129;1,3122;0,10789;0,10787;0,6829;0,6823
24/05/2016 21:00;1,3135;1,3127;0,10793;0,1079;0,6831;0,6828
24/05/2016 21:15;1,3137;1,313;0,10796;0,10792;0,6832;0,683
24/05/2016 21:30;1,3133;1,3128;0,10799;0,10795;0,6831;0,6828
24/05/2016 21:45;1,3134;1,3128;0,10798;0,10794;0,683;0,6827
24/05/2016 22:00;1,3132;1,3125;0,10791;0,10787;0,683;0,6827
24/05/2016 22:15;1,3132;1,3125;0,10794;0,10788;0,6829;0,6826
24/05/2016 22:30;1,3133;1,3127;0,10796;0,10794;0,6835;0,683
24/05/2016 22:45;1,3139;1,3133;0,10796;0,10794;0,6841;0,6835
24/05/2016 23:00;1,3138;1,3131;0,10797;0,10795;0,684;0,6837
24/05/2016 23:15;1,3137;1,3131;0,10797;0,10796;0,6838;0,6837
24/05/2016 23:30;1,3134;1,3128;0,10798;0,10796;0,684;0,6837
24/05/2016 23:45;1,313;1,3125;0,10797;0,10796;0,6839;0,6836
25/05/2016;1,3132;1,3125;0,10797;0,10795;0,6837;0,6836
25/05/2016 00:15;1,3126;1,3122;0,10797;0,10796;0,6836;0,6835
25/05/2016 00:30;1,3126;1,3122;0,10798;0,10796;0,6837;0,6834
25/05/2016 00:45;1,3125;1,3122;0,10798;0,10797;0,684;0,6836
25/05/2016 01:00;1,3124;1,312;0,10797;0,10796;0,6839;0,6837
25/05/2016 01:15;1,3122;1,3118;0,10797;0,10797;0,6838;0,6836
25/05/2016 01:30;1,3122;1,3117;0,10797;0,10797;0,6842;0,6838
25/05/2016 01:45;1,3126;1,3118;0,10797;0,10796;0,6841;0,684
25/05/2016 02:00;1,3125;1,3118;0,10797;0,10797;0,6843;0,6839
25/05/2016 02:15;1,3121;1,3118;0,10797;0,10796;0,6843;0,6841
25/05/2016 02:30;1,3121;1,3119;0,10796;0,10795;0,6843;0,6841
25/05/2016 02:45;1,3123;1,3118;0,10797;0,10795;0,6845;0,6841
25/05/2016 03:00;1,3122;1,3117;0,10797;0,10796;0,6845;0,6843
25/05/2016 03:15;1,3118;1,3113;0,10796;0,10796;0,6843;0,684
25/05/2016 03:30;1,3117;1,3111;0,10796;0,10792;0,6842;0,684
25/05/2016 03:45;1,3114;1,311;0,10793;0,10793;0,6842;0,684
25/05/2016 04:00;1,3111;1,3108;0,10794;0,10792;0,6842;0,6838
25/05/2016 04:15;1,3109;1,3106;0,10793;0,10792;0,6841;0,6838
25/05/2016 04:30;1,3108;1,3106;0,10793;0,10792;0,684;0,6839
25/05/2016 04:45;1,3111;1,3107;0,10793;0,10792;0,6841;0,684
25/05/2016 05:00;1,3109;1,3105;0,10793;0,10792;0,6843;0,6839
25/05/2016 05:15;1,3106;1,3097;0,10793;0,10791;0,6845;0,6842
25/05/2016 05:30;1,31;1,3092;0,10797;0,10791;0,6846;0,6843
25/05/2016 05:45;1,3099;1,309;0,10801;0,10795;0,6844;0,6843
25/05/2016 06:00;1,3103;1,3097;0,10802;0,108;0,6844;0,6843
25/05/2016 06:15;1,31;1,3097;0,10802;0,10801;0,6843;0,6842
25/05/2016 06:30;1,3107;1,3099;0,10802;0,10802;0,6843;0,6841
25/05/2016 06:45;1,3106;1,3102;0,10803;0,10796;0,6841;0,684
25/05/2016 07:00;1,3106;1,3099;0,10797;0,10794;0,6843;0,6841
25/05/2016 07:15;1,3106;1,31;0,10797;0,10796;0,6845;0,6843
25/05/2016 07:30;1,3108;1,3104;0,10796;0,10794;0,6846;0,6844
25/05/2016 07:45;1,3108;1,3099;0,10795;0,10791;0,6845;0,6842
25/05/2016 08:00;1,3108;1,3098;0,10794;0,10788;0,6845;0,6841
25/05/2016 08:15;1,3118;1,3098;0,10793;0,10787;0,6851;0,6842
25/05/2016 08:30;1,312;1,3109;0,10799;0,10788;0,6852;0,6847
25/05/2016 08:45;1,3112;1,3097;0,10788;0,10781;0,6851;0,6848
25/05/2016 09:00;1,3105;1,3094;0,10795;0,10785;0,6848;0,6839
25/05/2016 09:15;1,3119;1,3103;0,10791;0,10785;0,6845;0,6838
25/05/2016 09:30;1,3126;1,311;0,10796;0,10786;0,6842;0,6839
25/05/2016 09:45;1,3155;1,312;0,108;0,10794;0,6842;0,6839
25/05/2016 10:00;1,3154;1,3139;0,108;0,10797;0,6843;0,6836
25/05/2016 10:15;1,3147;1,3134;0,10801;0,10797;0,6842;0,6838
25/05/2016 10:30;1,3148;1,3136;0,10802;0,10799;0,684;0,6835
25/05/2016 10:45;1,3145;1,3133;0,108;0,10795;0,684;0,6838
25/05/2016 11:00;1,3145;1,3125;0,10796;0,10788;0,684;0,6835
25/05/2016 11:15;1,3131;1,3115;0,10796;0,1079;0,6837;0,6834
25/05/2016 11:30;1,3124;1,3112;0,10796;0,10789;0,684;0,6834
25/05/2016 11:45;1,3124;1,3116;0,10797;0,10793;0,6841;0,6837
25/05/2016 12:00;1,3132;1,3115;0,10797;0,10791;0,6842;0,6835
25/05/2016 12:15;1,3143;1,3132;0,10794;0,10791;0,6843;0,6838
25/05/2016 12:30;1,3155;1,3137;0,10795;0,10793;0,6843;0,684
25/05/2016 12:45;1,3156;1,3149;0,10797;0,10793;0,6844;0,6841
25/05/2016 13:00;1,3184;1,3151;0,10798;0,10794;0,6846;0,6839
25/05/2016 13:15;1,318;1,317;0,10799;0,10794;0,684;0,6837
25/05/2016 13:30;1,3189;1,3174;0,10799;0,10795;0,6843;0,6837
25/05/2016 13:45;1,3185;1,3175;0,10797;0,1079;0,6844;0,684
25/05/2016 14:00;1,318;1,3167;0,10796;0,10792;0,6845;0,684
25/05/2016 14:15;1,3181;1,3172;0,10794;0,1079;0,6847;0,6841
25/05/2016 14:30;1,3198;1,3177;0,10801;0,1079;0,6843;0,6839
25/05/2016 14:45;1,319;1,3178;0,10802;0,10799;0,6842;0,6839
25/05/2016 15:00;1,3198;1,3184;0,10803;0,108;0,6841;0,6835
25/05/2016 15:15;1,3189;1,3174;0,10802;0,10798;0,6837;0,6831
25/05/2016 15:30;1,3185;1,317;0,10807;0,10801;0,684;0,6833
25/05/2016 15:45;1,3193;1,3171;0,10819;0,10803;0,6843;0,6836
25/05/2016 16:00;1,3213;1,3188;0,10825;0,10814;0,687;0,6844
25/05/2016 16:15;1,3219;1,3205;0,10827;0,1082;0,6876;0,6866
25/05/2016 16:30;1,3217;1,3201;0,10822;0,10814;0,6872;0,6852
25/05/2016 16:45;1,3208;1,3196;0,10819;0,10806;0,6861;0,6851
25/05/2016 17:00;1,3212;1,3189;0,10811;0,108;0,6867;0,6848
25/05/2016 17:15;1,3193;1,3176;0,10803;0,10793;0,6854;0,6848
25/05/2016 17:30;1,3183;1,3171;0,10798;0,10793;0,6856;0,685
25/05/2016 17:45;1,3176;1,3168;0,10796;0,10791;0,6853;0,6848
25/05/2016 18:00;1,3174;1,3167;0,108;0,10796;0,685;0,6846
25/05/2016 18:15;1,3176;1,3169;0,10799;0,10797;0,6849;0,6846
25/05/2016 18:30;1,3175;1,3169;0,10798;0,10795;0,6851;0,6846
25/05/2016 18:45;1,3175;1,3161;0,108;0,10796;0,6851;0,6849
25/05/2016 19:00;1,317;1,3162;0,10802;0,10799;0,6854;0,6848
25/05/2016 19:15;1,3173;1,3165;0,10799;0,10796;0,6857;0,6852
25/05/2016 19:30;1,3174;1,3168;0,10798;0,10792;0,6858;0,6852
25/05/2016 19:45;1,3174;1,3168;0,10793;0,10792;0,6854;0,685
25/05/2016 20:00;1,318;1,3174;0,10794;0,10792;0,6856;0,6853
25/05/2016 20:15;1,318;1,3177;0,10797;0,10793;0,6862;0,6855
25/05/2016 20:30;1,3186;1,3178;0,10797;0,10793;0,6873;0,6862
25/05/2016 20:45;1,3189;1,3184;0,10796;0,10794;0,6877;0,6873
25/05/2016 21:00;1,3189;1,3182;0,10797;0,10796;0,6876;0,687
25/05/2016 21:15;1,3187;1,3181;0,10798;0,10797;0,6875;0,6872
25/05/2016 21:30;1,3185;1,318;0,10799;0,10798;0,6876;0,6871
25/05/2016 21:45;1,3194;1,3181;0,108;0,10799;0,6885;0,6876
25/05/2016 22:00;1,3196;1,3189;0,108;0,10798;0,6886;0,6884
25/05/2016 22:15;1,3192;1,3187;0,108;0,10799;0,6889;0,6885
25/05/2016 22:30;1,3192;1,3187;0,108;0,10798;0,6889;0,6882
25/05/2016 22:45;1,3189;1,3174;0,10804;0,10799;0,6887;0,6882
25/05/2016 23:00;1,318;1,3174;0,10812;0,10803;0,6888;0,6885
25/05/2016 23:15;1,318;1,3177;0,1081;0,10807;0,6886;0,6884
25/05/2016 23:30;1,318;1,3176;0,1081;0,10806;0,6886;0,6883
25/05/2016 23:45;1,3182;1,3176;0,10809;0,10804;0,6885;0,6883
26/05/2016;1,3181;1,3175;0,10811;0,10803;0,6883;0,688
26/05/2016 00:15;1,3183;1,3178;0,10806;0,10801;0,6882;0,6879
26/05/2016 00:30;1,3182;1,3177;0,10801;0,108;0,688;0,6878
26/05/2016 00:45;1,3179;1,3173;0,10801;0,108;0,6879;0,6876
26/05/2016 01:00;1,3184;1,3176;0,10801;0,108;0,6882;0,6879
26/05/2016 01:15;1,3181;1,3177;0,10802;0,108;0,6883;0,6881
26/05/2016 01:30;1,3182;1,3175;0,10801;0,108;0,6883;0,6878
26/05/2016 01:45;1,3175;1,3172;0,10801;0,108;0,6879;0,6875
26/05/2016 02:00;1,3175;1,3172;0,10802;0,108;0,6879;0,6875
26/05/2016 02:15;1,3177;1,316;0,10802;0,108;0,6883;0,6874
26/05/2016 02:30;1,3167;1,3161;0,10801;0,10796;0,6875;0,6872
26/05/2016 02:45;1,3167;1,3159;0,10797;0,10796;0,6874;0,6871
26/05/2016 03:00;1,317;1,3164;0,10797;0,10796;0,6875;0,6872
26/05/2016 03:15;1,3167;1,3162;0,10797;0,10796;0,6876;0,6871
26/05/2016 03:30;1,317;1,3163;0,10797;0,10796;0,6882;0,6873
26/05/2016 03:45;1,317;1,3166;0,10796;0,10796;0,6885;0,688
26/05/2016 04:00;1,3169;1,316;0,10797;0,10796;0,6891;0,6884
26/05/2016 04:15;1,3164;1,316;0,10798;0,10797;0,6893;0,689
26/05/2016 04:30;1,3163;1,316;0,10803;0,10797;0,6892;0,6891
26/05/2016 04:45;1,3161;1,3158;0,10801;0,10796;0,6891;0,6889
26/05/2016 05:00;1,316;1,3152;0,10802;0,10796;0,6891;0,6889
26/05/2016 05:15;1,316;1,3151;0,10798;0,10794;0,6891;0,6887
26/05/2016 05:30;1,3163;1,3155;0,10796;0,10794;0,6892;0,6888
26/05/2016 05:45;1,3161;1,3157;0,10795;0,10793;0,6893;0,6891
26/05/2016 06:00;1,3161;1,3157;0,10795;0,10793;0,689;0,6889
26/05/2016 06:15;1,3161;1,3155;0,10794;0,10793;0,6892;0,6889
26/05/2016 06:30;1,3159;1,3156;0,10795;0,10794;0,6892;0,6889
26/05/2016 06:45;1,3162;1,3158;0,10795;0,10793;0,6891;0,689
26/05/2016 07:00;1,3165;1,3157;0,10794;0,10794;0,6891;0,6888
26/05/2016 07:15;1,3162;1,3151;0,10794;0,10792;0,6889;0,6885
26/05/2016 07:30;1,3162;1,3155;0,10795;0,10792;0,6891;0,6886
26/05/2016 07:45;1,3159;1,315;0,10797;0,10791;0,689;0,6888
26/05/2016 08:00;1,316;1,3151;0,10796;0,10793;0,6892;0,6889
26/05/2016 08:15;1,3166;1,3155;0,10794;0,1079;0,6891;0,6888
26/05/2016 08:30;1,3167;1,3157;0,10793;0,1079;0,6893;0,6889
26/05/2016 08:45;1,3185;1,3161;0,10795;0,10788;0,6893;0,6889
26/05/2016 09:00;1,3193;1,318;0,10789;0,10782;0,6895;0,6891
26/05/2016 09:15;1,3194;1,3184;0,10789;0,10781;0,6896;0,6892
26/05/2016 09:30;1,319;1,3169;0,10787;0,10779;0,6897;0,6891
26/05/2016 09:45;1,3185;1,3173;0,10798;0,10783;0,6896;0,6893
26/05/2016 10:00;1,3183;1,3171;0,10799;0,10792;0,69;0,6894
26/05/2016 10:15;1,3186;1,3172;0,10798;0,10793;0,6902;0,6897
26/05/2016 10:30;1,318;1,314;0,10805;0,10796;0,6898;0,6886
26/05/2016 10:45;1,3145;1,3133;0,10796;0,10786;0,6891;0,6887
26/05/2016 11:00;1,3156;1,3141;0,10792;0,10782;0,6891;0,6887
26/05/2016 11:15;1,3156;1,3145;0,10793;0,1079;0,6894;0,6889
26/05/2016 11:30;1,3156;1,3144;0,10791;0,10777;0,6895;0,6893
26/05/2016 11:45;1,3153;1,3145;0,10779;0,10774;0,69;0,6894
26/05/2016 12:00;1,3154;1,3146;0,10773;0,10765;0,6902;0,6897
26/05/2016 12:15;1,3153;1,3142;0,10774;0,10765;0,6909;0,6896
26/05/2016 12:30;1,3148;1,3141;0,1077;0,10764;0,691;0,6906
26/05/2016 12:45;1,3149;1,3143;0,10772;0,10764;0,6909;0,6903
26/05/2016 13:00;1,3145;1,3136;0,10771;0,10769;0,6908;0,6902
26/05/2016 13:15;1,3152;1,3138;0,10778;0,10768;0,6907;0,6903
26/05/2016 13:30;1,316;1,3147;0,10778;0,10773;0,691;0,6905
26/05/2016 13:45;1,3164;1,3153;0,10777;0,10771;0,6915;0,691
26/05/2016 14:00;1,3168;1,316;0,10777;0,10767;0,6924;0,6915
26/05/2016 14:15;1,3165;1,3155;0,10775;0,10767;0,6926;0,6916
26/05/2016 14:30;1,3169;1,3147;0,10774;0,10758;0,6919;0,6909
26/05/2016 14:45;1,3157;1,3127;0,10774;0,1076;0,6917;0,6908
26/05/2016 15:00;1,3128;1,3117;0,10784;0,10772;0,691;0,6901
26/05/2016 15:15;1,3126;1,3116;0,10793;0,10783;0,6907;0,6904
26/05/2016 15:30;1,3121;1,3104;0,10794;0,10786;0,6907;0,6896
26/05/2016 15:45;1,3118;1,3102;0,10789;0,10781;0,6897;0,6892
26/05/2016 16:00;1,3129;1,3112;0,10783;0,10777;0,6905;0,6896
26/05/2016 16:15;1,3126;1,3112;0,10786;0,10778;0,6905;0,6895
26/05/2016 16:30;1,3134;1,3123;0,10786;0,10778;0,6905;0,6893
26/05/2016 16:45;1,3129;1,311;0,10789;0,10777;0,6894;0,6886
26/05/2016 17:00;1,3128;1,3119;0,10789;0,10779;0,689;0,6887
26/05/2016 17:15;1,3133;1,3123;0,10792;0,10787;0,6894;0,6889
26/05/2016 17:30;1,3137;1,3127;0,10791;0,10785;0,6896;0,6892
26/05/2016 17:45;1,3127;1,3119;0,10791;0,10785;0,6893;0,6888
26/05/2016 18:00;1,3121;1,3112;0,10792;0,10787;0,6892;0,6887
26/05/2016 18:15;1,312;1,3103;0,10792;0,10789;0,6889;0,6884
26/05/2016 18:30;1,3112;1,3106;0,1079;0,10788;0,6889;0,6886
26/05/2016 18:45;1,3113;1,3103;0,1079;0,10788;0,6887;0,6882
26/05/2016 19:00;1,3112;1,3103;0,1079;0,10788;0,689;0,6886
26/05/2016 19:15;1,311;1,3105;0,10789;0,10788;0,6892;0,6886
26/05/2016 19:30;1,3109;1,3106;0,10789;0,10788;0,6887;0,6885
26/05/2016 19:45;1,3106;1,3101;0,1079;0,10788;0,6886;0,6883
26/05/2016 20:00;1,3102;1,3099;0,10789;0,10783;0,6888;0,6885
26/05/2016 20:15;1,3103;1,3098;0,10788;0,10784;0,6885;0,6882
26/05/2016 20:30;1,3102;1,3098;0,10792;0,10788;0,6883;0,6881
26/05/2016 20:45;1,3104;1,31;0,10792;0,1079;0,6884;0,6879
26/05/2016 21:00;1,3103;1,31;0,10792;0,1079;0,688;0,6879
26/05/2016 21:15;1,3104;1,31;0,10792;0,1079;0,6882;0,6879
26/05/2016 21:30;1,3103;1,31;0,10793;0,10791;0,6885;0,6882
26/05/2016 21:45;1,3107;1,3098;0,10793;0,10792;0,6892;0,6884
26/05/2016 22:00;1,3107;1,31;0,10793;0,10784;0,6891;0,6888
26/05/2016 22:15;1,3109;1,3103;0,10789;0,10787;0,6892;0,6888
26/05/2016 22:30;1,3106;1,3101;0,10788;0,10786;0,6888;0,6886
26/05/2016 22:45;1,3111;1,3105;0,10788;0,10784;0,6887;0,6883
26/05/2016 23:00;1,3107;1,31;0,1079;0,10784;0,6886;0,6882
26/05/2016 23:15;1,3106;1,3101;0,10789;0,10787;0,6886;0,6884
26/05/2016 23:30;1,3107;1,3104;0,1079;0,10787;0,6885;0,6882
26/05/2016 23:45;1,311;1,3102;0,1079;0,10788;0,6886;0,6882
27/05/2016;1,3106;1,3099;0,10796;0,10788;0,6889;0,6883
27/05/2016 00:15;1,3104;1,3099;0,10792;0,1079;0,6885;0,6881
27/05/2016 00:30;1,3102;1,3099;0,10796;0,10789;0,6885;0,6881
27/05/2016 00:45;1,3102;1,31;0,10794;0,10792;0,6885;0,6884
27/05/2016 01:00;1,3103;1,3101;0,10793;0,10792;0,6885;0,6884
27/05/2016 01:15;1,3106;1,31;0,10793;0,10791;0,6885;0,6884
27/05/2016 01:30;1,3102;1,31;0,10791;0,10788;0,6885;0,6884
27/05/2016 01:45;1,3104;1,3101;0,10791;0,10789;0,6887;0,6884
27/05/2016 02:00;1,3104;1,3099;0,10791;0,10789;0,6886;0,6884
27/05/2016 02:15;1,3102;1,3095;0,10793;0,10789;0,6885;0,6881
27/05/2016 02:30;1,3101;1,3097;0,10794;0,10792;0,6886;0,6883
27/05/2016 02:45;1,3112;1,3098;0,10794;0,10792;0,6888;0,6885
27/05/2016 03:00;1,3118;1,3107;0,10793;0,10792;0,6889;0,6886
27/05/2016 03:15;1,3121;1,3114;0,10803;0,10792;0,6888;0,6882
27/05/2016 03:30;1,3116;1,3112;0,108;0,10796;0,6882;0,688
27/05/2016 03:45;1,3113;1,3109;0,10797;0,10795;0,6882;0,6879
27/05/2016 04:00;1,3112;1,3108;0,10796;0,10795;0,6882;0,6881
27/05/2016 04:15;1,3111;1,3105;0,10796;0,10796;0,6882;0,688
27/05/2016 04:30;1,3109;1,3106;0,10797;0,10795;0,6882;0,688
27/05/2016 04:45;1,3107;1,3104;0,10796;0,10796;0,6881;0,6878
27/05/2016 05:00;1,311;1,3104;0,10798;0,10796;0,688;0,6877
27/05/2016 05:15;1,3111;1,3108;0,10798;0,10794;0,6881;0,6879
27/05/2016 05:30;1,3115;1,3109;0,10795;0,10791;0,6881;0,6878
27/05/2016 05:45;1,3114;1,3111;0,10792;0,1079;0,6879;0,6877
27/05/2016 06:00;1,3116;1,3112;0,10791;0,1079;0,6879;0,6877
27/05/2016 06:15;1,3114;1,3112;0,10791;0,10788;0,6879;0,6876
27/05/2016 06:30;1,3112;1,3109;0,10789;0,10788;0,6876;0,6875
27/05/2016 06:45;1,3111;1,3107;0,10789;0,10787;0,6877;0,6876
27/05/2016 07:00;1,311;1,3107;0,10787;0,10786;0,6877;0,6873
27/05/2016 07:15;1,311;1,3106;0,10787;0,10786;0,6874;0,6872
27/05/2016 07:30;1,3111;1,3107;0,10789;0,10788;0,6874;0,6872
27/05/2016 07:45;1,3113;1,3108;0,10788;0,10785;0,6877;0,6874
27/05/2016 08:00;1,3114;1,3101;0,10796;0,10785;0,6877;0,6873
27/05/2016 08:15;1,3107;1,3098;0,10793;0,1079;0,6874;0,6872
27/05/2016 08:30;1,31;1,3089;0,10796;0,10792;0,6873;0,687
27/05/2016 08:45;1,31;1,3088;0,10797;0,10795;0,6873;0,687
27/05/2016 09:00;1,3102;1,309;0,10797;0,10792;0,6871;0,6868
27/05/2016 09:15;1,3103;1,3093;0,10795;0,10792;0,687;0,6864
27/05/2016 09:30;1,3135;1,3103;0,10789;0,10779;0,687;0,6865
27/05/2016 09:45;1,3135;1,312;0,10781;0,10779;0,6872;0,6866
27/05/2016 10:00;1,3137;1,312;0,10783;0,10777;0,6872;0,6864
27/05/2016 10:15;1,3123;1,3111;0,10785;0,10775;0,6864;0,6862
27/05/2016 10:30;1,3112;1,3096;0,10785;0,10777;0,6864;0,6859
27/05/2016 10:45;1,3108;1,3101;0,10781;0,10777;0,686;0,6858
27/05/2016 11:00;1,3106;1,3089;0,10783;0,10778;0,6862;0,6859
27/05/2016 11:15;1,3099;1,3081;0,10787;0,10782;0,6862;0,6858
27/05/2016 11:30;1,3114;1,3096;0,10796;0,10786;0,6865;0,6859
27/05/2016 11:45;1,3122;1,3111;0,10795;0,10788;0,6866;0,6861
27/05/2016 12:00;1,3121;1,3117;0,10796;0,10794;0,6863;0,6861
27/05/2016 12:15;1,312;1,311;0,10795;0,10782;0,6862;0,6859
27/05/2016 12:30;1,3113;1,3101;0,10787;0,10785;0,6863;0,6859
27/05/2016 12:45;1,3113;1,31;0,10788;0,10786;0,6865;0,6862
27/05/2016 13:00;1,3121;1,3107;0,10793;0,10787;0,6863;0,6861
27/05/2016 13:15;1,3121;1,3115;0,10788;0,10784;0,6865;0,686
27/05/2016 13:30;1,3125;1,3117;0,10792;0,10788;0,6868;0,6864
27/05/2016 13:45;1,3122;1,3116;0,10794;0,1079;0,6868;0,6865
27/05/2016 14:00;1,3121;1,3112;0,10793;0,10787;0,6869;0,6866
27/05/2016 14:15;1,3118;1,3108;0,10791;0,10785;0,6872;0,6868
27/05/2016 14:30;1,3114;1,3099;0,10788;0,10781;0,6873;0,6869
27/05/2016 14:45;1,3119;1,3099;0,1079;0,10784;0,6873;0,6867
27/05/2016 15:00;1,3116;1,3107;0,10786;0,10782;0,6866;0,6859
27/05/2016 15:15;1,3115;1,3104;0,10783;0,10775;0,687;0,6863
27/05/2016 15:30;1,3134;1,3113;0,10779;0,10763;0,6874;0,6868
27/05/2016 15:45;1,3136;1,3125;0,1078;0,10773;0,6876;0,6872
27/05/2016 16:00;1,3144;1,3126;0,1078;0,10769;0,6879;0,6869
27/05/2016 16:15;1,3152;1,3139;0,10786;0,10776;0,6894;0,6881
27/05/2016 16:30;1,3149;1,3139;0,10787;0,10779;0,6891;0,6888
27/05/2016 16:45;1,3145;1,3125;0,10787;0,10775;0,6896;0,6887
27/05/2016 17:00;1,314;1,3126;0,10784;0,10775;0,6896;0,6893
27/05/2016 17:15;1,3143;1,3134;0,10782;0,10775;0,6902;0,6894
27/05/2016 17:30;1,3145;1,3138;0,10785;0,10783;0,6905;0,6902
27/05/2016 17:45;1,3146;1,3139;0,10785;0,10783;0,6905;0,6901
27/05/2016 18:00;1,3152;1,3144;0,10786;0,10783;0,6907;0,6903
27/05/2016 18:15;1,3152;1,3138;0,10786;0,10784;0,6908;0,6906
27/05/2016 18:30;1,3141;1,3137;0,10792;0,10786;0,6906;0,6899
27/05/2016 18:45;1,3142;1,3136;0,10788;0,10785;0,6904;0,69
27/05/2016 19:00;1,3142;1,3134;0,10794;0,10788;0,6901;0,6898
27/05/2016 19:15;1,314;1,3133;0,10788;0,10786;0,6901;0,6898
27/05/2016 19:30;1,3151;1,3137;0,10787;0,10782;0,6901;0,6897
27/05/2016 19:45;1,3145;1,3135;0,10784;0,1078;0,69;0,6895
27/05/2016 20:00;1,3145;1,3139;0,10782;0,10779;0,6898;0,6896
27/05/2016 20:15;1,3148;1,3141;0,1078;0,10779;0,6901;0,6897
27/05/2016 20:30;1,3145;1,3142;0,10781;0,10776;0,6903;0,69
27/05/2016 20:45;1,3145;1,3141;0,1078;0,10776;0,6907;0,6903
27/05/2016 21:00;1,3144;1,314;0,10779;0,10775;0,6906;0,6903
27/05/2016 21:15;1,3145;1,3142;0,10776;0,10772;0,6906;0,6904
27/05/2016 21:30;1,3145;1,3143;0,10776;0,10774;0,6906;0,6903
27/05/2016 21:45;1,3149;1,3144;0,10778;0,10774;0,6907;0,6902
27/05/2016 22:00;1,3149;1,3145;0,10778;0,10777;0,6907;0,6899
27/05/2016 22:15;1,3149;1,3146;0,10779;0,10777;0,6909;0,6907
27/05/2016 22:30;1,3151;1,3147;0,10778;0,10777;0,6909;0,6906
27/05/2016 22:45;1,3155;1,3147;0,10778;0,10772;0,6911;0,6905
29/05/2016 21:00;1,3157;1,3148;0,10779;0,10774;0,6911;0,6906
29/05/2016 21:15;1,3152;1,3145;0,10775;0,10771;0,6906;0,6905
29/05/2016 21:30;1,315;1,3145;0,10775;0,10772;0,6908;0,6906
29/05/2016 21:45;1,3146;1,3142;0,10775;0,10772;0,6907;0,6907
29/05/2016 22:00;1,3143;1,3142;0,10775;0,10774;0,6907;0,6905
29/05/2016 22:15;1,3145;1,3142;0,10775;0,10774;0,6907;0,6906
29/05/2016 22:30;1,3145;1,3144;0,10776;0,10773;0,6907;0,6906
29/05/2016 22:45;1,3146;1,3144;0,10776;0,10772;0,6907;0,6906
29/05/2016 23:00;1,3148;1,3142;0,10781;0,10772;0,6907;0,6902
29/05/2016 23:15;1,3145;1,3142;0,10775;0,10774;0,6905;0,6901
29/05/2016 23:30;1,3145;1,3144;0,10775;0,10773;0,6907;0,6902
29/05/2016 23:45;1,3144;1,3143;0,10775;0,10773;0,6906;0,6901
30/05/2016;1,3147;1,3143;0,10775;0,10772;0,6905;0,69
30/05/2016 00:15;1,3148;1,3143;0,10774;0,10772;0,6901;0,6895
30/05/2016 00:30;1,3152;1,3144;0,10778;0,10772;0,6897;0,6895
30/05/2016 00:45;1,3156;1,3148;0,10779;0,10777;0,6897;0,6895
30/05/2016 01:00;1,3162;1,3154;0,1078;0,10779;0,6901;0,6896
30/05/2016 01:15;1,3163;1,316;0,1078;0,1078;0,6901;0,6897
30/05/2016 01:30;1,3163;1,3161;0,1078;0,10779;0,6897;0,6894
30/05/2016 01:45;1,3166;1,3163;0,1078;0,10779;0,69;0,6895
30/05/2016 02:00;1,3166;1,3154;0,1078;0,10779;0,6899;0,6894
30/05/2016 02:15;1,3162;1,3158;0,1078;0,10779;0,6896;0,6894
30/05/2016 02:30;1,3162;1,3158;0,1078;0,10775;0,6894;0,6892
30/05/2016 02:45;1,3162;1,3158;0,10782;0,10771;0,6893;0,6888
30/05/2016 03:00;1,3158;1,3152;0,1078;0,10777;0,6888;0,6884
30/05/2016 03:15;1,3157;1,3152;0,10779;0,10774;0,6885;0,688
30/05/2016 03:30;1,3159;1,3152;0,10775;0,10771;0,6885;0,688
30/05/2016 03:45;1,3157;1,3153;0,10774;0,10769;0,6886;0,6883
30/05/2016 04:00;1,3161;1,3153;0,10771;0,1077;0,6885;0,6884
30/05/2016 04:15;1,3164;1,3161;0,10771;0,1077;0,6887;0,6886
30/05/2016 04:30;1,3165;1,316;0,10771;0,1077;0,6888;0,6886
30/05/2016 04:45;1,317;1,3163;0,10776;0,10771;0,689;0,6886
30/05/2016 05:00;1,3169;1,3164;0,10776;0,10773;0,689;0,6887
30/05/2016 05:15;1,3168;1,3163;0,10775;0,10774;0,6889;0,6887
30/05/2016 05:30;1,3165;1,3163;0,10774;0,10772;0,6888;0,6888
30/05/2016 05:45;1,3173;1,3165;0,10774;0,10773;0,6888;0,6887
30/05/2016 06:00;1,3176;1,3172;0,10774;0,10773;0,6887;0,6885
30/05/2016 06:15;1,3173;1,3168;0,10774;0,10773;0,6885;0,6881
30/05/2016 06:30;1,3172;1,3164;0,10774;0,10773;0,6883;0,688
30/05/2016 06:45;1,317;1,3161;0,10774;0,10773;0,6882;0,688
30/05/2016 07:00;1,3166;1,3159;0,10774;0,10771;0,688;0,6877
30/05/2016 07:15;1,3164;1,3159;0,10775;0,10773;0,6879;0,6878
30/05/2016 07:30;1,3167;1,3162;0,10777;0,10773;0,688;0,6878
30/05/2016 07:45;1,3168;1,3153;0,10777;0,10773;0,688;0,6878
30/05/2016 08:00;1,3161;1,3153;0,10779;0,10771;0,6881;0,6877
30/05/2016 08:15;1,3166;1,3158;0,10779;0,10772;0,6885;0,6881
30/05/2016 08:30;1,3165;1,3142;0,10777;0,10775;0,6885;0,688
30/05/2016 08:45;1,3146;1,3141;0,10777;0,10775;0,6883;0,6879
30/05/2016 09:00;1,3148;1,3135;0,10782;0,10769;0,6883;0,688
30/05/2016 09:15;1,315;1,3139;0,10781;0,10774;0,6886;0,688
30/05/2016 09:30;1,3152;1,3142;0,10789;0,10776;0,6881;0,6878
30/05/2016 09:45;1,3143;1,3127;0,108;0,10787;0,6881;0,6876
30/05/2016 10:00;1,3134;1,3126;0,10795;0,10789;0,6878;0,6875
30/05/2016 10:15;1,3131;1,3117;0,10795;0,10789;0,6877;0,6871
30/05/2016 10:30;1,3123;1,3116;0,10791;0,10789;0,6872;0,687
30/05/2016 10:45;1,3121;1,3109;0,10792;0,10789;0,6876;0,687
30/05/2016 11:00;1,3111;1,3104;0,10791;0,1079;0,6875;0,6873
30/05/2016 11:15;1,311;1,3103;0,10798;0,10791;0,6877;0,6875
30/05/2016 11:30;1,3117;1,3108;0,10793;0,10788;0,6878;0,6874
30/05/2016 11:45;1,3111;1,3102;0,10789;0,10782;0,6875;0,6873
30/05/2016 12:00;1,3118;1,311;0,10789;0,10781;0,6876;0,6874
30/05/2016 12:15;1,3115;1,311;0,10783;0,10781;0,6874;0,6872
30/05/2016 12:30;1,3116;1,311;0,10783;0,10782;0,688;0,6873
30/05/2016 12:45;1,3115;1,3108;0,10782;0,10779;0,6881;0,6878
30/05/2016 13:00;1,3115;1,3106;0,10783;0,10781;0,6884;0,688
30/05/2016 13:15;1,3113;1,3106;0,10783;0,10778;0,6885;0,6882
30/05/2016 13:30;1,3121;1,3112;0,10784;0,1078;0,6886;0,6884
30/05/2016 13:45;1,3123;1,3117;0,10782;0,10772;0,6886;0,6883
30/05/2016 14:00;1,3139;1,3121;0,10779;0,1077;0,6887;0,6884
30/05/2016 14:15;1,3141;1,3135;0,10774;0,10773;0,6887;0,6882
30/05/2016 14:30;1,3137;1,312;0,10774;0,10771;0,6881;0,6879
30/05/2016 14:45;1,3129;1,312;0,10773;0,1077;0,6885;0,6879
30/05/2016 15:00;1,3131;1,3117;0,10777;0,10773;0,6881;0,6873
30/05/2016 15:15;1,312;1,3114;0,10777;0,10774;0,6873;0,687
30/05/2016 15:30;1,3123;1,3113;0,10778;0,1077;0,687;0,6865
30/05/2016 15:45;1,3124;1,3117;0,10773;0,10771;0,6866;0,6864
30/05/2016 16:00;1,3124;1,3119;0,10777;0,10771;0,6868;0,6864
30/05/2016 16:15;1,3123;1,3112;0,10775;0,10766;0,6867;0,6866
30/05/2016 16:30;1,3125;1,3112;0,10767;0,10765;0,6869;0,6866
30/05/2016 16:45;1,3133;1,3123;0,10766;0,10763;0,687;0,6867
30/05/2016 17:00;1,3135;1,3124;0,10773;0,10768;0,6871;0,6868
30/05/2016 17:15;1,3137;1,3132;0,10774;0,10772;0,6877;0,6871
30/05/2016 17:30;1,3135;1,3132;0,10774;0,10766;0,6877;0,6874
30/05/2016 17:45;1,3139;1,3133;0,10767;0,10767;0,6876;0,6872
30/05/2016 18:00;1,3147;1,3137;0,10767;0,10766;0,688;0,6874
30/05/2016 18:15;1,3156;1,3144;0,10768;0,10766;0,6883;0,688
30/05/2016 18:30;1,3154;1,3145;0,10771;0,10768;0,6883;0,688
30/05/2016 18:45;1,3147;1,3142;0,10771;0,10769;0,6883;0,6881
30/05/2016 19:00;1,3146;1,3138;0,10769;0,10768;0,6884;0,6878
30/05/2016 19:15;1,3144;1,3138;0,1077;0,10769;0,6878;0,6876
30/05/2016 19:30;1,3144;1,3136;0,1077;0,10769;0,6877;0,6874
30/05/2016 19:45;1,3142;1,3139;0,1077;0,10769;0,6879;0,6875
30/05/2016 20:00;1,3144;1,314;0,10774;0,1077;0,6881;0,6878
30/05/2016 20:15;1,3142;1,3138;0,10773;0,10772;0,6879;0,6877
30/05/2016 20:30;1,3144;1,3136;0,10772;0,10772;0,688;0,6878
30/05/2016 20:45;1,3144;1,3136;0,10772;0,1077;0,6879;0,6878
30/05/2016 21:00;1,3146;1,3137;0,10772;0,10771;0,688;0,6878
30/05/2016 21:15;1,3143;1,314;0,10772;0,10771;0,688;0,6878
30/05/2016 21:30;1,3145;1,3141;0,10772;0,10771;0,688;0,6878
30/05/2016 21:45;1,3142;1,3138;0,10773;0,10772;0,688;0,6878
30/05/2016 22:00;1,3142;1,3138;0,10772;0,10772;0,6881;0,6878
30/05/2016 22:15;1,3143;1,3138;0,10772;0,10772;0,6879;0,6878
30/05/2016 22:30;1,3143;1,314;0,10772;0,10772;0,688;0,6878
30/05/2016 22:45;1,3146;1,3138;0,10772;0,10771;0,6881;0,6879
30/05/2016 23:00;1,3149;1,3141;0,10773;0,1077;0,6881;0,688
30/05/2016 23:15;1,3144;1,3142;0,10773;0,10771;0,6881;0,688
30/05/2016 23:30;1,3143;1,3134;0,10775;0,10772;0,6881;0,6879
30/05/2016 23:45;1,3136;1,3133;0,10775;0,10774;0,6881;0,6878
31/05/2016;1,3139;1,313;0,10775;0,10772;0,6881;0,6877
31/05/2016 00:15;1,3137;1,3133;0,10773;0,10772;0,6881;0,6878
31/05/2016 00:30;1,3137;1,3132;0,10773;0,1077;0,6879;0,6876
31/05/2016 00:45;1,3133;1,313;0,10773;0,1077;0,6878;0,6876
31/05/2016 01:00;1,313;1,3126;0,10772;0,10771;0,6877;0,6875
31/05/2016 01:15;1,313;1,3128;0,10772;0,10771;0,6877;0,6876
31/05/2016 01:30;1,313;1,3126;0,10774;0,10771;0,688;0,6876
31/05/2016 01:45;1,3128;1,3125;0,10773;0,10772;0,6879;0,6878
31/05/2016 02:00;1,314;1,3126;0,1078;0,10773;0,6881;0,6877
31/05/2016 02:15;1,3147;1,3139;0,1078;0,10778;0,6881;0,6878
31/05/2016 02:30;1,315;1,3142;0,10781;0,1078;0,6879;0,6877
31/05/2016 02:45;1,3159;1,3146;0,10784;0,1078;0,6879;0,6876
31/05/2016 03:00;1,3166;1,3152;0,10784;0,10783;0,6878;0,6876
31/05/2016 03:15;1,3181;1,3165;0,10784;0,10783;0,6876;0,6875
31/05/2016 03:30;1,3185;1,3169;0,10785;0,10783;0,6883;0,6876
31/05/2016 03:45;1,3187;1,3181;0,10788;0,10782;0,6887;0,6883
31/05/2016 04:00;1,3188;1,3181;0,10786;0,10783;0,6887;0,6883
31/05/2016 04:15;1,3183;1,3176;0,10788;0,10786;0,6886;0,6883
31/05/2016 04:30;1,3182;1,3176;0,10787;0,10785;0,6885;0,6884
31/05/2016 04:45;1,318;1,3178;0,10786;0,10785;0,6887;0,6884
31/05/2016 05:00;1,3189;1,3178;0,10786;0,10782;0,6886;0,6885
31/05/2016 05:15;1,3189;1,3183;0,10783;0,10778;0,6886;0,6885
31/05/2016 05:30;1,3193;1,3183;0,1078;0,10778;0,6888;0,6886
31/05/2016 05:45;1,3205;1,3191;0,1078;0,10779;0,6889;0,6887
31/05/2016 06:00;1,3192;1,3182;0,10779;0,10779;0,6894;0,6888
31/05/2016 06:15;1,3188;1,3172;0,1078;0,10779;0,6894;0,6891
31/05/2016 06:30;1,3184;1,3174;0,1078;0,10779;0,6895;0,6891
31/05/2016 06:45;1,3181;1,3175;0,10779;0,10777;0,6895;0,6891
31/05/2016 07:00;1,3181;1,3173;0,10777;0,10776;0,6897;0,6894
31/05/2016 07:15;1,318;1,3174;0,10777;0,10777;0,6895;0,6892
31/05/2016 07:30;1,3176;1,3172;0,10777;0,10777;0,6893;0,689
31/05/2016 07:45;1,3182;1,3174;0,10778;0,10777;0,6892;0,6891
31/05/2016 08:00;1,3186;1,3174;0,10784;0,10777;0,6892;0,6887
31/05/2016 08:15;1,3188;1,3181;0,10786;0,10783;0,6893;0,6887
31/05/2016 08:30;1,3192;1,3183;0,10784;0,10781;0,6894;0,6891
31/05/2016 08:45;1,3184;1,314;0,10787;0,10781;0,6891;0,6884
31/05/2016 09:00;1,3163;1,3141;0,10786;0,10781;0,689;0,6886
31/05/2016 09:15;1,3147;1,3136;0,10789;0,10776;0,6886;0,6882
31/05/2016 09:30;1,3149;1,3134;0,10784;0,10778;0,6884;0,6879
31/05/2016 09:45;1,3136;1,3108;0,10779;0,10774;0,6884;0,6879
31/05/2016 10:00;1,3114;1,3093;0,10779;0,10772;0,6883;0,6871
31/05/2016 10:15;1,3114;1,3095;0,10784;0,10778;0,6879;0,6874
31/05/2016 10:30;1,3127;1,311;0,10791;0,10782;0,6882;0,6877
31/05/2016 10:45;1,3132;1,3102;0,10785;0,1078;0,6877;0,6873
31/05/2016 11:00;1,3132;1,3105;0,10784;0,10779;0,6878;0,6873
31/05/2016 11:15;1,3125;1,3111;0,10781;0,10776;0,6877;0,6874
31/05/2016 11:30;1,3119;1,3092;0,1078;0,10775;0,6878;0,6872
31/05/2016 11:45;1,3108;1,3085;0,10776;0,1077;0,6873;0,6867
31/05/2016 12:00;1,3115;1,3107;0,10772;0,10767;0,6874;0,6871
31/05/2016 12:15;1,3122;1,3106;0,10768;0,10759;0,6871;0,6868
31/05/2016 12:30;1,3119;1,311;0,10768;0,10762;0,6873;0,6868
31/05/2016 12:45;1,3121;1,3106;0,10764;0,10757;0,6871;0,6868
31/05/2016 13:00;1,311;1,3096;0,10763;0,10758;0,6871;0,6868
31/05/2016 13:15;1,3107;1,3096;0,10768;0,10757;0,6873;0,6869
31/05/2016 13:30;1,3119;1,3099;0,10771;0,10762;0,688;0,6871
31/05/2016 13:45;1,3123;1,3111;0,10765;0,10761;0,6882;0,6878
31/05/2016 14:00;1,3126;1,3117;0,10763;0,1076;0,6883;0,688
31/05/2016 14:15;1,3131;1,3123;0,10767;0,10764;0,6883;0,6878
31/05/2016 14:30;1,3133;1,3125;0,10769;0,10764;0,6875;0,6861
31/05/2016 14:45;1,3137;1,3127;0,10769;0,10766;0,6862;0,6853
31/05/2016 15:00;1,3137;1,3126;0,10769;0,10765;0,6857;0,6852
31/05/2016 15:15;1,3127;1,3106;0,10773;0,10765;0,6855;0,6851
31/05/2016 15:30;1,3114;1,3104;0,10779;0,10767;0,6857;0,6848
31/05/2016 15:45;1,3114;1,3105;0,10777;0,10772;0,6858;0,6854
31/05/2016 16:00;1,3118;1,3107;0,10774;0,10771;0,6869;0,686
31/05/2016 16:15;1,3117;1,3107;0,10773;0,10771;0,6869;0,6857
31/05/2016 16:30;1,3115;1,3041;0,10772;0,10761;0,6865;0,6857
31/05/2016 16:45;1,3075;1,3038;0,10764;0,10751;0,6869;0,6849
31/05/2016 17:00;1,3079;1,3061;0,10763;0,10754;0,687;0,6856
31/05/2016 17:15;1,3081;1,3067;0,10766;0,10758;0,6861;0,6855
31/05/2016 17:30;1,3081;1,3058;0,10772;0,10765;0,686;0,6858
31/05/2016 17:45;1,3064;1,3048;0,10772;0,10769;0,686;0,6856
31/05/2016 18:00;1,305;1,3021;0,10775;0,10771;0,6858;0,685
31/05/2016 18:15;1,3036;1,3013;0,10774;0,10772;0,6858;0,6853
31/05/2016 18:30;1,303;1,3015;0,10774;0,10771;0,6862;0,6857
31/05/2016 18:45;1,3032;1,3025;0,10777;0,10773;0,6862;0,6854
31/05/2016 19:00;1,3032;1,3015;0,10777;0,10776;0,6858;0,6853
31/05/2016 19:15;1,3031;1,3013;0,10777;0,10775;0,6862;0,6858
31/05/2016 19:30;1,3028;1,3014;0,10778;0,10775;0,686;0,6855
31/05/2016 19:45;1,302;1,3014;0,10778;0,10777;0,6857;0,6853
31/05/2016 20:00;1,3017;1,2995;0,10777;0,10773;0,6853;0,6842
31/05/2016 20:15;1,3015;1,2993;0,10774;0,1077;0,6846;0,684
31/05/2016 20:30;1,3007;1,2996;0,10773;0,1077;0,6843;0,6837
31/05/2016 20:45;1,3004;1,2993;0,1078;0,10773;0,6845;0,6836
31/05/2016 21:00;1,3005;1,2997;0,10774;0,10771;0,6846;0,6842
31/05/2016 21:15;1,3009;1,3002;0,10773;0,10772;0,6848;0,6844
31/05/2016 21:30;1,302;1,3007;0,10773;0,10771;0,6852;0,6848
31/05/2016 21:45;1,3022;1,3015;0,10776;0,10771;0,6854;0,6849
31/05/2016 22:00;1,3018;1,301;0,10778;0,10775;0,6857;0,6849
31/05/2016 22:15;1,3017;1,3009;0,10778;0,10777;0,686;0,6855
31/05/2016 22:30;1,3016;1,3009;0,10778;0,10777;0,6861;0,6857
31/05/2016 22:45;1,3013;1,3005;0,1078;0,10777;0,6864;0,6859
31/05/2016 23:00;1,3012;1,3008;0,10782;0,1078;0,6863;0,6861
31/05/2016 23:15;1,3014;1,3009;0,10782;0,1078;0,6862;0,6859
31/05/2016 23:30;1,3013;1,301;0,10781;0,1078;0,6861;0,686
31/05/2016 23:45;1,3016;1,3009;0,10782;0,1078;0,6863;0,686
01/06/2016;1,3015;1,301;0,10781;0,10779;0,6862;0,6858
01/06/2016 00:15;1,3015;1,3012;0,10781;0,1078;0,6863;0,6861
01/06/2016 00:30;1,3016;1,301;0,10781;0,1078;0,6865;0,6862
01/06/2016 00:45;1,3022;1,3016;0,10781;0,1078;0,6867;0,6865
01/06/2016 01:00;1,3021;1,3017;0,10781;0,1078;0,6868;0,6867
01/06/2016 01:15;1,3019;1,3009;0,10781;0,1078;0,6869;0,6867
01/06/2016 01:30;1,301;1,3006;0,10781;0,1078;0,6868;0,6865
01/06/2016 01:45;1,301;1,3005;0,1078;0,10779;0,6869;0,6868
01/06/2016 02:00;1,3008;1,3001;0,10781;0,1078;0,6872;0,6869
01/06/2016 02:15;1,3011;1,3001;0,10782;0,1078;0,6869;0,6867
01/06/2016 02:30;1,3011;1,3001;0,10782;0,10781;0,687;0,6868
01/06/2016 02:45;1,3008;1,2996;0,10783;0,10782;0,6874;0,6868
01/06/2016 03:00;1,3011;1,3002;0,10783;0,10781;0,6876;0,6873
01/06/2016 03:15;1,3021;1,3009;0,10782;0,10781;0,6877;0,6873
01/06/2016 03:30;1,3031;1,3017;0,10785;0,10781;0,6885;0,6879
01/06/2016 03:45;1,3028;1,3019;0,10785;0,10783;0,6885;0,688
01/06/2016 04:00;1,3029;1,302;0,10786;0,10785;0,6888;0,6884
01/06/2016 04:15;1,3031;1,3021;0,10786;0,10785;0,6887;0,6885
01/06/2016 04:30;1,3033;1,3029;0,10785;0,10784;0,6886;0,6883
01/06/2016 04:45;1,303;1,3025;0,10785;0,10784;0,6885;0,6883
01/06/2016 05:00;1,3032;1,3025;0,10786;0,10784;0,6885;0,6883
01/06/2016 05:15;1,3034;1,3026;0,10786;0,10785;0,6885;0,6882
01/06/2016 05:30;1,3027;1,3023;0,10785;0,10785;0,6883;0,688
01/06/2016 05:45;1,3027;1,302;0,10785;0,10783;0,688;0,6877
01/06/2016 06:00;1,3027;1,3023;0,10783;0,10783;0,6884;0,688
01/06/2016 06:15;1,3029;1,3026;0,10783;0,10783;0,6885;0,6884
01/06/2016 06:30;1,3029;1,3024;0,10783;0,10781;0,6885;0,6882
01/06/2016 06:45;1,3026;1,3021;0,10781;0,10781;0,6883;0,688
01/06/2016 07:00;1,3028;1,3018;0,10783;0,1078;0,689;0,6882
01/06/2016 07:15;1,3026;1,3014;0,10782;0,10781;0,6888;0,6884
01/06/2016 07:30;1,3028;1,3016;0,10783;0,10782;0,6886;0,6881
01/06/2016 07:45;1,3033;1,3021;0,10783;0,10781;0,6883;0,6882
01/06/2016 08:00;1,3034;1,3024;0,10786;0,10783;0,6882;0,6879
01/06/2016 08:15;1,3035;1,3025;0,10786;0,10777;0,6883;0,6874
01/06/2016 08:30;1,303;1,3;0,10783;0,10776;0,6875;0,6868
01/06/2016 08:45;1,301;1,2986;0,10778;0,10775;0,6872;0,6869
01/06/2016 09:00;1,3018;1,299;0,10777;0,10774;0,6871;0,6864
01/06/2016 09:15;1,3;1,2985;0,10781;0,10776;0,6864;0,686
01/06/2016 09:30;1,3001;1,2981;0,10784;0,10778;0,6863;0,686
01/06/2016 09:45;1,3003;1,2983;0,10784;0,10778;0,6862;0,6855
01/06/2016 10:00;1,3008;1,2992;0,10787;0,10781;0,6862;0,6855
01/06/2016 10:15;1,2997;1,297;0,10785;0,10777;0,6863;0,6853
01/06/2016 10:30;1,2984;1,2954;0,10781;0,10777;0,6854;0,6849
01/06/2016 10:45;1,2971;1,2961;0,10783;0,10779;0,6851;0,6847
01/06/2016 11:00;1,2982;1,2954;0,10783;0,10779;0,6852;0,6846
01/06/2016 11:15;1,297;1,294;0,1078;0,10776;0,6846;0,6841
01/06/2016 11:30;1,295;1,2942;0,10777;0,10775;0,6846;0,6842
01/06/2016 11:45;1,2951;1,294;0,10779;0,10773;0,6848;0,6844
01/06/2016 12:00;1,2963;1,2951;0,10773;0,10769;0,6849;0,6845
01/06/2016 12:15;1,2961;1,2939;0,10769;0,10763;0,6848;0,6844
01/06/2016 12:30;1,2959;1,2939;0,10764;0,10762;0,6852;0,6844
01/06/2016 12:45;1,2957;1,2945;0,10764;0,10762;0,6854;0,6852
01/06/2016 13:00;1,2949;1,2932;0,10768;0,10762;0,6853;0,685
01/06/2016 13:15;1,2934;1,2921;0,10766;0,10765;0,6853;0,6849
01/06/2016 13:30;1,2934;1,2924;0,10771;0,10765;0,6853;0,685
01/06/2016 13:45;1,2936;1,2918;0,10776;0,10766;0,6856;0,6851
01/06/2016 14:00;1,2927;1,2907;0,10776;0,10765;0,6854;0,685
01/06/2016 14:15;1,2931;1,291;0,10778;0,10769;0,6859;0,685
01/06/2016 14:30;1,2938;1,2911;0,10775;0,10768;0,686;0,6848
01/06/2016 14:45;1,2917;1,2901;0,10771;0,10761;0,6849;0,6844
01/06/2016 15:00;1,2912;1,2893;0,10775;0,10771;0,6849;0,6839
01/06/2016 15:15;1,2914;1,2903;0,10773;0,10771;0,6843;0,6837
01/06/2016 15:30;1,2912;1,2905;0,10772;0,10768;0,6841;0,683
01/06/2016 15:45;1,2908;1,29;0,10769;0,10767;0,6835;0,6827
01/06/2016 16:00;1,2931;1,2905;0,10773;0,1077;0,6845;0,683
01/06/2016 16:15;1,2926;1,2901;0,1078;0,10769;0,6838;0,6823
01/06/2016 16:30;1,2914;1,29;0,10782;0,10777;0,6834;0,6827
01/06/2016 16:45;1,2917;1,2896;0,10788;0,10775;0,6838;0,6827
01/06/2016 17:00;1,29;1,2888;0,10792;0,10787;0,6846;0,6833
01/06/2016 17:15;1,2903;1,2895;0,10792;0,10786;0,685;0,6843
01/06/2016 17:30;1,2903;1,289;0,10785;0,10782;0,6842;0,6839
01/06/2016 17:45;1,2902;1,2886;0,10785;0,10782;0,6844;0,6838
01/06/2016 18:00;1,291;1,2892;0,10787;0,10784;0,6849;0,6844
01/06/2016 18:15;1,2909;1,2899;0,10785;0,10784;0,6848;0,6841
01/06/2016 18:30;1,2902;1,2896;0,10785;0,10783;0,6841;0,6833
01/06/2016 18:45;1,2909;1,2897;0,10783;0,10779;0,6835;0,6833
01/06/2016 19:00;1,2908;1,2891;0,10782;0,10779;0,6833;0,683
01/06/2016 19:15;1,2908;1,2894;0,10779;0,10778;0,6841;0,6831
01/06/2016 19:30;1,2907;1,29;0,10778;0,10777;0,6841;0,6838
01/06/2016 19:45;1,29;1,2889;0,10778;0,10777;0,684;0,6837
01/06/2016 20:00;1,2892;1,2889;0,10777;0,10774;0,6838;0,6833
01/06/2016 20:15;1,2892;1,2886;0,10776;0,10775;0,6838;0,6833
01/06/2016 20:30;1,2889;1,2882;0,10776;0,10774;0,6843;0,6839
01/06/2016 20:45;1,2886;1,2882;0,10774;0,10773;0,6844;0,6839
01/06/2016 21:00;1,2883;1,2875;0,10776;0,10773;0,6841;0,6839
01/06/2016 21:15;1,2882;1,2876;0,10776;0,10774;0,6843;0,6839
01/06/2016 21:30;1,2881;1,2875;0,10774;0,10773;0,6839;0,6838
01/06/2016 21:45;1,288;1,2874;0,10773;0,10772;0,6841;0,6837
01/06/2016 22:00;1,2884;1,2874;0,10775;0,10771;0,6839;0,6835
01/06/2016 22:15;1,2886;1,288;0,10774;0,10771;0,6839;0,6836
01/06/2016 22:30;1,2887;1,2882;0,10773;0,10771;0,6837;0,6832
01/06/2016 22:45;1,2886;1,2881;0,10776;0,10771;0,6835;0,6833
01/06/2016 23:00;1,2886;1,2878;0,10777;0,10771;0,6838;0,6832
01/06/2016 23:15;1,2887;1,2879;0,10776;0,10775;0,6837;0,6833
01/06/2016 23:30;1,2888;1,2879;0,10777;0,10774;0,6836;0,6834
01/06/2016 23:45;1,2885;1,288;0,10776;0,10774;0,6836;0,6834
02/06/2016;1,2886;1,2881;0,10773;0,10771;0,6836;0,6834
02/06/2016 00:15;1,2889;1,2881;0,10773;0,10772;0,6836;0,6834
02/06/2016 00:30;1,289;1,2885;0,10773;0,10772;0,6836;0,6834
02/06/2016 00:45;1,2893;1,2887;0,10773;0,10772;0,6837;0,6835
02/06/2016 01:00;1,2888;1,2884;0,10772;0,10771;0,6837;0,6835
02/06/2016 01:15;1,2888;1,2885;0,10773;0,10771;0,6835;0,6835
02/06/2016 01:30;1,289;1,2885;0,10772;0,10772;0,6838;0,6835
02/06/2016 01:45;1,2892;1,2887;0,10773;0,10772;0,6838;0,6835
02/06/2016 02:00;1,2889;1,2875;0,10774;0,10772;0,6835;0,6833
02/06/2016 02:15;1,2884;1,2875;0,10773;0,10771;0,6835;0,6831
02/06/2016 02:30;1,288;1,2873;0,10773;0,10771;0,6833;0,6831
02/06/2016 02:45;1,2882;1,2873;0,10773;0,10771;0,6834;0,6832
02/06/2016 03:00;1,2889;1,2879;0,10774;0,10772;0,6838;0,6834
02/06/2016 03:15;1,2893;1,2887;0,10774;0,10773;0,6839;0,6836
02/06/2016 03:30;1,2896;1,2887;0,10778;0,10775;0,6841;0,6838
02/06/2016 03:45;1,2888;1,2882;0,10778;0,10776;0,6838;0,6832
02/06/2016 04:00;1,2888;1,2876;0,10776;0,10771;0,6835;0,6828
02/06/2016 04:15;1,2882;1,2863;0,10771;0,10768;0,683;0,6821
02/06/2016 04:30;1,2875;1,2866;0,1077;0,10768;0,6826;0,6821
02/06/2016 04:45;1,287;1,286;0,10769;0,10765;0,6824;0,6821
02/06/2016 05:00;1,287;1,2861;0,10767;0,10766;0,6824;0,6821
02/06/2016 05:15;1,2871;1,2867;0,1077;0,10767;0,6825;0,6823
02/06/2016 05:30;1,2872;1,2867;0,10767;0,10766;0,6825;0,6823
02/06/2016 05:45;1,287;1,2866;0,10768;0,10767;0,6824;0,6823
02/06/2016 06:00;1,2871;1,2866;0,10768;0,10767;0,6825;0,6823
02/06/2016 06:15;1,2878;1,2869;0,10769;0,10767;0,6827;0,6823
02/06/2016 06:30;1,289;1,2877;0,1077;0,10767;0,6828;0,6826
02/06/2016 06:45;1,2891;1,2886;0,10771;0,10769;0,683;0,6827
02/06/2016 07:00;1,2889;1,2885;0,10771;0,1077;0,6831;0,6829
02/06/2016 07:15;1,2888;1,2883;0,10771;0,1077;0,6833;0,683
02/06/2016 07:30;1,2889;1,2883;0,10772;0,1077;0,6833;0,683
02/06/2016 07:45;1,2896;1,2888;0,10776;0,10771;0,6832;0,683
02/06/2016 08:00;1,2892;1,2884;0,10775;0,10773;0,6832;0,6829
02/06/2016 08:15;1,2895;1,2884;0,10778;0,10774;0,6832;0,6829
02/06/2016 08:30;1,2896;1,2884;0,10774;0,10772;0,683;0,6828
02/06/2016 08:45;1,2898;1,2885;0,10777;0,10772;0,6829;0,6823
02/06/2016 09:00;1,2899;1,2872;0,10777;0,10765;0,6831;0,6822
02/06/2016 09:15;1,2882;1,2867;0,10769;0,10761;0,6829;0,6822
02/06/2016 09:30;1,2886;1,2872;0,10768;0,10763;0,6831;0,6822
02/06/2016 09:45;1,2887;1,287;0,10764;0,10761;0,6826;0,6821
02/06/2016 10:00;1,2882;1,287;0,10764;0,10762;0,6824;0,6815
02/06/2016 10:15;1,2877;1,2863;0,10762;0,10755;0,6819;0,6817
02/06/2016 10:30;1,2901;1,2861;0,1076;0,10757;0,6821;0,6815
02/06/2016 10:45;1,2891;1,2878;0,1076;0,10754;0,682;0,6818
02/06/2016 11:00;1,2883;1,2873;0,10758;0,10754;0,6823;0,6819
02/06/2016 11:15;1,2891;1,2881;0,10758;0,10754;0,6823;0,6819
02/06/2016 11:30;1,2896;1,2887;0,10761;0,10758;0,6823;0,6819
02/06/2016 11:45;1,2895;1,2886;0,10761;0,10759;0,6821;0,6814
02/06/2016 12:00;1,2889;1,2869;0,10759;0,10753;0,6816;0,681
02/06/2016 12:15;1,2894;1,2878;0,10753;0,10749;0,6811;0,6809
02/06/2016 12:30;1,2896;1,2884;0,10758;0,10753;0,6815;0,681
02/06/2016 12:45;1,289;1,288;0,10757;0,10751;0,6816;0,6813
02/06/2016 13:00;1,2897;1,2882;0,10753;0,10752;0,6817;0,6815
02/06/2016 13:15;1,2916;1,2895;0,1076;0,10754;0,6821;0,6814
02/06/2016 13:30;1,2918;1,2908;0,10766;0,10758;0,6822;0,6819
02/06/2016 13:45;1,2924;1,2905;0,10765;0,10761;0,6825;0,6819
02/06/2016 14:00;1,2934;1,2916;0,10763;0,10756;0,6823;0,6818
02/06/2016 14:15;1,2932;1,2915;0,10769;0,10757;0,6822;0,6819
02/06/2016 14:30;1,2939;1,2899;0,10768;0,10757;0,6825;0,6802
02/06/2016 14:45;1,2915;1,29;0,10762;0,10757;0,6811;0,6803
02/06/2016 15:00;1,2925;1,2909;0,10759;0,10751;0,6811;0,6805
02/06/2016 15:15;1,2922;1,2904;0,10752;0,10746;0,6812;0,6805
02/06/2016 15:30;1,2929;1,2898;0,10748;0,10746;0,6828;0,6808
02/06/2016 15:45;1,2941;1,2923;0,10754;0,10748;0,6838;0,6831
02/06/2016 16:00;1,295;1,2932;0,10757;0,10753;0,6833;0,6831
02/06/2016 16:15;1,2945;1,293;0,10765;0,10756;0,6832;0,6825
02/06/2016 16:30;1,2947;1,2931;0,10765;0,1076;0,6828;0,6824
02/06/2016 16:45;1,2947;1,2933;0,10767;0,10756;0,6834;0,6824
02/06/2016 17:00;1,2953;1,2942;0,1077;0,10765;0,685;0,6835
02/06/2016 17:15;1,2947;1,2935;0,10768;0,10763;0,6848;0,6842
02/06/2016 17:30;1,2943;1,2928;0,10766;0,10762;0,6854;0,6848
02/06/2016 17:45;1,293;1,292;0,10766;0,10761;0,6855;0,6852
02/06/2016 18:00;1,2929;1,2923;0,10764;0,1076;0,6853;0,685
02/06/2016 18:15;1,2932;1,2926;0,10765;0,10761;0,6855;0,685
02/06/2016 18:30;1,2934;1,2928;0,10765;0,10761;0,6855;0,6851
02/06/2016 18:45;1,2941;1,2932;0,10769;0,10764;0,6854;0,6849
02/06/2016 19:00;1,2944;1,2937;0,10768;0,10767;0,6852;0,685
02/06/2016 19:15;1,2939;1,2931;0,10772;0,10767;0,6849;0,6845
02/06/2016 19:30;1,2942;1,2936;0,10773;0,1077;0,6845;0,6841
02/06/2016 19:45;1,2939;1,2933;0,10771;0,10769;0,6845;0,6842
02/06/2016 20:00;1,2941;1,2935;0,1077;0,10766;0,6844;0,6841
02/06/2016 20:15;1,2939;1,2935;0,10766;0,10766;0,6844;0,684
02/06/2016 20:30;1,2941;1,2937;0,10766;0,10765;0,6841;0,6839
02/06/2016 20:45;1,2942;1,2938;0,10766;0,10764;0,684;0,6838
02/06/2016 21:00;1,2949;1,2941;0,10773;0,10769;0,6842;0,684
02/06/2016 21:15;1,2947;1,2942;0,10773;0,10772;0,6843;0,684
02/06/2016 21:30;1,2946;1,294;0,10773;0,10772;0,6843;0,6839
02/06/2016 21:45;1,294;1,2936;0,10773;0,10772;0,6842;0,6837
02/06/2016 22:00;1,2944;1,2937;0,10774;0,10772;0,6845;0,684
02/06/2016 22:15;1,2939;1,2932;0,10773;0,10772;0,6844;0,6842
02/06/2016 22:30;1,2938;1,2931;0,10773;0,10769;0,6845;0,6842
02/06/2016 22:45;1,2937;1,2929;0,10773;0,10768;0,6847;0,6843
02/06/2016 23:00;1,2944;1,2929;0,10768;0,10764;0,6848;0,6843
02/06/2016 23:15;1,2934;1,2924;0,10767;0,10766;0,6845;0,6843
02/06/2016 23:30;1,2931;1,2927;0,10767;0,10766;0,6846;0,6843
02/06/2016 23:45;1,293;1,2926;0,10769;0,10767;0,6846;0,6844
03/06/2016;1,293;1,2926;0,10769;0,10766;0,6845;0,6843
03/06/2016 00:15;1,2928;1,2925;0,10769;0,10767;0,6845;0,6844
03/06/2016 00:30;1,2931;1,2923;0,10769;0,10768;0,6845;0,6843
03/06/2016 00:45;1,2928;1,2923;0,10769;0,10767;0,6844;0,6841
03/06/2016 01:00;1,2926;1,2923;0,10769;0,10767;0,6844;0,6843
03/06/2016 01:15;1,2926;1,292;0,10769;0,10768;0,6844;0,6843
03/06/2016 01:30;1,2925;1,2921;0,10769;0,10768;0,6846;0,6843
03/06/2016 01:45;1,2926;1,2917;0,1077;0,10769;0,6848;0,6846
03/06/2016 02:00;1,2923;1,2914;0,1077;0,10769;0,6848;0,6846
03/06/2016 02:15;1,2924;1,292;0,1077;0,10769;0,6849;0,6847
03/06/2016 02:30;1,2926;1,2921;0,1077;0,10769;0,6853;0,6849
03/06/2016 02:45;1,2927;1,292;0,10771;0,10769;0,685;0,6847
03/06/2016 03:00;1,2926;1,2922;0,10773;0,10772;0,685;0,6847
03/06/2016 03:15;1,2928;1,2923;0,10774;0,10772;0,6854;0,6849
03/06/2016 03:30;1,2927;1,292;0,10775;0,10773;0,6854;0,6852
03/06/2016 03:45;1,2922;1,2914;0,10775;0,10774;0,6853;0,6851
03/06/2016 04:00;1,2924;1,2917;0,10775;0,10774;0,6853;0,685
03/06/2016 04:15;1,2921;1,2915;0,10774;0,10774;0,6852;0,6849
03/06/2016 04:30;1,2924;1,2919;0,10774;0,10773;0,6852;0,685
03/06/2016 04:45;1,2922;1,2916;0,10774;0,10773;0,685;0,6849
03/06/2016 05:00;1,2923;1,2915;0,10774;0,10774;0,685;0,6849
03/06/2016 05:15;1,2925;1,292;0,10774;0,10773;0,6849;0,6846
03/06/2016 05:30;1,2923;1,292;0,10774;0,10773;0,6847;0,6845
03/06/2016 05:45;1,2927;1,292;0,10778;0,10774;0,6847;0,6846
03/06/2016 06:00;1,293;1,2923;0,10778;0,10777;0,6848;0,6846
03/06/2016 06:15;1,2926;1,2923;0,10778;0,10776;0,6847;0,6845
03/06/2016 06:30;1,2927;1,2921;0,10777;0,10776;0,6847;0,6845
03/06/2016 06:45;1,2923;1,2914;0,10777;0,10775;0,6845;0,6843
03/06/2016 07:00;1,2919;1,2914;0,10777;0,10774;0,6846;0,6845
03/06/2016 07:15;1,2922;1,2916;0,10777;0,10774;0,6849;0,6846
03/06/2016 07:30;1,2925;1,292;0,10775;0,10773;0,6851;0,6849
03/06/2016 07:45;1,2923;1,2916;0,10778;0,10774;0,685;0,6848
03/06/2016 08:00;1,293;1,292;0,10778;0,10772;0,6851;0,6845
03/06/2016 08:15;1,2926;1,2916;0,10777;0,10772;0,6849;0,6846
03/06/2016 08:30;1,2931;1,2918;0,10776;0,10773;0,6849;0,6846
03/06/2016 08:45;1,2932;1,2922;0,10775;0,10773;0,6849;0,6847
03/06/2016 09:00;1,2939;1,2922;0,10774;0,1077;0,6852;0,6848
03/06/2016 09:15;1,2945;1,2923;0,10778;0,10771;0,6853;0,6848
03/06/2016 09:30;1,2953;1,2931;0,1079;0,10777;0,6858;0,6852
03/06/2016 09:45;1,2947;1,2937;0,10792;0,10784;0,6857;0,6853
03/06/2016 10:00;1,2943;1,2928;0,10798;0,10784;0,6855;0,6851
03/06/2016 10:15;1,2943;1,2927;0,10795;0,10787;0,6854;0,6851
03/06/2016 10:30;1,2938;1,2917;0,10787;0,10785;0,6854;0,685
03/06/2016 10:45;1,2947;1,2931;0,1079;0,10785;0,6854;0,6851
03/06/2016 11:00;1,295;1,294;0,10798;0,10788;0,6854;0,6852
03/06/2016 11:15;1,2952;1,294;0,108;0,10796;0,6857;0,6853
03/06/2016 11:30;1,2951;1,2929;0,10796;0,10792;0,6855;0,6851
03/06/2016 11:45;1,2938;1,2923;0,10795;0,10793;0,6854;0,685
03/06/2016 12:00;1,2942;1,2929;0,10801;0,10794;0,6855;0,6853
03/06/2016 12:15;1,2946;1,2935;0,10803;0,10801;0,6857;0,6853
03/06/2016 12:30;1,2947;1,2942;0,1081;0,10805;0,6858;0,6856
03/06/2016 12:45;1,2942;1,2934;0,10816;0,10805;0,6856;0,6854
03/06/2016 13:00;1,2945;1,2929;0,10808;0,10802;0,6856;0,6853
03/06/2016 13:15;1,2944;1,2937;0,10812;0,10803;0,6856;0,6853
03/06/2016 13:30;1,2944;1,2932;0,10807;0,10798;0,6855;0,6851
03/06/2016 13:45;1,2942;1,2937;0,10804;0,10798;0,6855;0,6853
03/06/2016 14:00;1,2945;1,2934;0,10805;0,10798;0,6854;0,685
03/06/2016 14:15;1,294;1,2928;0,10802;0,10793;0,6854;0,6847
03/06/2016 14:30;1,2935;1,2871;0,10794;0,10787;0,6844;0,683
03/06/2016 14:45;1,2881;1,2845;0,1079;0,10767;0,6837;0,6822
03/06/2016 15:00;1,2878;1,2855;0,1079;0,10778;0,6842;0,6833
03/06/2016 15:15;1,2884;1,2861;0,10799;0,10786;0,6839;0,6833
03/06/2016 15:30;1,2889;1,287;0,10808;0,10795;0,6837;0,6831
03/06/2016 15:45;1,2876;1,2847;0,10808;0,10794;0,6833;0,6825
03/06/2016 16:00;1,2854;1,2825;0,10811;0,10804;0,6823;0,6814
03/06/2016 16:15;1,2828;1,2806;0,10811;0,10791;0,6813;0,6808
03/06/2016 16:30;1,2818;1,2802;0,108;0,10792;0,6812;0,6805
03/06/2016 16:45;1,2818;1,2805;0,10798;0,10793;0,6812;0,6807
03/06/2016 17:00;1,282;1,2804;0,10808;0,10799;0,6814;0,6808
03/06/2016 17:15;1,2818;1,2811;0,10804;0,10795;0,6808;0,6805
03/06/2016 17:30;1,2825;1,2813;0,10801;0,10798;0,6818;0,6807
03/06/2016 17:45;1,2825;1,2815;0,10801;0,10797;0,6818;0,6812
03/06/2016 18:00;1,2817;1,2809;0,108;0,10795;0,6816;0,6814
03/06/2016 18:15;1,2818;1,2807;0,10797;0,10796;0,682;0,6814
03/06/2016 18:30;1,281;1,2798;0,10796;0,10794;0,6815;0,6811
03/06/2016 18:45;1,282;1,2804;0,10799;0,10795;0,6819;0,6812
03/06/2016 19:00;1,2818;1,2808;0,10799;0,10795;0,6817;0,6803
03/06/2016 19:15;1,2817;1,2812;0,10801;0,10794;0,6809;0,6806
03/06/2016 19:30;1,282;1,2812;0,10808;0,10801;0,6815;0,6808
03/06/2016 19:45;1,282;1,2806;0,10807;0,10806;0,6815;0,6808
03/06/2016 20:00;1,2815;1,28;0,10807;0,10805;0,6813;0,6808
03/06/2016 20:15;1,2805;1,2796;0,10807;0,10802;0,6816;0,6809
03/06/2016 20:30;1,2804;1,2792;0,10803;0,10801;0,682;0,6814
03/06/2016 20:45;1,2799;1,2792;0,10802;0,10795;0,6822;0,6818
03/06/2016 21:00;1,2796;1,2791;0,10798;0,10794;0,6819;0,6815
03/06/2016 21:15;1,2794;1,279;0,108;0,10796;0,6817;0,6807
03/06/2016 21:30;1,2792;1,2783;0,10808;0,10801;0,6808;0,6805
03/06/2016 21:45;1,2789;1,2783;0,10806;0,10804;0,6808;0,6804
03/06/2016 22:00;1,2786;1,2773;0,10805;0,10796;0,6806;0,6803
03/06/2016 22:15;1,278;1,2769;0,10809;0,10799;0,6805;0,6798
03/06/2016 22:30;1,2781;1,2769;0,10814;0,10806;0,6801;0,6792
03/06/2016 22:45;1,278;1,2766;0,10812;0,10806;0,68;0,6794
05/06/2016 21:00;1,2796;1,2774;0,10807;0,10802;0,6809;0,6803
05/06/2016 21:15;1,2788;1,2783;0,10806;0,10802;0,681;0,6804
05/06/2016 21:30;1,2788;1,2773;0,10805;0,10804;0,681;0,6807
05/06/2016 21:45;1,2776;1,2771;0,10806;0,10801;0,681;0,6806
05/06/2016 22:00;1,2774;1,2742;0,10808;0,108;0,6807;0,6804
05/06/2016 22:15;1,2747;1,2743;0,10806;0,108;0,6805;0,6803
05/06/2016 22:30;1,2743;1,2739;0,1081;0,10794;0,6805;0,6801
05/06/2016 22:45;1,2744;1,2738;0,10806;0,10796;0,6804;0,6798
05/06/2016 23:00;1,2745;1,2724;0,10804;0,10795;0,6803;0,6789
05/06/2016 23:15;1,2735;1,2726;0,10803;0,10801;0,6793;0,679
05/06/2016 23:30;1,274;1,2733;0,10803;0,108;0,6798;0,6793
05/06/2016 23:45;1,2739;1,2733;0,10803;0,10801;0,6799;0,6796
06/06/2016;1,2742;1,2731;0,10808;0,10802;0,6801;0,6795
06/06/2016 00:15;1,2743;1,2735;0,10809;0,10807;0,6803;0,68
06/06/2016 00:30;1,2748;1,274;0,1081;0,10807;0,6804;0,6802
06/06/2016 00:45;1,2747;1,2735;0,10808;0,10807;0,6805;0,6801
06/06/2016 01:00;1,2737;1,2653;0,1081;0,10806;0,6805;0,68
06/06/2016 01:15;1,2679;1,2649;0,10809;0,10805;0,6802;0,68
06/06/2016 01:30;1,2674;1,2656;0,10808;0,10805;0,6803;0,6797
06/06/2016 01:45;1,2679;1,2658;0,10808;0,10804;0,6799;0,6796
06/06/2016 02:00;1,2699;1,2675;0,10813;0,10808;0,6802;0,6798
06/06/2016 02:15;1,2694;1,2684;0,10812;0,10811;0,6801;0,6797
06/06/2016 02:30;1,2695;1,2682;0,10815;0,10811;0,6798;0,6797
06/06/2016 02:45;1,2691;1,2681;0,10816;0,10814;0,6798;0,6796
06/06/2016 03:00;1,2693;1,2684;0,10815;0,10814;0,6797;0,6794
06/06/2016 03:15;1,2692;1,2684;0,10815;0,10814;0,6798;0,6795
06/06/2016 03:30;1,269;1,2675;0,10814;0,10812;0,6796;0,6794
06/06/2016 03:45;1,2685;1,2673;0,10814;0,10813;0,6797;0,6795
06/06/2016 04:00;1,2687;1,2674;0,10814;0,10813;0,6798;0,6795
06/06/2016 04:15;1,2689;1,2681;0,10815;0,10814;0,6802;0,6797
06/06/2016 04:30;1,2688;1,2679;0,10815;0,10814;0,6799;0,6795
06/06/2016 04:45;1,2694;1,2685;0,10815;0,10814;0,6797;0,6795
06/06/2016 05:00;1,2696;1,2689;0,10815;0,10814;0,6798;0,6795
06/06/2016 05:15;1,2695;1,269;0,10815;0,10814;0,6799;0,6796
06/06/2016 05:30;1,2698;1,2688;0,10815;0,10814;0,68;0,6798
06/06/2016 05:45;1,2689;1,2681;0,10815;0,10813;0,68;0,6798
06/06/2016 06:00;1,2692;1,2682;0,10815;0,10813;0,68;0,6798
06/06/2016 06:15;1,2693;1,2683;0,10813;0,10805;0,68;0,6798
06/06/2016 06:30;1,2692;1,2682;0,10807;0,10805;0,6799;0,6798
06/06/2016 06:45;1,2695;1,2689;0,10805;0,10805;0,6798;0,6797
06/06/2016 07:00;1,2697;1,2686;0,10805;0,10805;0,6798;0,6797
06/06/2016 07:15;1,2692;1,2689;0,10805;0,10803;0,6797;0,6796
06/06/2016 07:30;1,2692;1,2678;0,10804;0,10802;0,6799;0,6796
06/06/2016 07:45;1,2691;1,2675;0,10808;0,10803;0,6798;0,6794
06/06/2016 08:00;1,2687;1,2672;0,10809;0,108;0,6796;0,6791
06/06/2016 08:15;1,2687;1,267;0,10801;0,10796;0,6795;0,6792
06/06/2016 08:30;1,2677;1,2657;0,10799;0,10794;0,6799;0,6795
06/06/2016 08:45;1,2677;1,2668;0,10801;0,10789;0,6797;0,6794
06/06/2016 09:00;1,2689;1,2668;0,10805;0,10791;0,6801;0,6796
06/06/2016 09:15;1,2692;1,2671;0,10806;0,10796;0,6799;0,6793
06/06/2016 09:30;1,2706;1,268;0,10815;0,108;0,6801;0,6795
06/06/2016 09:45;1,271;1,2694;0,10811;0,10806;0,6806;0,6801
06/06/2016 10:00;1,2728;1,2702;0,10808;0,10806;0,6804;0,6795
06/06/2016 10:15;1,272;1,2707;0,10814;0,10804;0,6799;0,6794
06/06/2016 10:30;1,2734;1,2712;0,10817;0,10807;0,6802;0,6798
06/06/2016 10:45;1,2712;1,2702;0,10824;0,10817;0,68;0,6796
06/06/2016 11:00;1,2721;1,2708;0,10825;0,10816;0,6801;0,6796
06/06/2016 11:15;1,2723;1,2713;0,10824;0,10819;0,6804;0,68
06/06/2016 11:30;1,2727;1,2708;0,10824;0,10817;0,6807;0,68
06/06/2016 11:45;1,2727;1,2678;0,10824;0,10818;0,6807;0,6803
06/06/2016 12:00;1,2694;1,267;0,1082;0,10812;0,6807;0,6802
06/06/2016 12:15;1,269;1,2673;0,10815;0,10813;0,6807;0,6802
06/06/2016 12:30;1,27;1,2687;0,10815;0,10813;0,681;0,6804
06/06/2016 12:45;1,2707;1,2693;0,10823;0,10814;0,6813;0,6808
06/06/2016 13:00;1,271;1,2698;0,10818;0,10817;0,6812;0,6806
06/06/2016 13:15;1,2714;1,2703;0,10819;0,10816;0,6812;0,6807
06/06/2016 13:30;1,2705;1,2695;0,10818;0,10808;0,6812;0,6808
06/06/2016 13:45;1,2695;1,2684;0,10813;0,10807;0,6813;0,681
06/06/2016 14:00;1,2706;1,2688;0,10817;0,10806;0,682;0,6811
06/06/2016 14:15;1,2705;1,2679;0,10822;0,10814;0,6822;0,6818
06/06/2016 14:30;1,2697;1,2681;0,10818;0,10812;0,682;0,6815
06/06/2016 14:45;1,2701;1,2688;0,10817;0,10812;0,6822;0,6817
06/06/2016 15:00;1,2705;1,2693;0,10822;0,10817;0,6823;0,6818
06/06/2016 15:15;1,2702;1,2694;0,10824;0,10815;0,6823;0,6818
06/06/2016 15:30;1,2709;1,2692;0,10824;0,10821;0,6822;0,6813
06/06/2016 15:45;1,2717;1,2697;0,10828;0,10824;0,6846;0,6815
06/06/2016 16:00;1,2721;1,271;0,10832;0,10825;0,6846;0,6842
06/06/2016 16:15;1,2726;1,2712;0,10842;0,10828;0,6855;0,6846
06/06/2016 16:30;1,2733;1,2721;0,10845;0,10831;0,6856;0,6849
06/06/2016 16:45;1,2733;1,2722;0,1084;0,10834;0,686;0,6849
06/06/2016 17:00;1,2732;1,2724;0,10835;0,10831;0,6855;0,6851
06/06/2016 17:15;1,2734;1,2723;0,10838;0,10833;0,6852;0,6847
06/06/2016 17:30;1,2734;1,2727;0,10839;0,10836;0,6852;0,6846
06/06/2016 17:45;1,2733;1,2722;0,10838;0,10836;0,685;0,6847
06/06/2016 18:00;1,2731;1,2725;0,10837;0,10833;0,6854;0,685
06/06/2016 18:15;1,2734;1,2722;0,10838;0,10831;0,6853;0,6849
06/06/2016 18:30;1,274;1,2717;0,10837;0,10826;0,6855;0,6846
06/06/2016 18:45;1,2722;1,2698;0,10837;0,10826;0,6849;0,6837
06/06/2016 19:00;1,2718;1,2702;0,10829;0,10825;0,6845;0,684
06/06/2016 19:15;1,2717;1,2708;0,10828;0,10826;0,6852;0,6843
06/06/2016 19:30;1,2712;1,2706;0,10827;0,10827;0,6851;0,6847
06/06/2016 19:45;1,2715;1,2702;0,10828;0,10827;0,6856;0,685
06/06/2016 20:00;1,2719;1,2714;0,10828;0,10827;0,6859;0,6855
06/06/2016 20:15;1,2728;1,2717;0,10836;0,10827;0,6871;0,6856
06/06/2016 20:30;1,2726;1,2713;0,10836;0,10832;0,687;0,6863
06/06/2016 20:45;1,2716;1,2711;0,10837;0,10836;0,6864;0,6862
06/06/2016 21:00;1,2716;1,2711;0,10838;0,10837;0,6866;0,6861
06/06/2016 21:15;1,2717;1,2711;0,10837;0,10837;0,6865;0,6862
06/06/2016 21:30;1,2731;1,2715;0,10838;0,10837;0,6871;0,6864
06/06/2016 21:45;1,273;1,2724;0,10838;0,10837;0,6873;0,687
06/06/2016 22:00;1,2728;1,272;0,10838;0,10837;0,6873;0,6867
06/06/2016 22:15;1,2727;1,2722;0,10847;0,10837;0,6869;0,6866
06/06/2016 22:30;1,2727;1,2724;0,10846;0,10835;0,687;0,6866
06/06/2016 22:45;1,2729;1,2712;0,10836;0,10835;0,6871;0,6865
06/06/2016 23:00;1,2721;1,2713;0,10844;0,10833;0,6871;0,6866
06/06/2016 23:15;1,272;1,2715;0,10835;0,10834;0,6868;0,6866
06/06/2016 23:30;1,2724;1,2716;0,10835;0,10834;0,6867;0,6864
06/06/2016 23:45;1,2729;1,272;0,10835;0,10832;0,6869;0,6863
07/06/2016;1,2731;1,2722;0,10834;0,1083;0,6868;0,6864
07/06/2016 00:15;1,2724;1,2718;0,10834;0,10833;0,6867;0,6862
07/06/2016 00:30;1,2727;1,272;0,10834;0,10833;0,6866;0,6863
07/06/2016 00:45;1,2731;1,2725;0,10834;0,10834;0,687;0,6866
07/06/2016 01:00;1,2729;1,2727;0,10834;0,10833;0,6869;0,6867
07/06/2016 01:15;1,2731;1,2728;0,10833;0,10832;0,6871;0,6868
07/06/2016 01:30;1,2733;1,2728;0,10833;0,10832;0,6871;0,6868
07/06/2016 01:45;1,2732;1,2723;0,10833;0,10832;0,6869;0,6867
07/06/2016 02:00;1,2731;1,2723;0,10834;0,10832;0,6868;0,6866
07/06/2016 02:15;1,2731;1,2723;0,10835;0,10833;0,6869;0,6867
07/06/2016 02:30;1,2729;1,2722;0,10834;0,10833;0,6869;0,6867
07/06/2016 02:45;1,2732;1,2726;0,10835;0,10833;0,687;0,6867
07/06/2016 03:00;1,2733;1,2728;0,10836;0,10834;0,6869;0,6865
07/06/2016 03:15;1,2737;1,2732;0,10837;0,10836;0,6868;0,6866
07/06/2016 03:30;1,2736;1,2731;0,10837;0,10836;0,6866;0,6864
07/06/2016 03:45;1,2739;1,2733;0,10837;0,10836;0,6867;0,6863
07/06/2016 04:00;1,2736;1,273;0,10837;0,10836;0,6866;0,6864
07/06/2016 04:15;1,2745;1,273;0,10837;0,10836;0,6867;0,6864
07/06/2016 04:30;1,2744;1,2736;0,10837;0,10837;0,6866;0,6864
07/06/2016 04:45;1,2738;1,2735;0,10838;0,10837;0,6865;0,6863
07/06/2016 05:00;1,274;1,2737;0,10837;0,10836;0,6864;0,6863
07/06/2016 05:15;1,2745;1,2738;0,10837;0,10835;0,6864;0,686
07/06/2016 05:30;1,2751;1,274;0,10836;0,10835;0,6861;0,686
07/06/2016 05:45;1,275;1,2747;0,10836;0,10835;0,6862;0,686
07/06/2016 06:00;1,2861;1,2747;0,10836;0,10834;0,6865;0,6861
07/06/2016 06:15;1,2837;1,2779;0,10835;0,10834;0,6867;0,6863
07/06/2016 06:30;1,2813;1,2778;0,10836;0,10834;0,6869;0,6864
07/06/2016 06:45;1,2792;1,2776;0,10838;0,10835;0,687;0,6866
07/06/2016 07:00;1,2799;1,2785;0,10838;0,10836;0,6871;0,6868
07/06/2016 07:15;1,2791;1,2778;0,10836;0,10832;0,687;0,6867
07/06/2016 07:30;1,2784;1,2772;0,10834;0,1083;0,6868;0,6866
07/06/2016 07:45;1,2778;1,2768;0,10834;0,1083;0,687;0,6865
07/06/2016 08:00;1,2786;1,2775;0,10835;0,1083;0,6871;0,6868
07/06/2016 08:15;1,2788;1,2773;0,10834;0,1083;0,6875;0,6871
07/06/2016 08:30;1,2782;1,2769;0,10833;0,10825;0,6873;0,6868
07/06/2016 08:45;1,2774;1,2763;0,10832;0,10825;0,6872;0,6869
07/06/2016 09:00;1,2786;1,2767;0,1084;0,10832;0,6876;0,6869
07/06/2016 09:15;1,2783;1,2772;0,10841;0,10834;0,6874;0,6868
07/06/2016 09:30;1,2778;1,2769;0,10839;0,10835;0,6876;0,6872
07/06/2016 09:45;1,278;1,277;0,10838;0,10834;0,6883;0,6875
07/06/2016 10:00;1,2804;1,2776;0,10838;0,10836;0,6883;0,688
07/06/2016 10:15;1,2818;1,2794;0,10839;0,10836;0,6882;0,6878
07/06/2016 10:30;1,2835;1,2817;0,1084;0,10838;0,6887;0,6882
07/06/2016 10:45;1,2845;1,2824;0,10839;0,10836;0,6887;0,6883
07/06/2016 11:00;1,2849;1,2832;0,1084;0,10835;0,6891;0,6885
07/06/2016 11:15;1,284;1,2823;0,10841;0,10837;0,6888;0,6881
07/06/2016 11:30;1,2842;1,2821;0,10841;0,10838;0,6885;0,6881
07/06/2016 11:45;1,2848;1,2822;0,10846;0,1084;0,6883;0,6879
07/06/2016 12:00;1,2826;1,2811;0,10845;0,10839;0,6883;0,688
07/06/2016 12:15;1,2832;1,2822;0,10843;0,10838;0,6885;0,6881
07/06/2016 12:30;1,2839;1,2827;0,10842;0,10839;0,6885;0,6882
07/06/2016 12:45;1,2844;1,2828;0,10842;0,10834;0,6887;0,6883
07/06/2016 13:00;1,2846;1,2835;0,10844;0,10835;0,689;0,6885
07/06/2016 13:15;1,2853;1,2841;0,10842;0,10837;0,6898;0,6889
07/06/2016 13:30;1,2858;1,2849;0,10846;0,1084;0,6907;0,6898
07/06/2016 13:45;1,2851;1,2841;0,10845;0,10841;0,6906;0,6897
07/06/2016 14:00;1,2851;1,2839;0,10844;0,10839;0,69;0,6894
07/06/2016 14:15;1,285;1,2841;0,10844;0,10841;0,6895;0,6892
07/06/2016 14:30;1,2847;1,2824;0,10843;0,10839;0,6895;0,6887
07/06/2016 14:45;1,2826;1,2809;0,10842;0,10835;0,6893;0,6887
07/06/2016 15:00;1,2819;1,2808;0,10838;0,10828;0,6889;0,6884
07/06/2016 15:15;1,2821;1,2805;0,10831;0,10825;0,6886;0,6874
07/06/2016 15:30;1,2829;1,2803;0,1083;0,10823;0,6881;0,6871
07/06/2016 15:45;1,2833;1,2824;0,10831;0,10825;0,6884;0,6878
07/06/2016 16:00;1,2847;1,2829;0,10831;0,10824;0,6892;0,6884
07/06/2016 16:15;1,2836;1,2816;0,10834;0,10824;0,6889;0,6883
07/06/2016 16:30;1,282;1,2806;0,10832;0,10822;0,6888;0,6883
07/06/2016 16:45;1,2822;1,28;0,10827;0,10822;0,6887;0,6876
07/06/2016 17:00;1,2832;1,2817;0,10826;0,1082;0,6887;0,688
07/06/2016 17:15;1,2842;1,2827;0,10825;0,1082;0,6896;0,6883
07/06/2016 17:30;1,2846;1,2839;0,10825;0,10821;0,6896;0,689
07/06/2016 17:45;1,2843;1,2824;0,10824;0,10821;0,6892;0,6886
07/06/2016 18:00;1,2831;1,2825;0,10823;0,10821;0,689;0,6885
07/06/2016 18:15;1,2828;1,2823;0,10823;0,10821;0,6889;0,6884
07/06/2016 18:30;1,2831;1,2825;0,10825;0,10823;0,6892;0,6887
07/06/2016 18:45;1,2829;1,2819;0,10825;0,10825;0,6893;0,6887
07/06/2016 19:00;1,2822;1,2819;0,10825;0,10822;0,6889;0,6886
07/06/2016 19:15;1,2823;1,2816;0,10825;0,10822;0,6889;0,6887
07/06/2016 19:30;1,2817;1,2812;0,10825;0,10823;0,6889;0,6887
07/06/2016 19:45;1,2814;1,2806;0,10829;0,10825;0,6889;0,6887
07/06/2016 20:00;1,2808;1,2803;0,10829;0,10827;0,6889;0,6885
07/06/2016 20:15;1,2808;1,2807;0,10827;0,10827;0,6893;0,6888
07/06/2016 20:30;1,2812;1,2807;0,10832;0,10827;0,6894;0,6891
07/06/2016 20:45;1,2816;1,2803;0,10836;0,10829;0,6896;0,689
07/06/2016 21:00;1,2809;1,2804;0,10835;0,10831;0,6897;0,6894
07/06/2016 21:15;1,2807;1,2802;0,10832;0,10831;0,6899;0,6897
07/06/2016 21:30;1,2804;1,2799;0,10833;0,10831;0,69;0,6895
07/06/2016 21:45;1,2805;1,2801;0,10834;0,10832;0,6897;0,6894
07/06/2016 22:00;1,2806;1,2801;0,10833;0,10827;0,6897;0,6894
07/06/2016 22:15;1,2806;1,28;0,10828;0,10825;0,6901;0,6896
07/06/2016 22:30;1,2802;1,28;0,10827;0,10825;0,6901;0,6897
07/06/2016 22:45;1,2808;1,2799;0,10831;0,10827;0,6914;0,6901
07/06/2016 23:00;1,2806;1,2801;0,10831;0,1083;0,6913;0,6906
07/06/2016 23:15;1,2804;1,2801;0,10831;0,1083;0,6907;0,6901
07/06/2016 23:30;1,2805;1,2803;0,10831;0,10829;0,6906;0,6902
07/06/2016 23:45;1,2807;1,2801;0,10832;0,1083;0,6904;0,6902
08/06/2016;1,2805;1,2802;0,10833;0,10831;0,6904;0,6902
08/06/2016 00:15;1,2804;1,2798;0,10832;0,10831;0,6904;0,6902
08/06/2016 00:30;1,2802;1,2798;0,10832;0,10832;0,6904;0,6902
08/06/2016 00:45;1,2804;1,2801;0,10832;0,10832;0,6906;0,6904
08/06/2016 01:00;1,2805;1,2801;0,10832;0,10832;0,6906;0,6903
08/06/2016 01:15;1,2806;1,2799;0,10833;0,10832;0,6904;0,6901
08/06/2016 01:30;1,2806;1,2799;0,10833;0,10833;0,6902;0,6901
08/06/2016 01:45;1,2807;1,2801;0,10833;0,10832;0,6904;0,6899
08/06/2016 02:00;1,2808;1,2794;0,10834;0,10833;0,6906;0,6901
08/06/2016 02:15;1,28;1,2795;0,10834;0,10832;0,6907;0,6903
08/06/2016 02:30;1,2806;1,2796;0,10833;0,10831;0,691;0,6906
08/06/2016 02:45;1,2806;1,2802;0,10833;0,10831;0,6909;0,6905
08/06/2016 03:00;1,2809;1,2799;0,10833;0,10831;0,6907;0,6904
08/06/2016 03:15;1,2806;1,2798;0,10833;0,10831;0,6905;0,6902
08/06/2016 03:30;1,2801;1,2788;0,10832;0,10831;0,6905;0,6903
08/06/2016 03:45;1,2796;1,2786;0,10834;0,10832;0,6904;0,6902
08/06/2016 04:00;1,2795;1,2786;0,10834;0,10825;0,6903;0,69
08/06/2016 04:15;1,2796;1,2792;0,1083;0,10828;0,6902;0,69
08/06/2016 04:30;1,2796;1,2792;0,1083;0,10829;0,6902;0,69
08/06/2016 04:45;1,2795;1,2791;0,1083;0,10829;0,6904;0,6901
08/06/2016 05:00;1,2797;1,2791;0,10832;0,1083;0,6908;0,6903
08/06/2016 05:15;1,2804;1,2795;0,10832;0,10831;0,691;0,6907
08/06/2016 05:30;1,2806;1,28;0,10833;0,10831;0,6908;0,6907
08/06/2016 05:45;1,2811;1,2804;0,10833;0,10831;0,6912;0,6908
08/06/2016 06:00;1,2809;1,2801;0,10832;0,10831;0,6911;0,6909
08/06/2016 06:15;1,2806;1,2803;0,10832;0,10831;0,691;0,6909
08/06/2016 06:30;1,2806;1,2793;0,10832;0,10832;0,691;0,6907
08/06/2016 06:45;1,2798;1,2791;0,10834;0,10832;0,6908;0,6906
08/06/2016 07:00;1,2798;1,2793;0,10834;0,10833;0,6909;0,6907
08/06/2016 07:15;1,2798;1,2794;0,10834;0,10833;0,6909;0,6907
08/06/2016 07:30;1,2798;1,2795;0,10833;0,1083;0,6909;0,6907
08/06/2016 07:45;1,2808;1,2798;0,10834;0,1083;0,6913;0,6909
08/06/2016 08:00;1,281;1,2802;0,10833;0,10832;0,6913;0,691
08/06/2016 08:15;1,2807;1,2797;0,10834;0,10833;0,6912;0,6909
08/06/2016 08:30;1,2803;1,2794;0,10836;0,10833;0,6911;0,6907
08/06/2016 08:45;1,2798;1,2787;0,10839;0,10836;0,6908;0,6905
08/06/2016 09:00;1,2794;1,2773;0,10836;0,10833;0,6906;0,6902
08/06/2016 09:15;1,2789;1,2781;0,10839;0,10833;0,6904;0,6901
08/06/2016 09:30;1,2798;1,2778;0,10841;0,10835;0,6907;0,6903
08/06/2016 09:45;1,2789;1,2754;0,10838;0,10834;0,691;0,6906
08/06/2016 10:00;1,2779;1,2772;0,10835;0,10831;0,6911;0,6909
08/06/2016 10:15;1,2787;1,2773;0,10834;0,1083;0,6915;0,6912
08/06/2016 10:30;1,2823;1,2786;0,10834;0,10827;0,6917;0,6912
08/06/2016 10:45;1,2799;1,2781;0,10829;0,10825;0,6915;0,6911
08/06/2016 11:00;1,2786;1,2776;0,10832;0,10828;0,6914;0,6912
08/06/2016 11:15;1,2798;1,2785;0,10834;0,10832;0,6917;0,6914
08/06/2016 11:30;1,2791;1,2783;0,10835;0,10834;0,6917;0,6914
08/06/2016 11:45;1,2796;1,2783;0,10835;0,10833;0,6918;0,6913
08/06/2016 12:00;1,2796;1,2786;0,10833;0,10828;0,6918;0,6911
08/06/2016 12:15;1,281;1,2796;0,10834;0,10831;0,6929;0,6917
08/06/2016 12:30;1,2808;1,2801;0,10834;0,10831;0,6928;0,6924
08/06/2016 12:45;1,2814;1,2804;0,10835;0,10831;0,6927;0,6924
08/06/2016 13:00;1,2814;1,2804;0,10835;0,10831;0,6935;0,6925
08/06/2016 13:15;1,281;1,2793;0,10836;0,10832;0,6936;0,6933
08/06/2016 13:30;1,28;1,2792;0,10835;0,10833;0,6939;0,6934
08/06/2016 13:45;1,2828;1,2798;0,10837;0,10835;0,6941;0,6936
08/06/2016 14:00;1,2826;1,2796;0,10836;0,10835;0,6937;0,693
08/06/2016 14:15;1,282;1,2805;0,10837;0,10835;0,6933;0,6927
08/06/2016 14:30;1,2808;1,2794;0,10837;0,10834;0,6928;0,692
08/06/2016 14:45;1,2805;1,2784;0,10836;0,10833;0,6926;0,6922
08/06/2016 15:00;1,2796;1,278;0,10834;0,10832;0,6924;0,692
08/06/2016 15:15;1,2794;1,2783;0,10834;0,10831;0,692;0,6917
08/06/2016 15:30;1,279;1,2776;0,10834;0,10828;0,6923;0,6913
08/06/2016 15:45;1,2786;1,277;0,10831;0,10827;0,6923;0,692
08/06/2016 16:00;1,2777;1,2758;0,10826;0,10821;0,6922;0,6913
08/06/2016 16:15;1,2768;1,276;0,10824;0,10818;0,6916;0,6908
08/06/2016 16:30;1,2774;1,276;0,1083;0,10823;0,6917;0,6907
08/06/2016 16:45;1,2776;1,2765;0,10829;0,10824;0,6917;0,691
08/06/2016 17:00;1,2782;1,2773;0,10827;0,10817;0,6921;0,6907
08/06/2016 17:15;1,2781;1,2765;0,10821;0,10817;0,6914;0,6905
08/06/2016 17:30;1,2769;1,2754;0,10821;0,10817;0,6908;0,6905
08/06/2016 17:45;1,2759;1,2752;0,10818;0,10815;0,6909;0,6904
08/06/2016 18:00;1,2769;1,2758;0,10815;0,10809;0,6912;0,6906
08/06/2016 18:15;1,2767;1,2761;0,10814;0,10809;0,6906;0,6903
08/06/2016 18:30;1,2764;1,2755;0,10814;0,10814;0,6906;0,6902
08/06/2016 18:45;1,276;1,2749;0,10816;0,10814;0,6904;0,6901
08/06/2016 19:00;1,275;1,274;0,10815;0,10814;0,6903;0,6896
08/06/2016 19:15;1,2742;1,273;0,10814;0,1081;0,6898;0,6893
08/06/2016 19:30;1,2736;1,2727;0,10812;0,10808;0,6898;0,6894
08/06/2016 19:45;1,2731;1,2726;0,10814;0,10812;0,69;0,6896
08/06/2016 20:00;1,2732;1,2724;0,10816;0,10812;0,6901;0,6898
08/06/2016 20:15;1,2733;1,2727;0,10817;0,10815;0,6904;0,69
08/06/2016 20:30;1,2733;1,2723;0,10818;0,10816;0,6904;0,6901
08/06/2016 20:45;1,2727;1,2723;0,10819;0,10817;0,6909;0,6901
08/06/2016 21:00;1,2729;1,2724;0,10819;0,10812;0,6909;0,6907
08/06/2016 21:15;1,2731;1,2724;0,10814;0,10812;0,691;0,6908
08/06/2016 21:30;1,2736;1,273;0,10814;0,10813;0,691;0,6909
08/06/2016 21:45;1,2736;1,2728;0,10815;0,10814;0,6913;0,6909
08/06/2016 22:00;1,2732;1,2728;0,10818;0,10815;0,6915;0,691
08/06/2016 22:15;1,2732;1,2727;0,10818;0,10817;0,6915;0,6913
08/06/2016 22:30;1,2732;1,2727;0,10818;0,10818;0,6914;0,6912
08/06/2016 22:45;1,2731;1,2727;0,10821;0,10818;0,6916;0,6914
08/06/2016 23:00;1,2736;1,2728;0,10822;0,10818;0,6916;0,6912
08/06/2016 23:15;1,2737;1,2732;0,1082;0,10819;0,6916;0,6913
08/06/2016 23:30;1,2734;1,273;0,10822;0,10819;0,6914;0,6912
08/06/2016 23:45;1,2736;1,273;0,10822;0,10818;0,6916;0,6912
09/06/2016;1,2733;1,2724;0,10823;0,10814;0,6914;0,691
09/06/2016 00:15;1,2731;1,2725;0,1082;0,10818;0,6913;0,691
09/06/2016 00:30;1,2735;1,2727;0,10821;0,10819;0,6912;0,691
09/06/2016 00:45;1,273;1,2727;0,10821;0,10818;0,6912;0,6911
09/06/2016 01:00;1,2736;1,2729;0,1082;0,10818;0,6915;0,6911
09/06/2016 01:15;1,2738;1,2734;0,1082;0,10818;0,6915;0,6914
09/06/2016 01:30;1,2736;1,2732;0,1082;0,10818;0,6917;0,6914
09/06/2016 01:45;1,2738;1,2727;0,1082;0,10819;0,6918;0,6912
09/06/2016 02:00;1,273;1,2725;0,1082;0,10815;0,6916;0,6913
09/06/2016 02:15;1,2735;1,2726;0,1082;0,10818;0,6921;0,6915
09/06/2016 02:30;1,2733;1,2729;0,10821;0,1082;0,6922;0,6918
09/06/2016 02:45;1,2732;1,2726;0,1082;0,10819;0,6918;0,6912
09/06/2016 03:00;1,2732;1,2723;0,1082;0,10819;0,6914;0,6911
09/06/2016 03:15;1,2726;1,272;0,1082;0,10819;0,6918;0,6914
09/06/2016 03:30;1,2725;1,2711;0,1082;0,10819;0,6917;0,6914
09/06/2016 03:45;1,272;1,2704;0,10819;0,10818;0,6916;0,6909
09/06/2016 04:00;1,2714;1,2706;0,10819;0,10818;0,6911;0,6909
09/06/2016 04:15;1,2711;1,2707;0,10819;0,10818;0,6912;0,6909
09/06/2016 04:30;1,2709;1,2706;0,10819;0,10818;0,691;0,6908
09/06/2016 04:45;1,2709;1,2705;0,10819;0,10818;0,691;0,6908
09/06/2016 05:00;1,2712;1,2707;0,10819;0,10819;0,6911;0,6909
09/06/2016 05:15;1,2711;1,2709;0,10819;0,10818;0,691;0,6909
09/06/2016 05:30;1,2717;1,2711;0,10819;0,10819;0,6911;0,6908
09/06/2016 05:45;1,2721;1,2715;0,1082;0,10819;0,6913;0,6909
09/06/2016 06:00;1,272;1,2709;0,1082;0,10819;0,6913;0,6912
09/06/2016 06:15;1,2714;1,2707;0,1082;0,10819;0,6913;0,6911
09/06/2016 06:30;1,2713;1,271;0,1082;0,10819;0,6912;0,691
09/06/2016 06:45;1,2718;1,2711;0,1082;0,10818;0,6913;0,6911
09/06/2016 07:00;1,2725;1,2718;0,10818;0,10818;0,6917;0,6913
09/06/2016 07:15;1,2733;1,2724;0,10818;0,10816;0,6917;0,6915
09/06/2016 07:30;1,2732;1,2727;0,10816;0,10815;0,6917;0,6915
09/06/2016 07:45;1,2727;1,2723;0,10816;0,10815;0,6917;0,6915
09/06/2016 08:00;1,2732;1,2723;0,10821;0,10818;0,6918;0,6914
09/06/2016 08:15;1,2743;1,2728;0,10823;0,10817;0,6919;0,6913
09/06/2016 08:30;1,2746;1,2737;0,10822;0,10818;0,6921;0,6918
09/06/2016 08:45;1,2742;1,2736;0,10829;0,10821;0,6923;0,6919
09/06/2016 09:00;1,2736;1,2712;0,10826;0,10818;0,6922;0,6917
09/06/2016 09:15;1,2719;1,2698;0,10822;0,10816;0,6917;0,6912
09/06/2016 09:30;1,2708;1,2692;0,1082;0,10813;0,6918;0,6912
09/06/2016 09:45;1,2711;1,2694;0,10815;0,10803;0,6913;0,6906
09/06/2016 10:00;1,2714;1,2702;0,10813;0,10804;0,6912;0,6906
09/06/2016 10:15;1,2735;1,2707;0,10812;0,10802;0,6919;0,6912
09/06/2016 10:30;1,2737;1,2716;0,10805;0,108;0,6918;0,6914
09/06/2016 10:45;1,2735;1,272;0,108;0,1079;0,6921;0,6916
09/06/2016 11:00;1,2738;1,2725;0,10802;0,10795;0,6921;0,6916
09/06/2016 11:15;1,2741;1,2723;0,10802;0,10791;0,6917;0,6912
09/06/2016 11:30;1,2733;1,2722;0,10798;0,10794;0,692;0,6915
09/06/2016 11:45;1,2737;1,2727;0,10801;0,10794;0,6921;0,6918
09/06/2016 12:00;1,2744;1,2729;0,10801;0,10796;0,6919;0,6914
09/06/2016 12:15;1,275;1,2733;0,10802;0,10796;0,6922;0,6915
09/06/2016 12:30;1,2742;1,2733;0,10814;0,10799;0,692;0,6916
09/06/2016 12:45;1,2757;1,2735;0,10821;0,10813;0,6928;0,6918
09/06/2016 13:00;1,2767;1,2751;0,10821;0,10817;0,6931;0,6925
09/06/2016 13:15;1,2764;1,2755;0,10821;0,10816;0,6932;0,6927
09/06/2016 13:30;1,2762;1,2755;0,10822;0,10819;0,6929;0,6918
09/06/2016 13:45;1,2762;1,2748;0,10823;0,10813;0,6919;0,6911
09/06/2016 14:00;1,2756;1,2745;0,10819;0,10814;0,6916;0,691
09/06/2016 14:15;1,2753;1,2743;0,10822;0,10812;0,6917;0,6911
09/06/2016 14:30;1,2779;1,2749;0,1082;0,10814;0,692;0,6912
09/06/2016 14:45;1,2801;1,2773;0,1082;0,10818;0,693;0,6918
09/06/2016 15:00;1,2809;1,2794;0,10819;0,10817;0,693;0,6923
09/06/2016 15:15;1,2806;1,2785;0,10815;0,10813;0,6933;0,6927
09/06/2016 15:30;1,2792;1,2778;0,10817;0,10814;0,6936;0,6933
09/06/2016 15:45;1,2783;1,2773;0,10817;0,10814;0,6936;0,693
09/06/2016 16:00;1,2792;1,2777;0,10822;0,10812;0,6943;0,6935
09/06/2016 16:15;1,2792;1,2785;0,10816;0,10812;0,6943;0,694
09/06/2016 16:30;1,2791;1,2785;0,10815;0,10812;0,6943;0,6939
09/06/2016 16:45;1,2798;1,2772;0,10814;0,10807;0,6951;0,6942
09/06/2016 17:00;1,2785;1,2768;0,1081;0,10804;0,6942;0,6939
09/06/2016 17:15;1,2777;1,2766;0,10812;0,10805;0,6941;0,6937
09/06/2016 17:30;1,2784;1,2775;0,10805;0,10794;0,6942;0,6938
09/06/2016 17:45;1,2781;1,2769;0,10804;0,10795;0,6939;0,6933
09/06/2016 18:00;1,2779;1,2768;0,10806;0,108;0,6939;0,6932
09/06/2016 18:15;1,2774;1,2769;0,10807;0,10801;0,694;0,6936
09/06/2016 18:30;1,2785;1,2773;0,10807;0,10803;0,6941;0,6937
09/06/2016 18:45;1,2784;1,2776;0,10806;0,10803;0,6943;0,6939
09/06/2016 19:00;1,2779;1,2771;0,10805;0,10803;0,6943;0,6939
09/06/2016 19:15;1,2787;1,2777;0,10805;0,10803;0,6948;0,6943
09/06/2016 19:30;1,2782;1,2776;0,10802;0,10799;0,6947;0,6942
09/06/2016 19:45;1,2778;1,2773;0,10799;0,10796;0,6942;0,694
09/06/2016 20:00;1,2776;1,277;0,10806;0,108;0,6941;0,6938
09/06/2016 20:15;1,2779;1,2772;0,10806;0,10803;0,6942;0,694
09/06/2016 20:30;1,2779;1,2774;0,10803;0,10801;0,6941;0,6939
09/06/2016 20:45;1,2784;1,2777;0,10802;0,108;0,6943;0,6941
09/06/2016 21:00;1,2782;1,2776;0,10801;0,108;0,6945;0,6943
09/06/2016 21:15;1,278;1,2777;0,10801;0,108;0,6945;0,6943
09/06/2016 21:30;1,2792;1,2779;0,10802;0,10801;0,6946;0,6943
09/06/2016 21:45;1,2797;1,2791;0,10804;0,10801;0,6949;0,6945
09/06/2016 22:00;1,2802;1,2792;0,10805;0,10802;0,6951;0,6947
09/06/2016 22:15;1,28;1,2786;0,10806;0,10805;0,695;0,6947
09/06/2016 22:30;1,2789;1,2782;0,10807;0,10805;0,6951;0,6947
09/06/2016 22:45;1,2783;1,2769;0,10807;0,10803;0,6949;0,6944
09/06/2016 23:00;1,278;1,2773;0,1081;0,10808;0,6948;0,6945
09/06/2016 23:15;1,2776;1,2768;0,1081;0,10809;0,6948;0,6944
09/06/2016 23:30;1,2776;1,277;0,10811;0,10807;0,6947;0,6945
09/06/2016 23:45;1,2783;1,2773;0,10809;0,10807;0,6947;0,6943
10/06/2016;1,2778;1,2774;0,10807;0,10802;0,6945;0,6943
10/06/2016 00:15;1,2779;1,2776;0,10803;0,10803;0,6944;0,6943
10/06/2016 00:30;1,2781;1,2776;0,10803;0,10803;0,6946;0,6944
10/06/2016 00:45;1,2784;1,2779;0,10803;0,10803;0,6946;0,6945
10/06/2016 01:00;1,2785;1,2783;0,10805;0,10803;0,6947;0,6946
10/06/2016 01:15;1,2788;1,2781;0,10805;0,10804;0,6948;0,6945
10/06/2016 01:30;1,2789;1,2782;0,10805;0,10802;0,6949;0,6944
10/06/2016 01:45;1,2789;1,2781;0,10803;0,10802;0,6945;0,6944
10/06/2016 02:00;1,2788;1,2781;0,10803;0,10801;0,6944;0,6942
10/06/2016 02:15;1,2797;1,2784;0,10803;0,10801;0,6951;0,6945
10/06/2016 02:30;1,2792;1,2787;0,10802;0,10801;0,6949;0,6947
10/06/2016 02:45;1,2794;1,2787;0,10801;0,10801;0,695;0,6947
10/06/2016 03:00;1,2795;1,279;0,10802;0,10801;0,6949;0,6948
10/06/2016 03:15;1,2791;1,2787;0,10802;0,10802;0,695;0,6947
10/06/2016 03:30;1,2791;1,2787;0,10803;0,10802;0,6951;0,695
10/06/2016 03:45;1,2794;1,2791;0,10803;0,10802;0,6952;0,695
10/06/2016 04:00;1,2796;1,2792;0,10803;0,10802;0,6953;0,695
10/06/2016 04:15;1,2795;1,2794;0,10803;0,10802;0,6953;0,695
10/06/2016 04:30;1,2795;1,2792;0,10802;0,10801;0,6951;0,695
10/06/2016 04:45;1,2796;1,2792;0,10802;0,10802;0,6951;0,6949
10/06/2016 05:00;1,2795;1,279;0,10802;0,10802;0,6951;0,6949
10/06/2016 05:15;1,2792;1,279;0,10802;0,10802;0,6952;0,6949
10/06/2016 05:30;1,2794;1,2787;0,10802;0,10801;0,6954;0,6952
10/06/2016 05:45;1,2789;1,2785;0,10802;0,108;0,6954;0,6951
10/06/2016 06:00;1,2793;1,2786;0,108;0,108;0,6952;0,6951
10/06/2016 06:15;1,2793;1,279;0,10802;0,108;0,6952;0,695
10/06/2016 06:30;1,2791;1,2788;0,10802;0,10802;0,6951;0,6949
10/06/2016 06:45;1,2794;1,2787;0,10802;0,10801;0,695;0,6947
10/06/2016 07:00;1,2795;1,2788;0,10802;0,10801;0,6951;0,6948
10/06/2016 07:15;1,2791;1,2786;0,10802;0,10801;0,6952;0,6951
10/06/2016 07:30;1,2792;1,2788;0,10802;0,10801;0,6952;0,6951
10/06/2016 07:45;1,279;1,2779;0,10802;0,10801;0,6952;0,6951
10/06/2016 08:00;1,2801;1,2788;0,10807;0,10802;0,6956;0,6951
10/06/2016 08:15;1,2805;1,2793;0,10807;0,108;0,6956;0,6952
10/06/2016 08:30;1,2796;1,279;0,108;0,10791;0,6953;0,695
10/06/2016 08:45;1,2796;1,2785;0,10792;0,10781;0,6953;0,6948
10/06/2016 09:00;1,2785;1,2746;0,10788;0,10782;0,6949;0,6945
10/06/2016 09:15;1,2763;1,2734;0,10789;0,1078;0,6948;0,6941
10/06/2016 09:30;1,2769;1,2754;0,1078;0,10777;0,694;0,6936
10/06/2016 09:45;1,2768;1,2743;0,1078;0,10777;0,6938;0,6934
10/06/2016 10:00;1,2773;1,2756;0,10781;0,10771;0,694;0,6937
10/06/2016 10:15;1,2778;1,2761;0,10774;0,10766;0,6944;0,6938
10/06/2016 10:30;1,2776;1,2759;0,10774;0,10764;0,6943;0,6938
10/06/2016 10:45;1,2779;1,2768;0,10774;0,10766;0,6939;0,6936
10/06/2016 11:00;1,2787;1,2773;0,10773;0,10768;0,6942;0,6938
10/06/2016 11:15;1,279;1,2777;0,10769;0,10766;0,6944;0,6938
10/06/2016 11:30;1,2793;1,2783;0,10767;0,10762;0,6948;0,6941
10/06/2016 11:45;1,2794;1,2782;0,10766;0,10761;0,6952;0,6946
10/06/2016 12:00;1,2788;1,2773;0,10764;0,10753;0,6953;0,695
10/06/2016 12:15;1,2783;1,2771;0,10754;0,10746;0,6953;0,695
10/06/2016 12:30;1,2779;1,277;0,1075;0,1074;0,6953;0,6948
10/06/2016 12:45;1,2774;1,276;0,10743;0,10734;0,6952;0,6946
10/06/2016 13:00;1,2769;1,2749;0,1074;0,10735;0,6948;0,6944
10/06/2016 13:15;1,276;1,2748;0,10739;0,10736;0,6946;0,6941
10/06/2016 13:30;1,2757;1,2746;0,10734;0,10719;0,6943;0,6941
10/06/2016 13:45;1,2752;1,2732;0,1073;0,10717;0,6943;0,694
10/06/2016 14:00;1,2743;1,2736;0,10733;0,10719;0,6942;0,6936
10/06/2016 14:15;1,275;1,2738;0,10733;0,10725;0,694;0,6935
10/06/2016 14:30;1,2755;1,2747;0,10734;0,10722;0,6982;0,6951
10/06/2016 14:45;1,2749;1,2735;0,10727;0,10719;0,6976;0,6968
10/06/2016 15:00;1,2745;1,2735;0,10721;0,10715;0,6979;0,6968
10/06/2016 15:15;1,275;1,2734;0,10727;0,10721;0,6978;0,6973
10/06/2016 15:30;1,2745;1,2689;0,10733;0,10716;0,6979;0,6968
10/06/2016 15:45;1,2715;1,2702;0,10729;0,10714;0,6971;0,6962
10/06/2016 16:00;1,2711;1,2676;0,10731;0,10715;0,6971;0,6955
10/06/2016 16:15;1,2698;1,2678;0,10711;0,10697;0,6965;0,6953
10/06/2016 16:30;1,2706;1,2691;0,10712;0,10705;0,6963;0,6954
10/06/2016 16:45;1,2695;1,2681;0,10718;0,10711;0,6953;0,6944
10/06/2016 17:00;1,2706;1,2682;0,10717;0,10703;0,6952;0,6947
10/06/2016 17:15;1,271;1,2699;0,10713;0,10702;0,6955;0,6948
10/06/2016 17:30;1,2727;1,2708;0,10717;0,10714;0,6964;0,6956
10/06/2016 17:45;1,2724;1,2711;0,10717;0,10709;0,6963;0,696
10/06/2016 18:00;1,2723;1,2711;0,10713;0,10703;0,6962;0,6958
10/06/2016 18:15;1,2711;1,27;0,10704;0,10702;0,6961;0,6956
10/06/2016 18:30;1,2711;1,2698;0,10705;0,10703;0,6959;0,6954
10/06/2016 18:45;1,2714;1,2704;0,10711;0,10703;0,6955;0,6952
10/06/2016 19:00;1,2722;1,2708;0,10711;0,10708;0,696;0,6952
10/06/2016 19:15;1,2728;1,272;0,10713;0,1071;0,696;0,6958
10/06/2016 19:30;1,2734;1,2679;0,10712;0,10707;0,6959;0,6957
10/06/2016 19:45;1,2684;1,2607;0,10707;0,10698;0,696;0,6955
10/06/2016 20:00;1,2674;1,2643;0,10698;0,10688;0,6957;0,6953
10/06/2016 20:15;1,2665;1,2642;0,107;0,10696;0,6957;0,6951
10/06/2016 20:30;1,2673;1,2644;0,10697;0,10695;0,6961;0,6956
10/06/2016 20:45;1,2671;1,2661;0,107;0,10697;0,6961;0,6956
10/06/2016 21:00;1,2668;1,266;0,10701;0,10697;0,6959;0,6956
10/06/2016 21:15;1,2672;1,2661;0,10701;0,10692;0,6962;0,6957
10/06/2016 21:30;1,2672;1,2663;0,10698;0,10688;0,6965;0,6961
10/06/2016 21:45;1,2672;1,2662;0,10692;0,10689;0,6966;0,6961
10/06/2016 22:00;1,2676;1,2669;0,10696;0,10686;0,6967;0,6965
10/06/2016 22:15;1,2686;1,2672;0,10704;0,10691;0,6966;0,6962
10/06/2016 22:30;1,2684;1,2677;0,10699;0,10693;0,6964;0,6962
10/06/2016 22:45;1,2686;1,2668;0,10698;0,10693;0,6964;0,6953
12/06/2016 21:00;1,2663;1,2628;0,10703;0,10701;0,698;0,6948
12/06/2016 21:15;1,2637;1,262;0,10707;0,10701;0,6953;0,6947
12/06/2016 21:30;1,2648;1,2632;0,10704;0,10697;0,6953;0,6951
12/06/2016 21:45;1,265;1,2643;0,10704;0,10699;0,6955;0,6953
12/06/2016 22:00;1,2668;1,2648;0,10704;0,10701;0,6953;0,6949
12/06/2016 22:15;1,2669;1,2663;0,10704;0,10702;0,6951;0,6949
12/06/2016 22:30;1,2681;1,2667;0,10713;0,10704;0,6951;0,6948
12/06/2016 22:45;1,2683;1,2677;0,10714;0,1071;0,6949;0,6947
12/06/2016 23:00;1,2691;1,2664;0,10716;0,10707;0,6955;0,6947
12/06/2016 23:15;1,2666;1,2653;0,10712;0,1071;0,6957;0,6955
12/06/2016 23:30;1,2666;1,2655;0,10711;0,10707;0,6956;0,6954
12/06/2016 23:45;1,2667;1,2658;0,10709;0,10707;0,6956;0,6952
13/06/2016;1,2663;1,2643;0,10709;0,10707;0,6959;0,6955
13/06/2016 00:15;1,2648;1,2636;0,10708;0,10705;0,6959;0,6953
13/06/2016 00:30;1,2653;1,264;0,10708;0,10705;0,6959;0,6954
13/06/2016 00:45;1,2647;1,2643;0,10707;0,10704;0,6957;0,6953
13/06/2016 01:00;1,2648;1,2639;0,10708;0,10705;0,6962;0,6957
13/06/2016 01:15;1,2644;1,2633;0,10707;0,10706;0,6963;0,696
13/06/2016 01:30;1,2634;1,2601;0,10706;0,10705;0,6961;0,6957
13/06/2016 01:45;1,2629;1,2602;0,10705;0,10704;0,6963;0,6959
13/06/2016 02:00;1,2642;1,2625;0,10704;0,10703;0,6962;0,6957
13/06/2016 02:15;1,2646;1,263;0,10703;0,10703;0,6957;0,6955
13/06/2016 02:30;1,2645;1,2635;0,10703;0,10695;0,6955;0,6952
13/06/2016 02:45;1,2646;1,2638;0,10699;0,10697;0,6956;0,6951
13/06/2016 03:00;1,2647;1,2631;0,10698;0,10697;0,6953;0,695
13/06/2016 03:15;1,2639;1,2616;0,10701;0,10697;0,6954;0,695
13/06/2016 03:30;1,2635;1,2613;0,107;0,10699;0,6953;0,6951
13/06/2016 03:45;1,2634;1,2617;0,10699;0,10695;0,6952;0,6949
13/06/2016 04:00;1,2631;1,2616;0,10696;0,10693;0,6953;0,6949
13/06/2016 04:15;1,2624;1,2615;0,10694;0,10692;0,695;0,6948
13/06/2016 04:30;1,2621;1,2609;0,10696;0,10692;0,6949;0,6947
13/06/2016 04:45;1,2622;1,2612;0,10696;0,10696;0,6949;0,6947
13/06/2016 05:00;1,2622;1,2613;0,10696;0,10696;0,695;0,6948
13/06/2016 05:15;1,2619;1,261;0,10699;0,10696;0,6949;0,6947
13/06/2016 05:30;1,2616;1,2608;0,10697;0,10696;0,6947;0,6943
13/06/2016 05:45;1,2625;1,2609;0,10697;0,10693;0,6943;0,694
13/06/2016 06:00;1,2622;1,2613;0,10694;0,10693;0,6942;0,694
13/06/2016 06:15;1,2619;1,2607;0,10697;0,10694;0,6943;0,6941
13/06/2016 06:30;1,2617;1,2602;0,10697;0,10697;0,6943;0,6942
13/06/2016 06:45;1,262;1,2609;0,10697;0,10696;0,6941;0,6939
13/06/2016 07:00;1,2619;1,2605;0,10697;0,10696;0,6942;0,694
13/06/2016 07:15;1,2622;1,2611;0,10698;0,10697;0,6942;0,6938
13/06/2016 07:30;1,2625;1,2612;0,10699;0,10698;0,6942;0,6939
13/06/2016 07:45;1,2625;1,2615;0,10701;0,10699;0,6944;0,6942
13/06/2016 08:00;1,2627;1,2613;0,10704;0,107;0,6945;0,6942
13/06/2016 08:15;1,2632;1,2617;0,10708;0,10704;0,6946;0,6942
13/06/2016 08:30;1,2619;1,2587;0,10713;0,10703;0,6944;0,6941
13/06/2016 08:45;1,2603;1,2579;0,10718;0,10711;0,6944;0,6941
13/06/2016 09:00;1,2599;1,2583;0,10722;0,1071;0,6948;0,6942
13/06/2016 09:15;1,2616;1,2592;0,10715;0,10706;0,6953;0,6946
13/06/2016 09:30;1,2617;1,2588;0,10716;0,10705;0,6954;0,6948
13/06/2016 09:45;1,26;1,2583;0,10709;0,10703;0,6951;0,6947
13/06/2016 10:00;1,26;1,2586;0,10713;0,10705;0,6951;0,6945
13/06/2016 10:15;1,26;1,2585;0,10724;0,10712;0,6953;0,695
13/06/2016 10:30;1,2587;1,2541;0,1073;0,10722;0,6953;0,6945
13/06/2016 10:45;1,2561;1,2546;0,10734;0,10722;0,6945;0,6941
13/06/2016 11:00;1,2554;1,2522;0,10731;0,10717;0,6942;0,6936
13/06/2016 11:15;1,2544;1,2522;0,1072;0,10716;0,6943;0,6938
13/06/2016 11:30;1,2549;1,2526;0,10723;0,10717;0,6953;0,6943
13/06/2016 11:45;1,257;1,2544;0,10723;0,10721;0,6954;0,6952
13/06/2016 12:00;1,2575;1,2565;0,10731;0,10722;0,6954;0,695
13/06/2016 12:15;1,257;1,255;0,1073;0,10725;0,6953;0,6949
13/06/2016 12:30;1,2573;1,2562;0,10725;0,10713;0,6949;0,6942
13/06/2016 12:45;1,2578;1,2561;0,10717;0,10713;0,6944;0,6941
13/06/2016 13:00;1,2584;1,2559;0,1072;0,10708;0,6948;0,6941
13/06/2016 13:15;1,2592;1,2578;0,1072;0,10719;0,6947;0,6941
13/06/2016 13:30;1,2592;1,2575;0,10724;0,10716;0,6949;0,6941
13/06/2016 13:45;1,2585;1,2572;0,10724;0,10719;0,695;0,6946
13/06/2016 14:00;1,2583;1,2574;0,10723;0,10717;0,6953;0,6949
13/06/2016 14:15;1,259;1,2572;0,10724;0,10718;0,695;0,6946
13/06/2016 14:30;1,2592;1,2582;0,10725;0,10721;0,6948;0,6943
13/06/2016 14:45;1,2602;1,2584;0,10728;0,1072;0,6948;0,6943
13/06/2016 15:00;1,2605;1,2579;0,10729;0,10722;0,6946;0,6937
13/06/2016 15:15;1,2602;1,259;0,10728;0,10721;0,6938;0,6933
13/06/2016 15:30;1,267;1,2601;0,10742;0,1073;0,6941;0,6935
13/06/2016 15:45;1,2666;1,2636;0,10744;0,10736;0,6944;0,6938
13/06/2016 16:00;1,2685;1,2657;0,10743;0,10732;0,6937;0,6927
13/06/2016 16:15;1,2674;1,2652;0,10742;0,10734;0,6935;0,6926
13/06/2016 16:30;1,2669;1,264;0,10746;0,1074;0,6937;0,6931
13/06/2016 16:45;1,267;1,2632;0,10751;0,10744;0,6937;0,6934
13/06/2016 17:00;1,2641;1,2617;0,10746;0,10736;0,6937;0,6932
13/06/2016 17:15;1,2631;1,2618;0,10742;0,10738;0,6934;0,693
13/06/2016 17:30;1,2642;1,2575;0,10743;0,10731;0,6934;0,6928
13/06/2016 17:45;1,263;1,2601;0,10739;0,10731;0,6931;0,6927
13/06/2016 18:00;1,263;1,2599;0,10737;0,10729;0,6932;0,6928
13/06/2016 18:15;1,2692;1,2595;0,10747;0,10728;0,694;0,693
13/06/2016 18:30;1,262;1,2599;0,10747;0,10742;0,6942;0,6937
13/06/2016 18:45;1,2611;1,2593;0,10741;0,10736;0,694;0,6936
13/06/2016 19:00;1,2611;1,2598;0,10738;0,10735;0,694;0,6935
13/06/2016 19:15;1,26;1,2587;0,10742;0,10737;0,6937;0,6932
13/06/2016 19:30;1,259;1,258;0,10748;0,10741;0,6935;0,693
13/06/2016 19:45;1,2591;1,2579;0,10747;0,10744;0,6932;0,6924
13/06/2016 20:00;1,2586;1,2575;0,10744;0,1074;0,6926;0,6921
13/06/2016 20:15;1,2588;1,2583;0,10742;0,10741;0,6924;0,6921
13/06/2016 20:30;1,2597;1,2585;0,10741;0,1074;0,6924;0,6919
13/06/2016 20:45;1,26;1,2593;0,1074;0,10736;0,6923;0,6918
13/06/2016 21:00;1,26;1,2595;0,10736;0,10736;0,6922;0,6919
13/06/2016 21:15;1,2603;1,2598;0,10737;0,10735;0,6921;0,6917
13/06/2016 21:30;1,2603;1,2599;0,10744;0,10736;0,6918;0,6913
13/06/2016 21:45;1,2604;1,2599;0,10743;0,10735;0,6917;0,6914
13/06/2016 22:00;1,2605;1,2599;0,10747;0,1074;0,6914;0,6913
13/06/2016 22:15;1,2609;1,2604;0,10738;0,10737;0,6913;0,6912
13/06/2016 22:30;1,2614;1,2608;0,10737;0,10736;0,6914;0,6911
13/06/2016 22:45;1,2645;1,2611;0,10751;0,10737;0,6911;0,6897
13/06/2016 23:00;1,2643;1,2598;0,10753;0,10743;0,6904;0,6898
13/06/2016 23:15;1,2606;1,2597;0,10747;0,10743;0,691;0,6903
13/06/2016 23:30;1,26;1,2594;0,10746;0,10745;0,6909;0,6906
13/06/2016 23:45;1,2595;1,2584;0,10746;0,10744;0,6908;0,6906
14/06/2016;1,2597;1,2586;0,10745;0,1074;0,6908;0,6907
14/06/2016 00:15;1,2597;1,2589;0,10741;0,1074;0,691;0,6907
14/06/2016 00:30;1,2594;1,2577;0,10742;0,1074;0,6911;0,6908
14/06/2016 00:45;1,2582;1,2571;0,10741;0,1074;0,6909;0,6906
14/06/2016 01:00;1,2583;1,2574;0,10742;0,1074;0,6906;0,6904
14/06/2016 01:15;1,2582;1,2576;0,10742;0,1074;0,6906;0,6905
14/06/2016 01:30;1,2582;1,2577;0,10742;0,10741;0,6905;0,6904
14/06/2016 01:45;1,2584;1,258;0,10741;0,10739;0,6906;0,6904
14/06/2016 02:00;1,2596;1,2583;0,1074;0,10738;0,6906;0,6904
14/06/2016 02:15;1,2592;1,2584;0,1074;0,10738;0,6906;0,6903
14/06/2016 02:30;1,2591;1,2584;0,10739;0,10739;0,6908;0,6906
14/06/2016 02:45;1,2587;1,2581;0,10739;0,10739;0,6907;0,6904
14/06/2016 03:00;1,2587;1,2581;0,10739;0,10738;0,6907;0,6905
14/06/2016 03:15;1,2584;1,2578;0,10739;0,10738;0,6907;0,6906
14/06/2016 03:30;1,258;1,2575;0,10739;0,10738;0,6907;0,6905
14/06/2016 03:45;1,2577;1,257;0,10739;0,10738;0,6906;0,6905
14/06/2016 04:00;1,2575;1,2569;0,10739;0,10738;0,6907;0,6905
14/06/2016 04:15;1,257;1,2563;0,10739;0,10738;0,6906;0,6903
14/06/2016 04:30;1,2566;1,2559;0,10738;0,10738;0,6903;0,6902
14/06/2016 04:45;1,2563;1,2552;0,10738;0,10738;0,6904;0,6901
14/06/2016 05:00;1,2557;1,2553;0,10739;0,10738;0,6902;0,69
14/06/2016 05:15;1,2563;1,2557;0,10739;0,10738;0,6902;0,6901
14/06/2016 05:30;1,2565;1,2561;0,10739;0,10738;0,6902;0,6901
14/06/2016 05:45;1,2569;1,256;0,10739;0,10737;0,6903;0,6901
14/06/2016 06:00;1,2568;1,2559;0,10737;0,10736;0,6904;0,6902
14/06/2016 06:15;1,2565;1,2559;0,10737;0,10736;0,6905;0,6904
14/06/2016 06:30;1,2564;1,2558;0,10737;0,10736;0,6906;0,6904
14/06/2016 06:45;1,2569;1,2562;0,10737;0,10735;0,6911;0,6906
14/06/2016 07:00;1,2567;1,2561;0,10735;0,10733;0,6906;0,6904
14/06/2016 07:15;1,257;1,2563;0,10733;0,10732;0,6909;0,6904
14/06/2016 07:30;1,2571;1,256;0,10737;0,10733;0,6908;0,6906
14/06/2016 07:45;1,2563;1,2547;0,10737;0,10735;0,6908;0,6905
14/06/2016 08:00;1,2568;1,2554;0,10736;0,10732;0,6909;0,6905
14/06/2016 08:15;1,2561;1,255;0,10739;0,10733;0,691;0,6909
14/06/2016 08:30;1,2561;1,255;0,10738;0,10735;0,6921;0,6909
14/06/2016 08:45;1,2571;1,2547;0,10736;0,10725;0,6923;0,6921
14/06/2016 09:00;1,2569;1,2543;0,10731;0,10717;0,6922;0,6915
14/06/2016 09:15;1,2557;1,2548;0,10726;0,10718;0,6926;0,6919
14/06/2016 09:30;1,2589;1,2556;0,1072;0,10703;0,6927;0,6923
14/06/2016 09:45;1,2578;1,2556;0,10719;0,10704;0,6926;0,6918
14/06/2016 10:00;1,2573;1,2558;0,10716;0,10705;0,6922;0,6918
14/06/2016 10:15;1,2588;1,2567;0,1072;0,10707;0,6925;0,6921
14/06/2016 10:30;1,2599;1,2567;0,1072;0,10714;0,6932;0,6926
14/06/2016 10:45;1,2594;1,2578;0,1072;0,10715;0,6932;0,6927
14/06/2016 11:00;1,262;1,2582;0,10727;0,10717;0,6935;0,693
14/06/2016 11:15;1,2621;1,2606;0,10725;0,10721;0,6935;0,6931
14/06/2016 11:30;1,2609;1,2599;0,10729;0,10719;0,6937;0,6931
14/06/2016 11:45;1,2615;1,2588;0,10729;0,10727;0,6935;0,6932
14/06/2016 12:00;1,2626;1,2604;0,10729;0,10727;0,6938;0,693
14/06/2016 12:15;1,2641;1,2618;0,10729;0,10725;0,6939;0,6936
14/06/2016 12:30;1,2642;1,262;0,10729;0,10725;0,6942;0,6938
14/06/2016 12:45;1,2635;1,262;0,10729;0,10721;0,6941;0,6937
14/06/2016 13:00;1,263;1,2615;0,10724;0,10721;0,6937;0,6932
14/06/2016 13:15;1,2623;1,2611;0,10726;0,1072;0,6936;0,6931
14/06/2016 13:30;1,2615;1,2588;0,10722;0,10717;0,6936;0,6933
14/06/2016 13:45;1,2596;1,2578;0,10728;0,10721;0,6932;0,6926
14/06/2016 14:00;1,2593;1,2581;0,10734;0,10728;0,6928;0,6922
14/06/2016 14:15;1,2594;1,2564;0,10733;0,10722;0,6926;0,6918
14/06/2016 14:30;1,2609;1,258;0,10735;0,10722;0,6933;0,6926
14/06/2016 14:45;1,2612;1,2594;0,10741;0,10732;0,6932;0,6927
14/06/2016 15:00;1,2618;1,2606;0,1075;0,1074;0,6929;0,6926
14/06/2016 15:15;1,2622;1,2608;0,1075;0,10748;0,6939;0,6928
14/06/2016 15:30;1,264;1,262;0,10754;0,10748;0,695;0,6939
14/06/2016 15:45;1,2628;1,2598;0,10753;0,10749;0,6949;0,6943
14/06/2016 16:00;1,2619;1,2592;0,10755;0,10747;0,6949;0,6944
14/06/2016 16:15;1,2611;1,2592;0,1076;0,10752;0,6952;0,6942
14/06/2016 16:30;1,2613;1,2594;0,10761;0,10754;0,6959;0,695
14/06/2016 16:45;1,2612;1,259;0,10758;0,10744;0,6956;0,6941
14/06/2016 17:00;1,2597;1,258;0,10747;0,10739;0,6944;0,6939
14/06/2016 17:15;1,259;1,2576;0,10749;0,10742;0,6947;0,6942
14/06/2016 17:30;1,2603;1,2583;0,10748;0,10742;0,6945;0,694
14/06/2016 17:45;1,2615;1,2597;0,10748;0,10742;0,6952;0,6942
14/06/2016 18:00;1,2611;1,26;0,10749;0,10739;0,6954;0,6948
14/06/2016 18:15;1,2624;1,2607;0,10748;0,10742;0,6951;0,6948
14/06/2016 18:30;1,2622;1,2609;0,10742;0,10739;0,6949;0,6941
14/06/2016 18:45;1,2622;1,2613;0,1074;0,10731;0,6946;0,6936
14/06/2016 19:00;1,262;1,261;0,10733;0,1073;0,6936;0,693
14/06/2016 19:15;1,2616;1,2607;0,10734;0,1073;0,694;0,6929
14/06/2016 19:30;1,2611;1,2597;0,10733;0,10732;0,6941;0,6938
14/06/2016 19:45;1,2608;1,2597;0,10733;0,10728;0,694;0,6937
14/06/2016 20:00;1,26;1,2585;0,10728;0,10725;0,6937;0,6933
14/06/2016 20:15;1,2595;1,2586;0,10731;0,10728;0,6942;0,6934
14/06/2016 20:30;1,2595;1,2583;0,10735;0,1073;0,6946;0,6941
14/06/2016 20:45;1,2594;1,2586;0,10735;0,10734;0,6945;0,6941
14/06/2016 21:00;1,2594;1,2584;0,10736;0,10735;0,6944;0,6941
14/06/2016 21:15;1,2593;1,2582;0,10738;0,10729;0,6946;0,6942
14/06/2016 21:30;1,2586;1,2579;0,1074;0,10735;0,6946;0,6941
14/06/2016 21:45;1,2592;1,258;0,10738;0,10735;0,6947;0,6943
14/06/2016 22:00;1,2592;1,2587;0,10737;0,10733;0,6948;0,694
14/06/2016 22:15;1,2595;1,2588;0,10737;0,10728;0,6946;0,6941
14/06/2016 22:30;1,2595;1,2586;0,1073;0,10728;0,694;0,6933
14/06/2016 22:45;1,2599;1,2592;0,10737;0,10728;0,6936;0,6931
14/06/2016 23:00;1,2599;1,2576;0,10742;0,10736;0,6935;0,6929
14/06/2016 23:15;1,2589;1,2574;0,10739;0,10728;0,6936;0,6934
14/06/2016 23:30;1,2591;1,2577;0,1073;0,10728;0,6936;0,6931
14/06/2016 23:45;1,2597;1,2589;0,1073;0,10728;0,6936;0,6933
15/06/2016;1,2594;1,2587;0,1073;0,10726;0,6937;0,6934
15/06/2016 00:15;1,2593;1,2587;0,10727;0,10725;0,6935;0,6934
15/06/2016 00:30;1,2591;1,2585;0,10729;0,10726;0,6936;0,6933
15/06/2016 00:45;1,2591;1,2587;0,1073;0,10727;0,6935;0,6932
15/06/2016 01:00;1,2591;1,2586;0,10731;0,10729;0,6935;0,6933
15/06/2016 01:15;1,259;1,2585;0,10731;0,10729;0,6935;0,6933
15/06/2016 01:30;1,2588;1,2584;0,10732;0,1073;0,6935;0,6932
15/06/2016 01:45;1,2598;1,2586;0,10733;0,10731;0,6936;0,6935
15/06/2016 02:00;1,2601;1,2591;0,10731;0,10729;0,6935;0,6933
15/06/2016 02:15;1,2599;1,2591;0,10733;0,1073;0,6935;0,6932
15/06/2016 02:30;1,2596;1,2591;0,10731;0,10729;0,6933;0,693
15/06/2016 02:45;1,2603;1,2592;0,1073;0,10729;0,694;0,6933
15/06/2016 03:00;1,2604;1,2598;0,1073;0,10729;0,6941;0,6939
15/06/2016 03:15;1,2607;1,2597;0,10729;0,10727;0,6941;0,6939
15/06/2016 03:30;1,2618;1,2605;0,10728;0,10727;0,6941;0,6939
15/06/2016 03:45;1,262;1,2609;0,10728;0,10727;0,6941;0,6939
15/06/2016 04:00;1,2621;1,261;0,10728;0,10727;0,6944;0,694
15/06/2016 04:15;1,2618;1,261;0,10728;0,10727;0,6943;0,6941
15/06/2016 04:30;1,2619;1,2613;0,10728;0,10727;0,6945;0,6942
15/06/2016 04:45;1,2618;1,2615;0,10728;0,10727;0,6945;0,6942
15/06/2016 05:00;1,2621;1,2616;0,10728;0,10727;0,6943;0,6942
15/06/2016 05:15;1,2624;1,2617;0,10728;0,10727;0,6945;0,6943
15/06/2016 05:30;1,2624;1,2618;0,10728;0,10727;0,6944;0,6941
15/06/2016 05:45;1,262;1,2615;0,10728;0,10725;0,6942;0,6939
15/06/2016 06:00;1,2621;1,2617;0,10726;0,10725;0,694;0,6932
15/06/2016 06:15;1,2622;1,2617;0,10726;0,10725;0,6936;0,6935
15/06/2016 06:30;1,2624;1,2613;0,10726;0,10725;0,6936;0,6932
15/06/2016 06:45;1,2615;1,261;0,10725;0,10723;0,6933;0,6931
15/06/2016 07:00;1,2622;1,2613;0,10724;0,10723;0,6934;0,6932
15/06/2016 07:15;1,262;1,2614;0,10725;0,10723;0,6936;0,6933
15/06/2016 07:30;1,2625;1,2616;0,10729;0,10724;0,6936;0,6933
15/06/2016 07:45;1,2624;1,2618;0,10731;0,1073;0,6937;0,6936
15/06/2016 08:00;1,2641;1,2619;0,10734;0,1073;0,6942;0,6935
15/06/2016 08:15;1,2634;1,2619;0,10733;0,10726;0,6935;0,6932
15/06/2016 08:30;1,2636;1,2619;0,10732;0,10729;0,6934;0,693
15/06/2016 08:45;1,2622;1,2614;0,10736;0,10729;0,6933;0,693
15/06/2016 09:00;1,2633;1,2613;0,10739;0,10732;0,6936;0,6932
15/06/2016 09:15;1,2632;1,2612;0,10735;0,1073;0,6936;0,6933
15/06/2016 09:30;1,2645;1,2626;0,10735;0,10729;0,6935;0,6933
15/06/2016 09:45;1,2644;1,2625;0,10733;0,10726;0,6934;0,6932
15/06/2016 10:00;1,2641;1,2631;0,10729;0,10723;0,6938;0,6932
15/06/2016 10:15;1,2653;1,2629;0,10726;0,10723;0,694;0,6935
15/06/2016 10:30;1,267;1,2646;0,10726;0,10722;0,694;0,6935
15/06/2016 10:45;1,2661;1,2643;0,10725;0,1072;0,6939;0,6934
15/06/2016 11:00;1,2655;1,2636;0,10723;0,10718;0,6936;0,6933
15/06/2016 11:15;1,2644;1,2627;0,10718;0,10713;0,6934;0,6929
15/06/2016 11:30;1,2646;1,2635;0,10716;0,10708;0,6934;0,6931
15/06/2016 11:45;1,2653;1,2634;0,10712;0,10708;0,694;0,6932
15/06/2016 12:00;1,266;1,2643;0,10711;0,10706;0,6946;0,694
15/06/2016 12:15;1,2661;1,2651;0,10711;0,10704;0,6944;0,6941
15/06/2016 12:30;1,266;1,2649;0,10713;0,10709;0,6941;0,6938
15/06/2016 12:45;1,2654;1,2643;0,10712;0,10697;0,6939;0,6934
15/06/2016 13:00;1,2647;1,2629;0,10697;0,10686;0,6934;0,6928
15/06/2016 13:15;1,2654;1,2628;0,10697;0,10694;0,6935;0,6928
15/06/2016 13:30;1,2643;1,2629;0,10702;0,10697;0,6936;0,6933
15/06/2016 13:45;1,2643;1,263;0,10701;0,10688;0,6935;0,6929
15/06/2016 14:00;1,2642;1,2633;0,10691;0,10684;0,6934;0,6925
15/06/2016 14:15;1,2643;1,2632;0,10691;0,10684;0,6926;0,6919
15/06/2016 14:30;1,2642;1,2614;0,10687;0,1068;0,6925;0,6919
15/06/2016 14:45;1,2618;1,2603;0,1068;0,10669;0,6921;0,6916
15/06/2016 15:00;1,2628;1,261;0,1068;0,10671;0,692;0,6914
15/06/2016 15:15;1,2639;1,2619;0,10686;0,10674;0,6921;0,6915
15/06/2016 15:30;1,2638;1,2625;0,10696;0,10685;0,6919;0,6916
15/06/2016 15:45;1,2636;1,2629;0,10697;0,10688;0,6912;0,6903
15/06/2016 16:00;1,263;1,26;0,10693;0,10688;0,6903;0,6898
15/06/2016 16:15;1,2625;1,2602;0,10695;0,1069;0,6899;0,6893
15/06/2016 16:30;1,2637;1,2621;0,10699;0,10691;0,6906;0,6897
15/06/2016 16:45;1,2638;1,2627;0,10697;0,10683;0,6907;0,6897
15/06/2016 17:00;1,2641;1,2623;0,10691;0,10683;0,6898;0,6894
15/06/2016 17:15;1,2634;1,2622;0,1069;0,10684;0,6895;0,6891
15/06/2016 17:30;1,2629;1,2617;0,1069;0,10683;0,6891;0,6886
15/06/2016 17:45;1,2622;1,2616;0,10691;0,10688;0,6892;0,6889
15/06/2016 18:00;1,2624;1,2612;0,1069;0,10688;0,6891;0,6879
15/06/2016 18:15;1,2618;1,2603;0,1069;0,10682;0,6878;0,6873
15/06/2016 18:30;1,2612;1,2603;0,10687;0,10682;0,688;0,6877
15/06/2016 18:45;1,2614;1,2606;0,10684;0,10677;0,6884;0,6878
15/06/2016 19:00;1,2608;1,2598;0,10676;0,1067;0,6882;0,6879
15/06/2016 19:15;1,2607;1,2602;0,10674;0,10672;0,6881;0,688
15/06/2016 19:30;1,2607;1,26;0,10673;0,10673;0,6886;0,6881
15/06/2016 19:45;1,2603;1,2568;0,10681;0,10674;0,6888;0,6885
15/06/2016 20:00;1,2574;1,255;0,10686;0,10672;0,6883;0,6873
15/06/2016 20:15;1,2585;1,2562;0,10687;0,1068;0,6883;0,687
15/06/2016 20:30;1,2581;1,2562;0,10689;0,10682;0,6877;0,687
15/06/2016 20:45;1,2588;1,2569;0,10689;0,10687;0,6876;0,6872
15/06/2016 21:00;1,2591;1,2583;0,10689;0,10686;0,6879;0,6872
15/06/2016 21:15;1,2599;1,258;0,10691;0,10688;0,6878;0,6871
15/06/2016 21:30;1,2609;1,2596;0,10689;0,10685;0,6878;0,6874
15/06/2016 21:45;1,2614;1,2601;0,1069;0,10686;0,6875;0,687
15/06/2016 22:00;1,2611;1,2604;0,10691;0,10688;0,6874;0,6871
15/06/2016 22:15;1,2621;1,2609;0,10688;0,10686;0,6875;0,6872
15/06/2016 22:30;1,2624;1,2615;0,10686;0,10686;0,6877;0,6872
15/06/2016 22:45;1,2619;1,261;0,10687;0,10686;0,6879;0,6874
15/06/2016 23:00;1,2621;1,2608;0,10688;0,10686;0,688;0,6878
15/06/2016 23:15;1,2621;1,2613;0,10688;0,10687;0,688;0,6876
15/06/2016 23:30;1,2616;1,2606;0,10686;0,10682;0,6878;0,6875
15/06/2016 23:45;1,2617;1,2604;0,10686;0,10682;0,6878;0,6873
16/06/2016;1,2611;1,2603;0,10688;0,10687;0,6875;0,6873
16/06/2016 00:15;1,2607;1,2601;0,10688;0,10686;0,6874;0,6873
16/06/2016 00:30;1,2605;1,2602;0,10687;0,10686;0,6876;0,6873
16/06/2016 00:45;1,2607;1,2603;0,10688;0,10687;0,6881;0,6877
16/06/2016 01:00;1,261;1,2605;0,1069;0,10687;0,6878;0,6875
16/06/2016 01:15;1,2611;1,2605;0,1069;0,10689;0,6877;0,6874
16/06/2016 01:30;1,261;1,2605;0,1069;0,10689;0,6881;0,6876
16/06/2016 01:45;1,2609;1,2604;0,1069;0,10689;0,6881;0,6877
16/06/2016 02:00;1,2606;1,2594;0,1069;0,10689;0,6878;0,6873
16/06/2016 02:15;1,2595;1,2592;0,1069;0,10689;0,6873;0,687
16/06/2016 02:30;1,2595;1,2591;0,1069;0,10689;0,6876;0,6872
16/06/2016 02:45;1,2596;1,259;0,10691;0,1069;0,6878;0,6876
16/06/2016 03:00;1,2595;1,2591;0,10691;0,1069;0,6879;0,6877
16/06/2016 03:15;1,2597;1,2591;0,1069;0,1069;0,6878;0,6875
16/06/2016 03:30;1,2595;1,2591;0,1069;0,1069;0,688;0,6876
16/06/2016 03:45;1,2595;1,2589;0,10691;0,1069;0,6877;0,6874
16/06/2016 04:00;1,2595;1,259;0,10691;0,1069;0,6875;0,6873
16/06/2016 04:15;1,2593;1,2589;0,1069;0,1069;0,6874;0,6869
16/06/2016 04:30;1,2594;1,2586;0,1069;0,10687;0,6869;0,6862
16/06/2016 04:45;1,2595;1,257;0,10688;0,10685;0,6862;0,6854
16/06/2016 05:00;1,2595;1,2584;0,10688;0,10687;0,6863;0,686
16/06/2016 05:15;1,2591;1,2586;0,10689;0,10688;0,6864;0,6861
16/06/2016 05:30;1,2601;1,2587;0,10688;0,10687;0,6864;0,686
16/06/2016 05:45;1,2602;1,259;0,10688;0,10687;0,6865;0,686
16/06/2016 06:00;1,2596;1,2593;0,10688;0,10687;0,6862;0,686
16/06/2016 06:15;1,2597;1,2594;0,10688;0,10687;0,6863;0,686
16/06/2016 06:30;1,2594;1,258;0,10687;0,10686;0,6861;0,6859
16/06/2016 06:45;1,2584;1,2566;0,10686;0,10684;0,686;0,6858
16/06/2016 07:00;1,2574;1,2557;0,10685;0,10679;0,6861;0,6856
16/06/2016 07:15;1,2564;1,2553;0,10682;0,10679;0,6859;0,6856
16/06/2016 07:30;1,2563;1,2554;0,10684;0,10681;0,6859;0,6856
16/06/2016 07:45;1,2566;1,2554;0,10683;0,10682;0,686;0,6857
16/06/2016 08:00;1,2565;1,2554;0,10688;0,10681;0,6858;0,6853
16/06/2016 08:15;1,2564;1,2555;0,10685;0,10681;0,6858;0,6855
16/06/2016 08:30;1,2563;1,2547;0,10681;0,10677;0,6856;0,6841
16/06/2016 08:45;1,2557;1,2508;0,10678;0,10667;0,6842;0,6834
16/06/2016 09:00;1,2557;1,2527;0,1067;0,10665;0,6842;0,6832
16/06/2016 09:15;1,2569;1,2554;0,10667;0,10654;0,6849;0,6842
16/06/2016 09:30;1,2567;1,2547;0,10666;0,10651;0,6845;0,6839
16/06/2016 09:45;1,2594;1,2553;0,10661;0,10647;0,6839;0,6836
16/06/2016 10:00;1,2574;1,2539;0,10648;0,10641;0,6842;0,6835
16/06/2016 10:15;1,259;1,2562;0,10653;0,10648;0,6849;0,6839
16/06/2016 10:30;1,2598;1,2574;0,10657;0,10652;0,6849;0,6843
16/06/2016 10:45;1,2587;1,2574;0,10655;0,10654;0,6845;0,6842
16/06/2016 11:00;1,2587;1,2568;0,10661;0,10649;0,6852;0,6842
16/06/2016 11:15;1,2594;1,2578;0,10662;0,1066;0,6853;0,6851
16/06/2016 11:30;1,2594;1,258;0,10664;0,10661;0,6855;0,6851
16/06/2016 11:45;1,2603;1,2585;0,10664;0,10661;0,6859;0,6853
16/06/2016 12:00;1,2617;1,2595;0,10663;0,10655;0,6865;0,6856
16/06/2016 12:15;1,2616;1,2601;0,10662;0,10651;0,6867;0,6863
16/06/2016 12:30;1,2614;1,2604;0,10654;0,10649;0,6869;0,6865
16/06/2016 12:45;1,2609;1,2598;0,10653;0,10651;0,6865;0,6858
16/06/2016 13:00;1,2613;1,2588;0,10657;0,10643;0,6861;0,6856
16/06/2016 13:15;1,2624;1,2605;0,10648;0,10642;0,6868;0,6862
16/06/2016 13:30;1,265;1,262;0,10655;0,10645;0,6871;0,6864
16/06/2016 13:45;1,265;1,2627;0,10664;0,10651;0,6874;0,6866
16/06/2016 14:00;1,2658;1,2647;0,10661;0,10647;0,688;0,6874
16/06/2016 14:15;1,2657;1,2635;0,1065;0,10646;0,6883;0,6871
16/06/2016 14:30;1,2651;1,2632;0,10655;0,10649;0,6874;0,6862
16/06/2016 14:45;1,265;1,2636;0,10658;0,10649;0,6868;0,6863
16/06/2016 15:00;1,2644;1,2631;0,10653;0,10649;0,6876;0,6867
16/06/2016 15:15;1,2648;1,2623;0,10656;0,1065;0,6881;0,6874
16/06/2016 15:30;1,2646;1,2627;0,10652;0,10643;0,6884;0,6877
16/06/2016 15:45;1,2655;1,2621;0,10646;0,10643;0,6883;0,6869
16/06/2016 16:00;1,2632;1,2612;0,1065;0,10641;0,6873;0,6858
16/06/2016 16:15;1,2618;1,2602;0,10646;0,1064;0,6868;0,686
16/06/2016 16:30;1,2607;1,2587;0,10646;0,1064;0,6872;0,6867
16/06/2016 16:45;1,263;1,2598;0,10647;0,10644;0,6884;0,6868
16/06/2016 17:00;1,2632;1,2613;0,10649;0,1064;0,6888;0,6881
16/06/2016 17:15;1,2643;1,2614;0,10642;0,10639;0,6894;0,6881
16/06/2016 17:30;1,264;1,2604;0,10646;0,1064;0,6895;0,688
16/06/2016 17:45;1,2619;1,2599;0,10642;0,10639;0,688;0,6872
16/06/2016 18:00;1,2642;1,2614;0,10646;0,10642;0,6882;0,6873
16/06/2016 18:15;1,2659;1,2632;0,10651;0,10641;0,6885;0,6873
16/06/2016 18:30;1,2657;1,2633;0,1066;0,10651;0,6888;0,6878
16/06/2016 18:45;1,2653;1,2633;0,10669;0,10655;0,6881;0,6874
16/06/2016 19:00;1,2674;1,2649;0,10665;0,10658;0,6882;0,6873
16/06/2016 19:15;1,2666;1,2642;0,10664;0,10658;0,6874;0,687
16/06/2016 19:30;1,2656;1,2635;0,10664;0,10659;0,6876;0,6867
16/06/2016 19:45;1,2666;1,2648;0,10662;0,10658;0,6878;0,6874
16/06/2016 20:00;1,2676;1,2661;0,10664;0,1066;0,6879;0,6876
16/06/2016 20:15;1,267;1,2658;0,10667;0,10663;0,6878;0,6873
16/06/2016 20:30;1,2666;1,2655;0,10666;0,10664;0,6875;0,6866
16/06/2016 20:45;1,2659;1,264;0,10666;0,10664;0,687;0,6866
16/06/2016 21:00;1,2651;1,264;0,10665;0,10664;0,687;0,6864
16/06/2016 21:15;1,2656;1,2648;0,10664;0,10663;0,6867;0,6865
16/06/2016 21:30;1,2659;1,265;0,10664;0,10663;0,6868;0,6865
16/06/2016 21:45;1,2652;1,2641;0,10667;0,10662;0,6865;0,6862
16/06/2016 22:00;1,2652;1,2645;0,10676;0,10668;0,6868;0,6864
16/06/2016 22:15;1,2652;1,265;0,10676;0,10675;0,6869;0,6867
16/06/2016 22:30;1,2656;1,265;0,10676;0,10674;0,687;0,6866
16/06/2016 22:45;1,2658;1,265;0,10677;0,10675;0,687;0,6867
16/06/2016 23:00;1,2658;1,2648;0,10683;0,10676;0,6874;0,687
16/06/2016 23:15;1,2659;1,2648;0,1068;0,10678;0,6873;0,687
16/06/2016 23:30;1,2656;1,265;0,10679;0,10678;0,6873;0,687
16/06/2016 23:45;1,2657;1,2652;0,10679;0,10678;0,6871;0,687
17/06/2016;1,2659;1,2647;0,10679;0,10675;0,6872;0,687
17/06/2016 00:15;1,2658;1,2651;0,10677;0,10676;0,6873;0,6871
17/06/2016 00:30;1,2657;1,2652;0,10677;0,10676;0,6874;0,6871
17/06/2016 00:45;1,2654;1,2649;0,10676;0,10673;0,6874;0,6871
17/06/2016 01:00;1,2653;1,2649;0,10673;0,10672;0,6873;0,6871
17/06/2016 01:15;1,2657;1,2649;0,10673;0,10672;0,6874;0,687
17/06/2016 01:30;1,2663;1,2653;0,10673;0,10673;0,6875;0,6872
17/06/2016 01:45;1,2699;1,265;0,10677;0,10673;0,6878;0,687
17/06/2016 02:00;1,2685;1,266;0,10677;0,10676;0,6876;0,687
17/06/2016 02:15;1,2684;1,266;0,10678;0,10676;0,6877;0,6871
17/06/2016 02:30;1,268;1,2672;0,10677;0,10676;0,6879;0,6875
17/06/2016 02:45;1,2678;1,2663;0,10679;0,10674;0,6878;0,6872
17/06/2016 03:00;1,2676;1,2662;0,10681;0,10677;0,688;0,6873
17/06/2016 03:15;1,2674;1,2658;0,10681;0,1068;0,6881;0,6876
17/06/2016 03:30;1,2675;1,2663;0,10681;0,10679;0,6881;0,6877
17/06/2016 03:45;1,2669;1,2657;0,1068;0,10678;0,6882;0,6872
17/06/2016 04:00;1,2668;1,2657;0,1068;0,10678;0,6876;0,6872
17/06/2016 04:15;1,2662;1,2655;0,10678;0,10677;0,6875;0,6869
17/06/2016 04:30;1,2662;1,2654;0,10678;0,10678;0,6872;0,6869
17/06/2016 04:45;1,2663;1,2657;0,10678;0,10678;0,6874;0,6871
17/06/2016 05:00;1,2668;1,2657;0,10681;0,10677;0,6874;0,6871
17/06/2016 05:15;1,267;1,2659;0,10681;0,10678;0,6874;0,6872
17/06/2016 05:30;1,2661;1,2654;0,1068;0,10679;0,6872;0,6869
17/06/2016 05:45;1,2669;1,2658;0,1068;0,10679;0,6872;0,6869
17/06/2016 06:00;1,267;1,2652;0,10679;0,10678;0,6872;0,6868
17/06/2016 06:15;1,2658;1,2647;0,10679;0,10678;0,6872;0,687
17/06/2016 06:30;1,2656;1,2648;0,10678;0,10678;0,687;0,6869
17/06/2016 06:45;1,2665;1,2652;0,1068;0,10678;0,6873;0,6869
17/06/2016 07:00;1,2664;1,2652;0,1068;0,10679;0,6873;0,687
17/06/2016 07:15;1,268;1,2663;0,1068;0,10679;0,6873;0,687
17/06/2016 07:30;1,2682;1,2671;0,1068;0,10677;0,6874;0,6872
17/06/2016 07:45;1,2679;1,267;0,10678;0,10673;0,6874;0,6872
17/06/2016 08:00;1,2677;1,2662;0,10677;0,10668;0,6873;0,6869
17/06/2016 08:15;1,2665;1,2653;0,10674;0,10667;0,6875;0,6868
17/06/2016 08:30;1,2674;1,2661;0,10673;0,10663;0,6881;0,6875
17/06/2016 08:45;1,2682;1,2669;0,10668;0,10659;0,6882;0,6878
17/06/2016 09:00;1,2698;1,2661;0,10673;0,10663;0,6891;0,6881
17/06/2016 09:15;1,2699;1,2685;0,10674;0,10669;0,6891;0,6885
17/06/2016 09:30;1,2697;1,2677;0,1067;0,10663;0,6881;0,6875
17/06/2016 09:45;1,2693;1,2679;0,10668;0,10659;0,6881;0,6876
17/06/2016 10:00;1,2694;1,2678;0,10667;0,10652;0,688;0,6877
17/06/2016 10:15;1,2699;1,2671;0,10655;0,10641;0,688;0,6873
17/06/2016 10:30;1,2715;1,2688;0,10654;0,10648;0,6877;0,6872
17/06/2016 10:45;1,2705;1,269;0,10658;0,10649;0,6874;0,6871
17/06/2016 11:00;1,2717;1,2693;0,10661;0,10659;0,688;0,6873
17/06/2016 11:15;1,2717;1,2693;0,10664;0,10656;0,6881;0,6877
17/06/2016 11:30;1,2699;1,2668;0,1066;0,10655;0,688;0,6876
17/06/2016 11:45;1,2688;1,2667;0,10663;0,10659;0,6881;0,6874
17/06/2016 12:00;1,2672;1,2647;0,10658;0,10651;0,6875;0,6869
17/06/2016 12:15;1,2672;1,2654;0,10664;0,10656;0,6874;0,6869
17/06/2016 12:30;1,2659;1,2644;0,10664;0,10663;0,6875;0,6868
17/06/2016 12:45;1,2662;1,2647;0,10664;0,1066;0,6877;0,6874
17/06/2016 13:00;1,267;1,2652;0,10659;0,10656;0,688;0,6874
17/06/2016 13:15;1,2693;1,2668;0,10657;0,10655;0,6879;0,6875
17/06/2016 13:30;1,2702;1,2688;0,10658;0,10653;0,688;0,6876
17/06/2016 13:45;1,2707;1,2689;0,10658;0,10654;0,6882;0,6876
17/06/2016 14:00;1,2705;1,2687;0,10663;0,10658;0,6887;0,6881
17/06/2016 14:15;1,2708;1,2689;0,10664;0,10659;0,69;0,6888
17/06/2016 14:30;1,2703;1,2684;0,10664;0,10659;0,6898;0,6893
17/06/2016 14:45;1,2691;1,2676;0,10674;0,10663;0,6896;0,6892
17/06/2016 15:00;1,2692;1,2684;0,10683;0,10673;0,6896;0,6894
17/06/2016 15:15;1,2698;1,2679;0,10682;0,10659;0,6894;0,6888
17/06/2016 15:30;1,2696;1,2669;0,10664;0,10654;0,6893;0,6885
17/06/2016 15:45;1,2673;1,2662;0,10666;0,10655;0,6901;0,6885
17/06/2016 16:00;1,2671;1,2659;0,10665;0,1066;0,6904;0,6899
17/06/2016 16:15;1,2677;1,2661;0,10666;0,10659;0,6902;0,6896
17/06/2016 16:30;1,2679;1,2657;0,10668;0,10661;0,6905;0,6894
17/06/2016 16:45;1,271;1,2674;0,10669;0,10659;0,6912;0,6904
17/06/2016 17:00;1,2714;1,2688;0,10662;0,10652;0,6908;0,6888
17/06/2016 17:15;1,269;1,2674;0,10653;0,10648;0,6896;0,6889
17/06/2016 17:30;1,2692;1,2674;0,10654;0,10649;0,6899;0,6893
17/06/2016 17:45;1,2703;1,2687;0,10659;0,10652;0,6902;0,6897
17/06/2016 18:00;1,2703;1,2688;0,10651;0,10646;0,6899;0,6896
17/06/2016 18:15;1,2714;1,2697;0,10656;0,10645;0,6896;0,6892
17/06/2016 18:30;1,2707;1,2699;0,10647;0,10645;0,6893;0,6892
17/06/2016 18:45;1,2709;1,2698;0,10648;0,10645;0,6895;0,6893
17/06/2016 19:00;1,2706;1,2694;0,10653;0,10646;0,6894;0,689
17/06/2016 19:15;1,2704;1,2692;0,10658;0,10653;0,689;0,6882
17/06/2016 19:30;1,2708;1,2697;0,10658;0,10657;0,6884;0,6881
17/06/2016 19:45;1,2722;1,2706;0,10659;0,10658;0,6886;0,6883
17/06/2016 20:00;1,2751;1,2714;0,10658;0,10652;0,6886;0,6884
17/06/2016 20:15;1,2748;1,2739;0,10659;0,10656;0,689;0,6884
17/06/2016 20:30;1,2742;1,2726;0,10659;0,10657;0,689;0,6887
17/06/2016 20:45;1,2736;1,2715;0,10657;0,10655;0,6892;0,6889
17/06/2016 21:00;1,2732;1,2721;0,10654;0,10648;0,689;0,6884
17/06/2016 21:15;1,2731;1,2722;0,10649;0,10646;0,6889;0,6887
17/06/2016 21:30;1,2737;1,2728;0,10648;0,10646;0,6888;0,6885
17/06/2016 21:45;1,2735;1,2724;0,10651;0,10647;0,6887;0,6884
17/06/2016 22:00;1,2735;1,2723;0,10651;0,10649;0,6885;0,6879
17/06/2016 22:15;1,2734;1,2727;0,10651;0,10649;0,6883;0,6878
17/06/2016 22:30;1,2736;1,2718;0,1065;0,10643;0,6881;0,6879
17/06/2016 22:45;1,2732;1,2718;0,10645;0,10643;0,688;0,6877
19/06/2016 21:00;1,2754;1,2722;0,10653;0,10647;0,6876;0,6869
19/06/2016 21:15;1,2764;1,2745;0,1066;0,10649;0,6885;0,6875
19/06/2016 21:30;1,2763;1,2726;0,10677;0,1065;0,6876;0,6859
19/06/2016 21:45;1,2769;1,2748;0,10681;0,10658;0,6874;0,6867
19/06/2016 22:00;1,2769;1,276;0,10689;0,1068;0,6873;0,6869
19/06/2016 22:15;1,277;1,2761;0,10691;0,10684;0,6871;0,6869
19/06/2016 22:30;1,2767;1,2759;0,10692;0,10683;0,6871;0,6869
19/06/2016 22:45;1,2773;1,2758;0,10692;0,10684;0,687;0,6867
19/06/2016 23:00;1,2781;1,2767;0,10689;0,10679;0,687;0,6867
19/06/2016 23:15;1,2785;1,2772;0,10688;0,10679;0,6872;0,687
19/06/2016 23:30;1,278;1,2768;0,10692;0,10687;0,6877;0,6871
19/06/2016 23:45;1,278;1,2768;0,10692;0,10687;0,6877;0,6874
20/06/2016;1,2789;1,2771;0,1069;0,10685;0,6879;0,6875
20/06/2016 00:15;1,2782;1,2766;0,10689;0,1068;0,6877;0,6873
20/06/2016 00:30;1,2788;1,2771;0,10681;0,1068;0,6877;0,6872
20/06/2016 00:45;1,2796;1,2784;0,10681;0,1068;0,6877;0,6873
20/06/2016 01:00;1,2796;1,2775;0,10681;0,1068;0,6875;0,6864
20/06/2016 01:15;1,2787;1,2777;0,1068;0,10674;0,6867;0,6863
20/06/2016 01:30;1,2804;1,2778;0,10675;0,10674;0,6867;0,6862
20/06/2016 01:45;1,2868;1,2804;0,10685;0,10674;0,6866;0,6858
20/06/2016 02:00;1,2856;1,2807;0,10674;0,10672;0,6861;0,6853
20/06/2016 02:15;1,2827;1,2818;0,10672;0,10672;0,6854;0,685
20/06/2016 02:30;1,2842;1,2818;0,10681;0,10668;0,6855;0,6852
20/06/2016 02:45;1,2848;1,2826;0,10694;0,10678;0,6858;0,6854
20/06/2016 03:00;1,284;1,2829;0,10686;0,1068;0,686;0,6856
20/06/2016 03:15;1,2835;1,2828;0,10694;0,10685;0,686;0,6858
20/06/2016 03:30;1,2839;1,283;0,10691;0,10686;0,686;0,6858
20/06/2016 03:45;1,2836;1,283;0,10688;0,10687;0,6861;0,6858
20/06/2016 04:00;1,2833;1,2827;0,10688;0,10687;0,6861;0,6858
20/06/2016 04:15;1,2842;1,2828;0,10688;0,10686;0,686;0,6858
20/06/2016 04:30;1,2853;1,2837;0,10686;0,10685;0,686;0,6856
20/06/2016 04:45;1,2847;1,2838;0,10686;0,10684;0,6858;0,6856
20/06/2016 05:00;1,285;1,2843;0,1069;0,10684;0,6857;0,6853
20/06/2016 05:15;1,2846;1,2835;0,10685;0,10681;0,6856;0,6853
20/06/2016 05:30;1,284;1,2832;0,10683;0,10681;0,6854;0,6853
20/06/2016 05:45;1,2857;1,2838;0,10685;0,10678;0,6853;0,6846
20/06/2016 06:00;1,2846;1,283;0,10679;0,10678;0,685;0,6848
20/06/2016 06:15;1,284;1,2827;0,10679;0,10678;0,685;0,6849
20/06/2016 06:30;1,2829;1,2818;0,1068;0,10677;0,6851;0,6846
20/06/2016 06:45;1,2825;1,2817;0,10678;0,10674;0,6849;0,6847
20/06/2016 07:00;1,2829;1,2816;0,10675;0,10674;0,685;0,6848
20/06/2016 07:15;1,2827;1,2818;0,10679;0,10674;0,6853;0,6849
20/06/2016 07:30;1,2828;1,2818;0,10686;0,10681;0,6858;0,6853
20/06/2016 07:45;1,283;1,2816;0,10687;0,10682;0,6861;0,6857
20/06/2016 08:00;1,2832;1,2813;0,10684;0,10678;0,6861;0,6858
20/06/2016 08:15;1,286;1,2827;0,10688;0,10679;0,6862;0,6858
20/06/2016 08:30;1,2857;1,2842;0,10696;0,10685;0,6866;0,6859
20/06/2016 08:45;1,2854;1,2845;0,10693;0,10687;0,6871;0,6864
20/06/2016 09:00;1,2865;1,2839;0,10698;0,10685;0,687;0,6867
20/06/2016 09:15;1,287;1,2853;0,10695;0,10693;0,6869;0,6864
20/06/2016 09:30;1,2869;1,2851;0,10705;0,10693;0,687;0,6864
20/06/2016 09:45;1,2877;1,2854;0,10707;0,10701;0,6871;0,6867
20/06/2016 10:00;1,2881;1,2861;0,10711;0,107;0,6873;0,6867
20/06/2016 10:15;1,2932;1,2881;0,10714;0,10703;0,6874;0,6866
20/06/2016 10:30;1,2935;1,2905;0,10709;0,1069;0,6877;0,687
20/06/2016 10:45;1,2932;1,291;0,10693;0,10686;0,6878;0,6875
20/06/2016 11:00;1,2914;1,2886;0,10691;0,10683;0,6882;0,6875
20/06/2016 11:15;1,2907;1,2891;0,10693;0,10691;0,6881;0,6876
20/06/2016 11:30;1,2903;1,2888;0,10691;0,10685;0,688;0,6875
20/06/2016 11:45;1,2921;1,289;0,1069;0,10686;0,6884;0,6876
20/06/2016 12:00;1,2932;1,2907;0,10698;0,10687;0,6894;0,6884
20/06/2016 12:15;1,2931;1,29;0,10704;0,10695;0,6894;0,6883
20/06/2016 12:30;1,291;1,2885;0,10702;0,10697;0,6886;0,6882
20/06/2016 12:45;1,2914;1,2891;0,10717;0,10699;0,6891;0,6885
20/06/2016 13:00;1,2923;1,2908;0,10715;0,10706;0,689;0,6887
20/06/2016 13:15;1,2926;1,2913;0,10715;0,10704;0,6891;0,6887
20/06/2016 13:30;1,2937;1,291;0,10715;0,10713;0,689;0,6884
20/06/2016 13:45;1,2939;1,2918;0,10715;0,1071;0,6888;0,6883
20/06/2016 14:00;1,2931;1,2916;0,10714;0,1071;0,6887;0,6881
20/06/2016 14:15;1,2927;1,2909;0,1072;0,10712;0,689;0,6881
20/06/2016 14:30;1,2912;1,2892;0,10714;0,10705;0,6883;0,6877
20/06/2016 14:45;1,2919;1,2896;0,10711;0,10704;0,6888;0,6879
20/06/2016 15:00;1,2917;1,2904;0,10716;0,10704;0,6894;0,6882
20/06/2016 15:15;1,2912;1,2906;0,10711;0,10705;0,6897;0,689
20/06/2016 15:30;1,2912;1,2898;0,10711;0,10702;0,6902;0,6896
20/06/2016 15:45;1,2923;1,2899;0,10711;0,10703;0,6901;0,6895
20/06/2016 16:00;1,292;1,2908;0,10706;0,107;0,6902;0,6896
20/06/2016 16:15;1,2918;1,2905;0,10709;0,10697;0,6899;0,6894
20/06/2016 16:30;1,2954;1,2914;0,1071;0,10703;0,6896;0,689
20/06/2016 16:45;1,2961;1,2936;0,10707;0,10702;0,6899;0,6893
20/06/2016 17:00;1,2979;1,296;0,10706;0,10701;0,6899;0,6894
20/06/2016 17:15;1,2983;1,2966;0,10706;0,10698;0,6906;0,6899
20/06/2016 17:30;1,2982;1,2969;0,10722;0,10706;0,6903;0,69
20/06/2016 17:45;1,2994;1,2973;0,10727;0,10719;0,6904;0,6896
20/06/2016 18:00;1,2978;1,2963;0,10726;0,10724;0,6903;0,6898
20/06/2016 18:15;1,2983;1,2966;0,10724;0,10713;0,6904;0,6899
20/06/2016 18:30;1,2992;1,2976;0,10714;0,10713;0,6902;0,6899
20/06/2016 18:45;1,2988;1,2971;0,10713;0,10709;0,6902;0,69
20/06/2016 19:00;1,2983;1,2898;0,1071;0,10708;0,6902;0,6896
20/06/2016 19:15;1,2956;1,2907;0,10709;0,10701;0,6899;0,6894
20/06/2016 19:30;1,2964;1,295;0,10708;0,10703;0,6898;0,6894
20/06/2016 19:45;1,2986;1,2955;0,10716;0,10706;0,6902;0,6896
20/06/2016 20:00;1,2985;1,2979;0,10718;0,10712;0,6903;0,6899
20/06/2016 20:15;1,2982;1,2968;0,10718;0,10716;0,6905;0,6899
20/06/2016 20:30;1,2971;1,2965;0,10718;0,10716;0,6904;0,69
20/06/2016 20:45;1,2987;1,297;0,10719;0,10714;0,6905;0,69
20/06/2016 21:00;1,299;1,2984;0,10714;0,10713;0,6908;0,6904
20/06/2016 21:15;1,2991;1,2985;0,10714;0,10713;0,6907;0,6904
20/06/2016 21:30;1,2996;1,2987;0,10714;0,10713;0,6907;0,6903
20/06/2016 21:45;1,2996;1,2988;0,10717;0,10714;0,6906;0,6903
20/06/2016 22:00;1,2992;1,2986;0,10717;0,10716;0,6907;0,6903
20/06/2016 22:15;1,2991;1,2959;0,10723;0,10717;0,6908;0,6902
20/06/2016 22:30;1,2997;1,2969;0,10723;0,10721;0,691;0,6907
20/06/2016 22:45;1,3001;1,2969;0,10723;0,10722;0,6911;0,6902
20/06/2016 23:00;1,299;1,2958;0,10723;0,10721;0,6908;0,6901
20/06/2016 23:15;1,2984;1,2952;0,10723;0,10721;0,6908;0,69
20/06/2016 23:30;1,2977;1,296;0,10724;0,10722;0,6906;0,6899
20/06/2016 23:45;1,2978;1,2966;0,10724;0,10722;0,6905;0,69
21/06/2016;1,2992;1,2976;0,10725;0,10724;0,6903;0,6902
21/06/2016 00:15;1,2984;1,2979;0,10726;0,10724;0,6905;0,6902
21/06/2016 00:30;1,2985;1,2962;0,10727;0,10726;0,6905;0,6901
21/06/2016 00:45;1,297;1,2957;0,10727;0,10726;0,6904;0,6901
21/06/2016 01:00;1,2975;1,2961;0,10727;0,10723;0,6906;0,6902
21/06/2016 01:15;1,2966;1,2961;0,10724;0,10722;0,6906;0,6904
21/06/2016 01:30;1,2972;1,2959;0,10724;0,10723;0,6905;0,6903
21/06/2016 01:45;1,2961;1,2954;0,10723;0,10722;0,6904;0,69
21/06/2016 02:00;1,296;1,2946;0,10724;0,10721;0,6901;0,6897
21/06/2016 02:15;1,2958;1,2946;0,10722;0,10721;0,6902;0,6898
21/06/2016 02:30;1,2956;1,2945;0,10722;0,10721;0,6903;0,69
21/06/2016 02:45;1,2947;1,292;0,10722;0,10711;0,69;0,6898
21/06/2016 03:00;1,2931;1,2923;0,10712;0,10711;0,6898;0,6896
21/06/2016 03:15;1,2932;1,2919;0,10715;0,10711;0,6897;0,6893
21/06/2016 03:30;1,2924;1,2912;0,10715;0,10712;0,6893;0,6891
21/06/2016 03:45;1,2934;1,2917;0,10716;0,10714;0,6893;0,6888
21/06/2016 04:00;1,2936;1,2927;0,10716;0,10713;0,6897;0,6891
21/06/2016 04:15;1,2936;1,2925;0,10716;0,10714;0,6898;0,6896
21/06/2016 04:30;1,2932;1,2922;0,10715;0,10714;0,6897;0,6893
21/06/2016 04:45;1,2939;1,2926;0,10716;0,10713;0,6897;0,6895
21/06/2016 05:00;1,295;1,2937;0,10714;0,10713;0,6899;0,6896
21/06/2016 05:15;1,295;1,2936;0,10715;0,10713;0,6901;0,6897
21/06/2016 05:30;1,2945;1,2933;0,10713;0,10713;0,6904;0,69
21/06/2016 05:45;1,2944;1,2934;0,10714;0,10711;0,6904;0,6902
21/06/2016 06:00;1,2939;1,2934;0,10713;0,10712;0,6903;0,6902
21/06/2016 06:15;1,2939;1,2934;0,10714;0,10713;0,6903;0,6902
21/06/2016 06:30;1,2941;1,2937;0,10714;0,10713;0,6904;0,6902
21/06/2016 06:45;1,2942;1,2932;0,10717;0,10713;0,6903;0,6901
21/06/2016 07:00;1,2941;1,293;0,10717;0,10717;0,6901;0,6899
21/06/2016 07:15;1,2952;1,2937;0,10717;0,10715;0,6901;0,6899
21/06/2016 07:30;1,2991;1,2947;0,10716;0,10715;0,69;0,6898
21/06/2016 07:45;1,2989;1,2969;0,10717;0,10715;0,6903;0,69
21/06/2016 08:00;1,2983;1,297;0,10718;0,10713;0,6902;0,6898
21/06/2016 08:15;1,2989;1,2971;0,10718;0,1071;0,6903;0,69
21/06/2016 08:30;1,2979;1,2966;0,10712;0,10708;0,6901;0,6896
21/06/2016 08:45;1,2975;1,2962;0,10711;0,10705;0,6898;0,6896
21/06/2016 09:00;1,2997;1,2969;0,10711;0,10703;0,6898;0,6893
21/06/2016 09:15;1,2988;1,2975;0,10713;0,10703;0,69;0,6895
21/06/2016 09:30;1,2981;1,2964;0,1071;0,10703;0,6903;0,6898
21/06/2016 09:45;1,2985;1,297;0,10716;0,10703;0,6908;0,6901
21/06/2016 10:00;1,2991;1,2975;0,10714;0,10709;0,6905;0,6901
21/06/2016 10:15;1,2998;1,2984;0,10725;0,10711;0,6908;0,6903
21/06/2016 10:30;1,3002;1,2989;0,10729;0,10724;0,691;0,6905
21/06/2016 10:45;1,302;1,2991;0,10735;0,10725;0,6908;0,6904
21/06/2016 11:00;1,3022;1,3007;0,10735;0,10727;0,6911;0,6903
21/06/2016 11:15;1,3021;1,3008;0,10737;0,10726;0,6909;0,6907
21/06/2016 11:30;1,3044;1,3014;0,10727;0,10722;0,691;0,6906
21/06/2016 11:45;1,302;1,3012;0,10732;0,10725;0,6908;0,6906
21/06/2016 12:00;1,303;1,3008;0,10732;0,10725;0,6908;0,6905
21/06/2016 12:15;1,3029;1,2994;0,10736;0,10726;0,6908;0,6905
21/06/2016 12:30;1,3011;1,2997;0,10736;0,10732;0,6907;0,6904
21/06/2016 12:45;1,303;1,2997;0,10737;0,10733;0,6911;0,6907
21/06/2016 13:00;1,3032;1,3015;0,10736;0,1073;0,6913;0,6909
21/06/2016 13:15;1,3022;1,3002;0,10733;0,1073;0,6914;0,6909
21/06/2016 13:30;1,302;1,3;0,10732;0,10713;0,6911;0,6907
21/06/2016 13:45;1,3025;1,3004;0,10717;0,10708;0,6922;0,6909
21/06/2016 14:00;1,3032;1,302;0,10724;0,10713;0,6921;0,6915
21/06/2016 14:15;1,3036;1,3025;0,10736;0,10725;0,6921;0,6917
21/06/2016 14:30;1,3028;1,2988;0,10735;0,10713;0,692;0,6914
21/06/2016 14:45;1,3028;1,2998;0,10718;0,1071;0,6925;0,6917
21/06/2016 15:00;1,3061;1,3025;0,10728;0,10718;0,6932;0,6919
21/06/2016 15:15;1,3048;1,3029;0,10733;0,10725;0,6924;0,6919
21/06/2016 15:30;1,3052;1,3026;0,10737;0,10726;0,6932;0,6922
21/06/2016 15:45;1,3058;1,3038;0,10749;0,10735;0,6938;0,6932
21/06/2016 16:00;1,3058;1,3037;0,10743;0,10731;0,6934;0,693
21/06/2016 16:15;1,3059;1,3044;0,10748;0,10742;0,6933;0,6926
21/06/2016 16:30;1,3063;1,3034;0,10746;0,10744;0,6931;0,6918
21/06/2016 16:45;1,3041;1,3014;0,10755;0,10743;0,6926;0,6919
21/06/2016 17:00;1,3033;1,3014;0,10756;0,10748;0,693;0,6924
21/06/2016 17:15;1,3032;1,3014;0,10757;0,10749;0,693;0,6925
21/06/2016 17:30;1,3028;1,3013;0,10758;0,10752;0,6934;0,6929
21/06/2016 17:45;1,3033;1,3023;0,10755;0,10751;0,6936;0,6928
21/06/2016 18:00;1,303;1,3017;0,10754;0,1075;0,693;0,6926
21/06/2016 18:15;1,3037;1,3027;0,10754;0,10746;0,6934;0,6929
21/06/2016 18:30;1,3038;1,3026;0,10754;0,1075;0,6937;0,6933
21/06/2016 18:45;1,3032;1,3022;0,10747;0,10743;0,6938;0,6933
21/06/2016 19:00;1,3027;1,3022;0,10747;0,10745;0,6936;0,693
21/06/2016 19:15;1,3026;1,3021;0,10747;0,10747;0,6934;0,6932
21/06/2016 19:30;1,3028;1,3022;0,10748;0,10746;0,6935;0,6932
21/06/2016 19:45;1,3037;1,3023;0,10749;0,10747;0,6937;0,6932
21/06/2016 20:00;1,3043;1,3034;0,10749;0,10747;0,6942;0,6937
21/06/2016 20:15;1,3044;1,303;0,10751;0,1075;0,6945;0,6939
21/06/2016 20:30;1,304;1,3028;0,1075;0,10748;0,6943;0,6941
21/06/2016 20:45;1,3033;1,3018;0,10751;0,1075;0,6944;0,6939
21/06/2016 21:00;1,3027;1,3014;0,10755;0,1075;0,694;0,6938
21/06/2016 21:15;1,3025;1,3012;0,10753;0,10747;0,694;0,6937
21/06/2016 21:30;1,3025;1,3008;0,10748;0,10747;0,6941;0,6935
21/06/2016 21:45;1,3011;1,299;0,10747;0,10744;0,6938;0,6934
21/06/2016 22:00;1,3003;1,2993;0,10745;0,10741;0,694;0,6936
21/06/2016 22:15;1,2995;1,2988;0,10743;0,10742;0,6937;0,6931
21/06/2016 22:30;1,2995;1,2989;0,10743;0,10742;0,6934;0,6932
21/06/2016 22:45;1,3034;1,2992;0,10743;0,10742;0,6939;0,6933
21/06/2016 23:00;1,3035;1,3028;0,10744;0,10741;0,6942;0,6937
21/06/2016 23:15;1,3059;1,3025;0,10744;0,10741;0,6941;0,6936
21/06/2016 23:30;1,3046;1,3034;0,10743;0,10741;0,6941;0,6936
21/06/2016 23:45;1,3047;1,3032;0,10742;0,1074;0,6939;0,6935
22/06/2016;1,3035;1,3027;0,10745;0,10741;0,6942;0,6936
22/06/2016 00:15;1,3031;1,3026;0,10744;0,10743;0,6938;0,6937
22/06/2016 00:30;1,3031;1,3025;0,10744;0,10743;0,6938;0,6936
22/06/2016 00:45;1,3028;1,3025;0,10743;0,10742;0,6938;0,6936
22/06/2016 01:00;1,3029;1,3025;0,10744;0,10743;0,6939;0,6936
22/06/2016 01:15;1,3037;1,3028;0,10744;0,10743;0,6943;0,6938
22/06/2016 01:30;1,304;1,3035;0,10744;0,10744;0,6943;0,6942
22/06/2016 01:45;1,304;1,3034;0,10744;0,10743;0,6943;0,6942
22/06/2016 02:00;1,304;1,3033;0,10744;0,10743;0,6942;0,6939
22/06/2016 02:15;1,3054;1,3037;0,10745;0,10738;0,6942;0,694
22/06/2016 02:30;1,3052;1,3042;0,10739;0,10738;0,6943;0,694
22/06/2016 02:45;1,3055;1,3044;0,10739;0,10738;0,6945;0,6941
22/06/2016 03:00;1,3053;1,3043;0,1074;0,10737;0,6944;0,6941
22/06/2016 03:15;1,3061;1,3048;0,1074;0,10739;0,6946;0,6943
22/06/2016 03:30;1,3061;1,3047;0,1074;0,10738;0,6944;0,6941
22/06/2016 03:45;1,3055;1,3045;0,10739;0,10738;0,6944;0,694
22/06/2016 04:00;1,3052;1,3047;0,10739;0,10738;0,6941;0,694
22/06/2016 04:15;1,3054;1,3044;0,10739;0,10738;0,694;0,6937
22/06/2016 04:30;1,305;1,304;0,10739;0,10738;0,6939;0,6937
22/06/2016 04:45;1,3042;1,3034;0,10739;0,10738;0,694;0,6936
22/06/2016 05:00;1,3041;1,3031;0,1074;0,10738;0,6939;0,6937
22/06/2016 05:15;1,304;1,3032;0,1074;0,10739;0,694;0,6939
22/06/2016 05:30;1,3041;1,3031;0,10741;0,10739;0,694;0,6937
22/06/2016 05:45;1,3038;1,3033;0,10741;0,10738;0,6943;0,6938
22/06/2016 06:00;1,3039;1,3034;0,1074;0,1074;0,6944;0,6943
22/06/2016 06:15;1,3037;1,3033;0,10741;0,1074;0,6944;0,6942
22/06/2016 06:30;1,3037;1,3031;0,10741;0,1074;0,6942;0,694
22/06/2016 06:45;1,3039;1,3033;0,10742;0,10741;0,6943;0,6942
22/06/2016 07:00;1,3038;1,3033;0,10742;0,10741;0,6943;0,6942
22/06/2016 07:15;1,3036;1,3031;0,10742;0,10735;0,6943;0,6941
22/06/2016 07:30;1,3042;1,3032;0,10738;0,10735;0,6942;0,694
22/06/2016 07:45;1,3046;1,3039;0,1074;0,10735;0,6944;0,694
22/06/2016 08:00;1,3051;1,3038;0,10739;0,10735;0,6944;0,694
22/06/2016 08:15;1,3042;1,3035;0,10739;0,10735;0,6946;0,6942
22/06/2016 08:30;1,3046;1,3027;0,10742;0,10732;0,6945;0,6943
22/06/2016 08:45;1,3036;1,3023;0,10736;0,10728;0,6945;0,6941
22/06/2016 09:00;1,304;1,3028;0,10745;0,10733;0,6946;0,6942
22/06/2016 09:15;1,3054;1,3028;0,10744;0,10735;0,6943;0,6941
22/06/2016 09:30;1,3037;1,3026;0,10729;0,10719;0,6943;0,694
22/06/2016 09:45;1,3036;1,2996;0,10721;0,10714;0,6941;0,6937
22/06/2016 10:00;1,3009;1,2986;0,10713;0,10705;0,6937;0,6932
22/06/2016 10:15;1,301;1,2996;0,10716;0,10709;0,6936;0,6931
22/06/2016 10:30;1,3017;1,3005;0,10717;0,10715;0,6937;0,6933
22/06/2016 10:45;1,3013;1,2998;0,10717;0,10713;0,6937;0,6933
22/06/2016 11:00;1,3015;1,2997;0,10723;0,10717;0,694;0,6936
22/06/2016 11:15;1,302;1,2999;0,10722;0,10715;0,6939;0,6937
22/06/2016 11:30;1,3011;1,2996;0,10723;0,10719;0,6941;0,6938
22/06/2016 11:45;1,3006;1,2995;0,10721;0,10717;0,694;0,6933
22/06/2016 12:00;1,3008;1,2999;0,10724;0,10719;0,6935;0,6933
22/06/2016 12:15;1,3005;1,2995;0,10733;0,10723;0,6935;0,693
22/06/2016 12:30;1,2999;1,2987;0,10728;0,10711;0,6936;0,6931
22/06/2016 12:45;1,3002;1,2989;0,10717;0,10708;0,6936;0,6932
22/06/2016 13:00;1,3006;1,299;0,10721;0,10711;0,6933;0,693
22/06/2016 13:15;1,3012;1,2997;0,10719;0,10715;0,6934;0,6929
22/06/2016 13:30;1,3022;1,3001;0,10713;0,10701;0,6935;0,6932
22/06/2016 13:45;1,3021;1,3007;0,10704;0,10696;0,6937;0,6933
22/06/2016 14:00;1,3028;1,3013;0,10703;0,10695;0,6943;0,6936
22/06/2016 14:15;1,3024;1,3012;0,107;0,10696;0,6945;0,6938
22/06/2016 14:30;1,3016;1,3003;0,10703;0,10696;0,6951;0,6939
22/06/2016 14:45;1,3029;1,3012;0,1071;0,10701;0,6939;0,6929
22/06/2016 15:00;1,3015;1,2991;0,10711;0,10708;0,6927;0,6918
22/06/2016 15:15;1,3009;1,2992;0,10716;0,10708;0,6923;0,6918
22/06/2016 15:30;1,3027;1,2999;0,10716;0,10706;0,6925;0,6914
22/06/2016 15:45;1,3028;1,3014;0,10714;0,10708;0,6917;0,6913
22/06/2016 16:00;1,3035;1,3017;0,10715;0,10708;0,6914;0,6908
22/06/2016 16:15;1,3031;1,3012;0,10715;0,10706;0,6921;0,6913
22/06/2016 16:30;1,3017;1,3008;0,10705;0,10702;0,6917;0,6914
22/06/2016 16:45;1,3031;1,3012;0,10706;0,10698;0,6923;0,6914
22/06/2016 17:00;1,3031;1,3016;0,10702;0,10693;0,6918;0,6906
22/06/2016 17:15;1,3045;1,3026;0,10705;0,10699;0,6915;0,6911
22/06/2016 17:30;1,304;1,3;0,10706;0,107;0,6913;0,6907
22/06/2016 17:45;1,3017;1,3002;0,10706;0,10702;0,6913;0,6908
22/06/2016 18:00;1,3008;1,2991;0,10705;0,10703;0,6915;0,691
22/06/2016 18:15;1,3004;1,2991;0,10706;0,10704;0,6912;0,6907
22/06/2016 18:30;1,3007;1,2995;0,1071;0,10706;0,6911;0,6906
22/06/2016 18:45;1,3012;1,3;0,10718;0,10709;0,6916;0,691
22/06/2016 19:00;1,301;1,2964;0,10721;0,10713;0,6914;0,6903
22/06/2016 19:15;1,2974;1,2958;0,10717;0,10712;0,6907;0,6898
22/06/2016 19:30;1,2974;1,2962;0,1072;0,10713;0,6902;0,6897
22/06/2016 19:45;1,2979;1,2967;0,10721;0,10715;0,6902;0,6897
22/06/2016 20:00;1,299;1,2975;0,10714;0,10709;0,6898;0,6891
22/06/2016 20:15;1,2992;1,2979;0,10711;0,10708;0,6893;0,6886
22/06/2016 20:30;1,2992;1,2981;0,10713;0,1071;0,69;0,6892
22/06/2016 20:45;1,2997;1,2981;0,10713;0,10711;0,6902;0,6896
22/06/2016 21:00;1,3006;1,2987;0,10712;0,10711;0,6896;0,6892
22/06/2016 21:15;1,2989;1,2978;0,10722;0,10711;0,6895;0,6892
22/06/2016 21:30;1,2992;1,298;0,10722;0,10719;0,6895;0,6893
22/06/2016 21:45;1,3006;1,2989;0,10721;0,10719;0,6894;0,6891
22/06/2016 22:00;1,3016;1,3003;0,10721;0,10714;0,6897;0,6892
22/06/2016 22:15;1,3009;1,3003;0,10715;0,10714;0,6896;0,6891
22/06/2016 22:30;1,3034;1,3005;0,10714;0,10713;0,6894;0,6891
22/06/2016 22:45;1,3037;1,3015;0,10712;0,10711;0,6892;0,689
22/06/2016 23:00;1,3046;1,3013;0,10727;0,1071;0,6892;0,6874
22/06/2016 23:15;1,3079;1,3036;0,10724;0,10717;0,6893;0,6884
22/06/2016 23:30;1,3085;1,3042;0,10727;0,10724;0,689;0,6879
22/06/2016 23:45;1,3067;1,3051;0,1073;0,10724;0,6889;0,6884
23/06/2016;1,3076;1,3043;0,10731;0,10729;0,6893;0,6886
23/06/2016 00:15;1,3054;1,3033;0,10731;0,10729;0,6891;0,6885
23/06/2016 00:30;1,3057;1,304;0,10731;0,1073;0,6893;0,6889
23/06/2016 00:45;1,3057;1,304;0,10731;0,10727;0,6891;0,6888
23/06/2016 01:00;1,3067;1,3056;0,10729;0,10727;0,689;0,6887
23/06/2016 01:15;1,3075;1,3065;0,10729;0,10727;0,6889;0,6887
23/06/2016 01:30;1,3073;1,3056;0,10729;0,10728;0,689;0,6888
23/06/2016 01:45;1,3062;1,3046;0,1073;0,10728;0,689;0,6888
23/06/2016 02:00;1,3075;1,3055;0,10731;0,1073;0,6897;0,6889
23/06/2016 02:15;1,3072;1,3064;0,1073;0,1073;0,6896;0,6895
23/06/2016 02:30;1,3071;1,3062;0,1073;0,1073;0,6895;0,6891
23/06/2016 02:45;1,3074;1,3063;0,1073;0,10728;0,6893;0,6889
23/06/2016 03:00;1,3081;1,3071;0,10731;0,10729;0,6897;0,6892
23/06/2016 03:15;1,3084;1,3074;0,10731;0,1073;0,6897;0,6894
23/06/2016 03:30;1,3078;1,3071;0,1073;0,10729;0,6895;0,6891
23/06/2016 03:45;1,3077;1,307;0,10732;0,10729;0,6894;0,6891
23/06/2016 04:00;1,3075;1,3064;0,10732;0,10731;0,6895;0,689
23/06/2016 04:15;1,3066;1,3058;0,10732;0,10731;0,6891;0,6888
23/06/2016 04:30;1,3059;1,3046;0,10731;0,10731;0,6888;0,6885
23/06/2016 04:45;1,3052;1,3048;0,10731;0,1073;0,6887;0,6885
23/06/2016 05:00;1,3051;1,3047;0,10731;0,1073;0,6886;0,6885
23/06/2016 05:15;1,3048;1,3043;0,10731;0,1073;0,6885;0,6881
23/06/2016 05:30;1,3046;1,304;0,10731;0,1073;0,6882;0,6879
23/06/2016 05:45;1,3045;1,304;0,10731;0,1073;0,6881;0,6879
23/06/2016 06:00;1,3049;1,3042;0,10731;0,1073;0,6884;0,6881
23/06/2016 06:15;1,3049;1,3042;0,10731;0,10731;0,6883;0,6882
23/06/2016 06:30;1,305;1,3046;0,10731;0,10731;0,6884;0,6882
23/06/2016 06:45;1,3052;1,3049;0,10731;0,1073;0,6885;0,6882
23/06/2016 07:00;1,3051;1,3047;0,10731;0,1073;0,6892;0,6886
23/06/2016 07:15;1,3055;1,305;0,10731;0,1073;0,689;0,6888
23/06/2016 07:30;1,3054;1,3047;0,10732;0,1073;0,6889;0,6887
23/06/2016 07:45;1,3048;1,3039;0,10732;0,10731;0,6888;0,6885
23/06/2016 08:00;1,3043;1,3002;0,10732;0,1073;0,6888;0,6883
23/06/2016 08:15;1,3035;1,3003;0,10732;0,10726;0,6892;0,6885
23/06/2016 08:30;1,3019;1,2999;0,10726;0,10721;0,6889;0,6885
23/06/2016 08:45;1,3011;1,299;0,10729;0,10722;0,689;0,6886
23/06/2016 09:00;1,3027;1,3006;0,10728;0,10724;0,6897;0,6889
23/06/2016 09:15;1,3044;1,3025;0,10727;0,10725;0,6899;0,6895
23/06/2016 09:30;1,3034;1,3016;0,10726;0,10723;0,6903;0,6896
23/06/2016 09:45;1,303;1,3019;0,10723;0,10714;0,6906;0,6901
23/06/2016 10:00;1,3058;1,3024;0,10719;0,10713;0,6911;0,6904
23/06/2016 10:15;1,3058;1,3032;0,10721;0,10713;0,691;0,6907
23/06/2016 10:30;1,3049;1,3025;0,10727;0,10719;0,6909;0,6904
23/06/2016 10:45;1,3047;1,3019;0,10729;0,10724;0,6904;0,6897
23/06/2016 11:00;1,3053;1,3018;0,1073;0,10722;0,6904;0,69
23/06/2016 11:15;1,3079;1,3033;0,10751;0,10731;0,6903;0,6887
23/06/2016 11:30;1,308;1,3028;0,10758;0,10751;0,6907;0,6901
23/06/2016 11:45;1,3045;1,3031;0,10756;0,1075;0,6904;0,69
23/06/2016 12:00;1,3068;1,3038;0,10759;0,10751;0,691;0,6904
23/06/2016 12:15;1,3109;1,3055;0,1076;0,10734;0,6916;0,691
23/06/2016 12:30;1,3118;1,3069;0,10745;0,1073;0,6913;0,6904
23/06/2016 12:45;1,3073;1,3032;0,10738;0,10725;0,6907;0,69
23/06/2016 13:00;1,3073;1,3042;0,10734;0,10728;0,6908;0,6902
23/06/2016 13:15;1,3091;1,3062;0,10737;0,10731;0,6909;0,6901
23/06/2016 13:30;1,3089;1,3066;0,10741;0,10732;0,6903;0,6898
23/06/2016 13:45;1,308;1,3045;0,10744;0,10742;0,6906;0,689
23/06/2016 14:00;1,3069;1,3047;0,10751;0,10744;0,6894;0,6887
23/06/2016 14:15;1,3067;1,305;0,10767;0,1075;0,6889;0,6885
23/06/2016 14:30;1,3069;1,3048;0,10767;0,10759;0,6895;0,6886
23/06/2016 14:45;1,3085;1,3063;0,10771;0,10765;0,6896;0,6892
23/06/2016 15:00;1,3083;1,3058;0,1078;0,10769;0,6896;0,6885
23/06/2016 15:15;1,3064;1,3045;0,10769;0,1076;0,6888;0,6879
23/06/2016 15:30;1,3062;1,3047;0,10771;0,10763;0,6886;0,688
23/06/2016 15:45;1,3053;1,2994;0,10769;0,1074;0,6892;0,6885
23/06/2016 16:00;1,3024;1,3002;0,10757;0,10748;0,6888;0,6884
23/06/2016 16:15;1,3028;1,2987;0,10755;0,10744;0,6897;0,6888
23/06/2016 16:30;1,3032;1,2974;0,10745;0,10742;0,6896;0,6892
23/06/2016 16:45;1,305;1,3009;0,10766;0,1074;0,6907;0,6893
23/06/2016 17:00;1,3045;1,3014;0,10773;0,10764;0,6911;0,6906
23/06/2016 17:15;1,3045;1,302;0,10763;0,10752;0,6909;0,6903
23/06/2016 17:30;1,3044;1,3021;0,10765;0,10747;0,6901;0,6893
23/06/2016 17:45;1,303;1,3005;0,10767;0,10756;0,69;0,6893
23/06/2016 18:00;1,3041;1,3011;0,1077;0,10763;0,6899;0,6896
23/06/2016 18:15;1,3053;1,3029;0,1077;0,1076;0,6898;0,6887
23/06/2016 18:30;1,3059;1,3041;0,10766;0,10755;0,6891;0,6885
23/06/2016 18:45;1,3055;1,3041;0,10759;0,1075;0,6888;0,6883
23/06/2016 19:00;1,3058;1,3037;0,10758;0,10756;0,6891;0,6884
23/06/2016 19:15;1,3056;1,3044;0,1076;0,10757;0,6891;0,6884
23/06/2016 19:30;1,3058;1,3037;0,10758;0,10756;0,6891;0,6885
23/06/2016 19:45;1,3062;1,3045;0,10758;0,10755;0,6894;0,6888
23/06/2016 20:00;1,3048;1,3038;0,10758;0,1075;0,6891;0,6886
23/06/2016 20:15;1,3047;1,3032;0,1075;0,10747;0,6889;0,6882
23/06/2016 20:30;1,3039;1,3028;0,10751;0,10747;0,6893;0,6889
23/06/2016 20:45;1,3041;1,3027;0,10751;0,10747;0,6891;0,688
23/06/2016 21:00;1,3051;1,3033;0,10748;0,10745;0,6885;0,688
23/06/2016 21:15;1,3056;1,3044;0,10748;0,10747;0,6888;0,6883
23/06/2016 21:30;1,3085;1,3052;0,10753;0,10748;0,6896;0,6886
23/06/2016 21:45;1,3095;1,3062;0,10751;0,10749;0,6891;0,6877
23/06/2016 22:00;1,3099;1,3073;0,10751;0,10747;0,6887;0,6879
23/06/2016 22:15;1,3088;1,3061;0,10751;0,10747;0,688;0,6864
23/06/2016 22:30;1,3089;1,3069;0,10755;0,10753;0,6877;0,687
23/06/2016 22:45;1,3099;1,3053;0,10767;0,10754;0,6876;0,687
23/06/2016 23:00;1,3134;1,3071;0,10792;0,10759;0,6901;0,6866
23/06/2016 23:15;1,3153;1,311;0,10801;0,1079;0,6881;0,6867
23/06/2016 23:30;1,3159;1,3119;0,10798;0,10786;0,6884;0,6874
23/06/2016 23:45;1,3151;1,3129;0,10798;0,10791;0,6878;0,687
24/06/2016;1,3133;1,3112;0,10807;0,10796;0,6875;0,6866
24/06/2016 00:15;1,314;1,3104;0,10805;0,10796;0,6875;0,6867
24/06/2016 00:30;1,3152;1,3118;0,108;0,10796;0,6879;0,6867
24/06/2016 00:45;1,3128;1,308;0,10801;0,10785;0,6886;0,6869
24/06/2016 01:00;1,3087;1,3045;0,10784;0,10752;0,6887;0,6878
24/06/2016 01:15;1,3064;1,2731;0,10763;0,10743;0,6909;0,6861
24/06/2016 01:30;1,2951;1,2797;0,10751;0,10734;0,6895;0,6864
24/06/2016 01:45;1,2894;1,2828;0,10745;0,10731;0,6888;0,6874
24/06/2016 02:00;1,2885;1,2828;0,10731;0,10728;0,689;0,6877
24/06/2016 02:15;1,2929;1,2869;0,1073;0,10723;0,6889;0,688
24/06/2016 02:30;1,2892;1,2851;0,10725;0,10721;0,6899;0,6885
24/06/2016 02:45;1,2912;1,2835;0,1073;0,10723;0,6903;0,6878
24/06/2016 03:00;1,2873;1,2551;0,10729;0,10703;0,6918;0,689
24/06/2016 03:15;1,2803;1,2555;0,10721;0,1069;0,6925;0,6884
24/06/2016 03:30;1,2907;1,2784;0,10721;0,10711;0,6902;0,6882
24/06/2016 03:45;1,2889;1,2778;0,10714;0,10694;0,6901;0,689
24/06/2016 04:00;1,2836;1,2678;0,10695;0,10666;0,6916;0,6893
24/06/2016 04:15;1,2726;1,2538;0,10668;0,1063;0,6938;0,6904
24/06/2016 04:30;1,2609;1,2355;0,10632;0,10559;0,6958;0,69
24/06/2016 04:45;1,2487;1,2257;0,10605;0,10567;0,6975;0,6919
24/06/2016 05:00;1,2397;1,2201;0,10592;0,10542;0,6979;0,696
24/06/2016 05:15;1,2376;1,2238;0,10594;0,10564;0,6992;0,6972
24/06/2016 05:30;1,2351;1,2247;0,10618;0,10571;0,7006;0,6976
24/06/2016 05:45;1,2287;1,2178;0,10608;0,10583;0,7013;0,6954
24/06/2016 06:00;1,2312;1,2205;0,10613;0,10594;0,6986;0,695
24/06/2016 06:15;1,2226;1,2027;0,10604;0,10584;0,6978;0,696
24/06/2016 06:30;1,2177;1,2029;0,1059;0,10563;0,6969;0,6936
24/06/2016 06:45;1,2238;1,2161;0,10581;0,10553;0,6995;0,6963
24/06/2016 07:00;1,225;1,2201;0,10556;0,10471;0,7006;0,6977
24/06/2016 07:15;1,2258;1,2195;0,10477;0,10434;0,698;0,6962
24/06/2016 07:30;1,2275;1,2191;0,1055;0,10476;0,6968;0,6955
24/06/2016 07:45;1,2383;1,2272;0,10575;0,10553;0,6985;0,6963
24/06/2016 08:00;1,2426;1,2314;0,10618;0,10575;0,6981;0,6959
24/06/2016 08:15;1,2421;1,2346;0,10614;0,10577;0,6982;0,6939
24/06/2016 08:30;1,2459;1,2377;0,10586;0,10565;0,6977;0,6936
24/06/2016 08:45;1,2395;1,2315;0,10576;0,10564;0,6951;0,6933
24/06/2016 09:00;1,2385;1,2324;0,10595;0,10571;0,6952;0,6939
24/06/2016 09:15;1,2393;1,227;0,10618;0,10582;0,6944;0,6936
24/06/2016 09:30;1,2446;1,2356;0,10612;0,10599;0,6937;0,6898
24/06/2016 09:45;1,2403;1,2356;0,10608;0,1058;0,6906;0,6875
24/06/2016 10:00;1,2393;1,2357;0,10629;0,10599;0,69;0,6881
24/06/2016 10:15;1,2394;1,2367;0,10622;0,10608;0,6903;0,6891
24/06/2016 10:30;1,2494;1,2381;0,10624;0,10618;0,6898;0,6884
24/06/2016 10:45;1,2529;1,2485;0,10623;0,10599;0,69;0,6885
24/06/2016 11:00;1,2511;1,2471;0,10598;0,1058;0,6922;0,6899
24/06/2016 11:15;1,2496;1,2469;0,10595;0,10583;0,6927;0,692
24/06/2016 11:30;1,2498;1,2479;0,10583;0,10574;0,6937;0,6924
24/06/2016 11:45;1,2516;1,2487;0,10583;0,10576;0,6927;0,6917
24/06/2016 12:00;1,253;1,2443;0,10578;0,10562;0,6925;0,6913
24/06/2016 12:15;1,2464;1,2409;0,10564;0,10555;0,6927;0,6913
24/06/2016 12:30;1,242;1,2358;0,10553;0,1054;0,6936;0,6921
24/06/2016 12:45;1,2409;1,2346;0,10542;0,10534;0,6944;0,6936
24/06/2016 13:00;1,24;1,2358;0,10538;0,10515;0,6943;0,693
24/06/2016 13:15;1,2402;1,2363;0,10536;0,10513;0,6935;0,692
24/06/2016 13:30;1,2408;1,2393;0,1054;0,10523;0,6942;0,6925
24/06/2016 13:45;1,2399;1,2372;0,10562;0,10526;0,695;0,6934
24/06/2016 14:00;1,244;1,2362;0,10569;0,10565;0,6962;0,695
24/06/2016 14:15;1,2436;1,2381;0,10607;0,10572;0,6964;0,6947
24/06/2016 14:30;1,2404;1,2369;0,1062;0,10583;0,6949;0,6942
24/06/2016 14:45;1,2419;1,2368;0,10619;0,10612;0,6983;0,6948
24/06/2016 15:00;1,2425;1,2329;0,1063;0,10624;0,6988;0,6974
24/06/2016 15:15;1,2421;1,2378;0,10626;0,10616;0,6979;0,6965
24/06/2016 15:30;1,2464;1,2407;0,10627;0,10619;0,6984;0,6972
24/06/2016 15:45;1,245;1,2394;0,10638;0,10628;0,6967;0,695
24/06/2016 16:00;1,246;1,2414;0,10635;0,10629;0,6973;0,6949
24/06/2016 16:15;1,2464;1,2427;0,1064;0,10627;0,6962;0,6954
24/06/2016 16:30;1,244;1,2367;0,10642;0,10628;0,6964;0,6946
24/06/2016 16:45;1,239;1,2252;0,10653;0,10636;0,698;0,6961
24/06/2016 17:00;1,2287;1,2222;0,10668;0,10656;0,6972;0,6961
24/06/2016 17:15;1,2291;1,2254;0,10667;0,10653;0,6976;0,6956
24/06/2016 17:30;1,2278;1,2233;0,10661;0,10653;0,6962;0,6949
24/06/2016 17:45;1,2278;1,2241;0,10661;0,10658;0,6962;0,6946
24/06/2016 18:00;1,2258;1,2207;0,10657;0,10633;0,694;0,6931
24/06/2016 18:15;1,226;1,2204;0,10635;0,10625;0,6947;0,6935
24/06/2016 18:30;1,2294;1,2239;0,10631;0,10623;0,6944;0,6929
24/06/2016 18:45;1,2335;1,2276;0,10622;0,10609;0,6931;0,6908
24/06/2016 19:00;1,2329;1,2282;0,10612;0,10599;0,6921;0,6908
24/06/2016 19:15;1,2325;1,2309;0,10612;0,10601;0,692;0,6909
24/06/2016 19:30;1,2326;1,2293;0,10611;0,10605;0,6914;0,691
24/06/2016 19:45;1,2334;1,2268;0,10629;0,1061;0,6923;0,6914
24/06/2016 20:00;1,2315;1,2253;0,10632;0,10628;0,693;0,692
24/06/2016 20:15;1,2304;1,2261;0,10635;0,10627;0,6937;0,6928
24/06/2016 20:30;1,231;1,2286;0,10634;0,10629;0,6947;0,6937
24/06/2016 20:45;1,2309;1,226;0,10644;0,10627;0,6942;0,6931
24/06/2016 21:00;1,2288;1,225;0,10627;0,10615;0,6931;0,6919
24/06/2016 21:15;1,2281;1,2254;0,10625;0,10622;0,693;0,692
24/06/2016 21:30;1,231;1,2275;0,1064;0,10615;0,6938;0,6923
24/06/2016 21:45;1,2318;1,2271;0,10621;0,10611;0,6937;0,6919
24/06/2016 22:00;1,2322;1,227;0,10622;0,10607;0,6945;0,6925
24/06/2016 22:15;1,2331;1,2304;0,10615;0,1061;0,6928;0,6922
24/06/2016 22:30;1,2334;1,2288;0,1063;0,10613;0,6935;0,6923
24/06/2016 22:45;1,2327;1,2304;0,10635;0,10623;0,6932;0,6922
26/06/2016 21:00;1,2302;1,2216;0,10673;0,10609;0,6994;0,6945
26/06/2016 21:15;1,2256;1,2235;0,10633;0,10611;0,6999;0,6974
26/06/2016 21:30;1,2255;1,223;0,10642;0,10623;0,698;0,6966
26/06/2016 21:45;1,2267;1,2235;0,10629;0,10604;0,6981;0,6967
26/06/2016 22:00;1,2258;1,2247;0,10634;0,10615;0,697;0,6958
26/06/2016 22:15;1,2251;1,224;0,10635;0,10623;0,6964;0,6951
26/06/2016 22:30;1,2247;1,2215;0,10631;0,10617;0,6958;0,6952
26/06/2016 22:45;1,2218;1,2188;0,10626;0,10602;0,6967;0,6961
26/06/2016 23:00;1,2207;1,2186;0,10606;0,106;0,6961;0,6949
26/06/2016 23:15;1,2192;1,2152;0,10607;0,10604;0,6953;0,6942
26/06/2016 23:30;1,2169;1,2151;0,10621;0,10605;0,6954;0,6943
26/06/2016 23:45;1,2166;1,2148;0,10623;0,10605;0,6952;0,694
27/06/2016;1,222;1,2153;0,10607;0,10603;0,6949;0,6939
27/06/2016 00:15;1,2188;1,2151;0,10606;0,10603;0,6947;0,6935
27/06/2016 00:30;1,2172;1,2139;0,10606;0,10604;0,6939;0,6931
27/06/2016 00:45;1,2168;1,215;0,10606;0,10604;0,6934;0,6927
27/06/2016 01:00;1,2176;1,2149;0,1061;0,10605;0,6947;0,6929
27/06/2016 01:15;1,2169;1,2143;0,10621;0,10606;0,6953;0,6947
27/06/2016 01:30;1,2163;1,2147;0,10621;0,10614;0,6965;0,6951
27/06/2016 01:45;1,2213;1,213;0,10615;0,10611;0,6963;0,6954
27/06/2016 02:00;1,2188;1,2169;0,10613;0,10608;0,696;0,6952
27/06/2016 02:15;1,2185;1,215;0,10621;0,10612;0,6955;0,6946
27/06/2016 02:30;1,2162;1,2148;0,10633;0,10621;0,6955;0,6947
27/06/2016 02:45;1,2166;1,2141;0,10644;0,10633;0,6961;0,695
27/06/2016 03:00;1,2173;1,2155;0,10644;0,10639;0,6959;0,6952
27/06/2016 03:15;1,2165;1,2135;0,10644;0,10616;0,6956;0,695
27/06/2016 03:30;1,2171;1,2138;0,10638;0,10614;0,6952;0,6945
27/06/2016 03:45;1,2183;1,2164;0,10638;0,10633;0,6957;0,6947
27/06/2016 04:00;1,2179;1,216;0,10635;0,1063;0,6952;0,6947
27/06/2016 04:15;1,2188;1,2158;0,10638;0,10626;0,6958;0,6949
27/06/2016 04:30;1,2192;1,218;0,10632;0,10627;0,6958;0,6954
27/06/2016 04:45;1,2182;1,2175;0,10632;0,10621;0,6954;0,6949
27/06/2016 05:00;1,2184;1,2162;0,10632;0,1062;0,6955;0,6949
27/06/2016 05:15;1,2173;1,2155;0,10633;0,10617;0,6952;0,6944
27/06/2016 05:30;1,2161;1,2152;0,10618;0,10609;0,6951;0,6947
27/06/2016 05:45;1,2169;1,2148;0,10635;0,10611;0,6949;0,6944
27/06/2016 06:00;1,216;1,215;0,10637;0,10633;0,6947;0,6944
27/06/2016 06:15;1,2161;1,2143;0,10635;0,10633;0,6944;0,6941
27/06/2016 06:30;1,2174;1,2153;0,10634;0,10633;0,6955;0,6944
27/06/2016 06:45;1,2176;1,2163;0,10634;0,10632;0,6956;0,6949
27/06/2016 07:00;1,2166;1,2149;0,10633;0,10627;0,6951;0,6946
27/06/2016 07:15;1,2161;1,215;0,10628;0,10621;0,6949;0,6944
27/06/2016 07:30;1,2164;1,2147;0,10623;0,10621;0,6951;0,6946
27/06/2016 07:45;1,2153;1,2137;0,10625;0,1062;0,6949;0,6942
27/06/2016 08:00;1,216;1,2133;0,1064;0,10621;0,6955;0,6944
27/06/2016 08:15;1,2178;1,2133;0,10633;0,10619;0,695;0,694
27/06/2016 08:30;1,2176;1,2159;0,10631;0,10608;0,6947;0,6938
27/06/2016 08:45;1,2182;1,2155;0,10631;0,10623;0,6949;0,6943
27/06/2016 09:00;1,2188;1,2168;0,10639;0,10625;0,695;0,6944
27/06/2016 09:15;1,2184;1,2148;0,10646;0,10633;0,6951;0,6942
27/06/2016 09:30;1,2167;1,2129;0,10649;0,10641;0,6951;0,6945
27/06/2016 09:45;1,2134;1,2098;0,10651;0,10641;0,6952;0,6945
27/06/2016 10:00;1,2144;1,21;0,10666;0,10644;0,695;0,694
27/06/2016 10:15;1,2139;1,2106;0,10673;0,10663;0,695;0,6942
27/06/2016 10:30;1,2122;1,2079;0,10663;0,10651;0,6959;0,695
27/06/2016 10:45;1,211;1,2057;0,10657;0,10641;0,6959;0,6952
27/06/2016 11:00;1,2071;1,2048;0,10643;0,10637;0,6963;0,6953
27/06/2016 11:15;1,2064;1,201;0,10657;0,10642;0,6975;0,6961
27/06/2016 11:30;1,2055;1,2027;0,1067;0,10655;0,6975;0,6966
27/06/2016 11:45;1,2041;1,1988;0,10661;0,10641;0,6972;0,6966
27/06/2016 12:00;1,2045;1,2008;0,10644;0,10637;0,6975;0,6966
27/06/2016 12:15;1,2029;1,198;0,10651;0,10637;0,6974;0,6967
27/06/2016 12:30;1,2006;1,1978;0,10657;0,10649;0,697;0,6963
27/06/2016 12:45;1,2001;1,1983;0,10658;0,1065;0,6976;0,6965
27/06/2016 13:00;1,2012;1,1988;0,10658;0,10654;0,6981;0,6971
27/06/2016 13:15;1,2005;1,1985;0,10672;0,10656;0,6982;0,6976
27/06/2016 13:30;1,2011;1,1994;0,10682;0,10668;0,6985;0,698
27/06/2016 13:45;1,2002;1,1974;0,10669;0,10648;0,6985;0,6971
27/06/2016 14:00;1,2003;1,1973;0,10648;0,10633;0,6971;0,6962
27/06/2016 14:15;1,2002;1,1974;0,10639;0,10631;0,6989;0,6963
27/06/2016 14:30;1,2011;1,1989;0,10638;0,10636;0,6993;0,6983
27/06/2016 14:45;1,2026;1,2003;0,10648;0,10632;0,6994;0,6983
27/06/2016 15:00;1,2023;1,1985;0,10648;0,10639;0,6983;0,6972
27/06/2016 15:15;1,2023;1,1973;0,10651;0,10644;0,6978;0,6972
27/06/2016 15:30;1,2026;1,2011;0,10656;0,1065;0,6976;0,697
27/06/2016 15:45;1,2027;1,1991;0,10667;0,1065;0,6974;0,6959
27/06/2016 16:00;1,2019;1,199;0,10659;0,1065;0,6958;0,6947
27/06/2016 16:15;1,2017;1,2003;0,10653;0,10637;0,6954;0,6949
27/06/2016 16:30;1,202;1,1994;0,10637;0,10635;0,6957;0,695
27/06/2016 16:45;1,1998;1,1954;0,1064;0,10633;0,6955;0,6945
27/06/2016 17:00;1,2007;1,1978;0,10633;0,10617;0,6963;0,6953
27/06/2016 17:15;1,2011;1,1995;0,1062;0,10614;0,696;0,6949
27/06/2016 17:30;1,2008;1,1982;0,10618;0,10609;0,6946;0,6941
27/06/2016 17:45;1,2006;1,1989;0,10613;0,10601;0,6943;0,6937
27/06/2016 18:00;1,1992;1,1934;0,106;0,10596;0,6938;0,6927
27/06/2016 18:15;1,1975;1,194;0,10601;0,10597;0,6931;0,6923
27/06/2016 18:30;1,1988;1,1963;0,10605;0,10598;0,693;0,6922
27/06/2016 18:45;1,1985;1,1956;0,10609;0,10599;0,6928;0,6921
27/06/2016 19:00;1,1981;1,1967;0,10604;0,106;0,6927;0,6921
27/06/2016 19:15;1,1993;1,1977;0,10602;0,10597;0,6926;0,6923
27/06/2016 19:30;1,1989;1,1945;0,10598;0,10591;0,6931;0,6922
27/06/2016 19:45;1,1978;1,195;0,10592;0,10587;0,6929;0,6923
27/06/2016 20:00;1,1983;1,196;0,10585;0,10574;0,6933;0,6925
27/06/2016 20:15;1,1986;1,1963;0,1058;0,10577;0,6938;0,6931
27/06/2016 20:30;1,1988;1,1967;0,10586;0,10577;0,694;0,6932
27/06/2016 20:45;1,1984;1,1965;0,10584;0,10583;0,694;0,6936
27/06/2016 21:00;1,198;1,197;0,10591;0,10584;0,6939;0,6935
27/06/2016 21:15;1,1978;1,1965;0,1059;0,10589;0,6941;0,6933
27/06/2016 21:30;1,1984;1,1965;0,10595;0,10589;0,6947;0,6936
27/06/2016 21:45;1,2;1,1979;0,10595;0,10594;0,695;0,6943
27/06/2016 22:00;1,1997;1,1977;0,10595;0,10592;0,6946;0,6939
27/06/2016 22:15;1,1997;1,1982;0,10599;0,10594;0,6944;0,6938
27/06/2016 22:30;1,1997;1,1987;0,10603;0,10597;0,6945;0,6936
27/06/2016 22:45;1,2001;1,1993;0,10604;0,10599;0,694;0,6935
27/06/2016 23:00;1,2005;1,1995;0,10621;0,106;0,6941;0,6935
27/06/2016 23:15;1,2001;1,1994;0,10623;0,10613;0,6939;0,6935
27/06/2016 23:30;1,2001;1,1982;0,10627;0,10612;0,6939;0,6936
27/06/2016 23:45;1,2003;1,1984;0,10616;0,10596;0,6938;0,6935
28/06/2016;1,2002;1,1993;0,10609;0,106;0,6938;0,6934
28/06/2016 00:15;1,2002;1,1996;0,10607;0,10606;0,6942;0,6938
28/06/2016 00:30;1,2004;1,1997;0,1061;0,10606;0,6945;0,694
28/06/2016 00:45;1,2011;1,2003;0,1061;0,10608;0,6945;0,6943
28/06/2016 01:00;1,2016;1,2005;0,10611;0,10609;0,6947;0,6944
28/06/2016 01:15;1,2016;1,2012;0,10609;0,10607;0,6945;0,6944
28/06/2016 01:30;1,2017;1,2014;0,1061;0,10608;0,6947;0,6944
28/06/2016 01:45;1,2015;1,2007;0,1061;0,10609;0,6949;0,6947
28/06/2016 02:00;1,2012;1,2;0,10609;0,10604;0,6947;0,6943
28/06/2016 02:15;1,2004;1,1994;0,10605;0,10604;0,6944;0,6941
28/06/2016 02:30;1,1999;1,1993;0,10605;0,10604;0,6944;0,6941
28/06/2016 02:45;1,2002;1,1993;0,10604;0,10603;0,6945;0,6942
28/06/2016 03:00;1,2006;1,1998;0,10605;0,10603;0,6947;0,6943
28/06/2016 03:15;1,2017;1,2003;0,10607;0,10604;0,6949;0,6944
28/06/2016 03:30;1,2013;1,2002;0,10606;0,10606;0,695;0,6945
28/06/2016 03:45;1,2057;1,2006;0,10609;0,10606;0,695;0,6946
28/06/2016 04:00;1,2049;1,2028;0,10609;0,10608;0,6949;0,6943
28/06/2016 04:15;1,2058;1,2038;0,10612;0,10609;0,6948;0,6944
28/06/2016 04:30;1,2058;1,2046;0,10621;0,10612;0,6951;0,6945
28/06/2016 04:45;1,2063;1,2046;0,10622;0,10619;0,6958;0,6948
28/06/2016 05:00;1,2061;1,2047;0,10622;0,1062;0,6959;0,6955
28/06/2016 05:15;1,2056;1,205;0,10621;0,1062;0,6958;0,6956
28/06/2016 05:30;1,2053;1,2046;0,10625;0,10622;0,6956;0,6954
28/06/2016 05:45;1,2047;1,2034;0,10624;0,10623;0,6954;0,6951
28/06/2016 06:00;1,2043;1,2032;0,10638;0,10623;0,6954;0,6951
28/06/2016 06:15;1,2043;1,2026;0,10636;0,10627;0,6953;0,695
28/06/2016 06:30;1,2037;1,2026;0,10631;0,10627;0,6951;0,6948
28/06/2016 06:45;1,2035;1,2016;0,10637;0,10629;0,695;0,6948
28/06/2016 07:00;1,2037;1,2013;0,10638;0,10636;0,6954;0,6949
28/06/2016 07:15;1,2047;1,2034;0,10642;0,10637;0,696;0,6952
28/06/2016 07:30;1,2047;1,2037;0,10642;0,10639;0,6962;0,6959
28/06/2016 07:45;1,2043;1,2018;0,10641;0,10637;0,6962;0,6957
28/06/2016 08:00;1,2028;1,2003;0,10637;0,10624;0,6962;0,6955
28/06/2016 08:15;1,2029;1,1993;0,10636;0,10628;0,6957;0,695
28/06/2016 08:30;1,2031;1,201;0,1063;0,10617;0,6954;0,6951
28/06/2016 08:45;1,2033;1,2004;0,10621;0,10617;0,6954;0,6948
28/06/2016 09:00;1,204;1,2003;0,10621;0,10615;0,6958;0,6951
28/06/2016 09:15;1,2024;1,2006;0,10617;0,10611;0,6962;0,6955
28/06/2016 09:30;1,2055;1,2021;0,10632;0,10615;0,6965;0,696
28/06/2016 09:45;1,206;1,2039;0,10632;0,10623;0,6966;0,696
28/06/2016 10:00;1,2071;1,2051;0,10633;0,1063;0,6964;0,696
28/06/2016 10:15;1,206;1,2037;0,10633;0,10623;0,6964;0,6961
28/06/2016 10:30;1,205;1,2022;0,10623;0,1061;0,6964;0,696
28/06/2016 10:45;1,2036;1,2016;0,10612;0,10606;0,6967;0,6963
28/06/2016 11:00;1,204;1,2026;0,10619;0,10609;0,6969;0,6966
28/06/2016 11:15;1,2035;1,2024;0,10621;0,10612;0,6967;0,6958
28/06/2016 11:30;1,2034;1,2023;0,10615;0,1061;0,6959;0,6956
28/06/2016 11:45;1,2036;1,2023;0,10611;0,106;0,6956;0,6941
28/06/2016 12:00;1,2035;1,2015;0,10612;0,10598;0,6946;0,6934
28/06/2016 12:15;1,203;1,2013;0,10617;0,1061;0,6942;0,6939
28/06/2016 12:30;1,2027;1,2017;0,10614;0,10598;0,6939;0,693
28/06/2016 12:45;1,2031;1,2015;0,106;0,10596;0,6932;0,6923
28/06/2016 13:00;1,2034;1,2018;0,10595;0,10587;0,6928;0,6923
28/06/2016 13:15;1,2048;1,2026;0,10591;0,10584;0,6927;0,692
28/06/2016 13:30;1,205;1,2039;0,10591;0,10582;0,6924;0,692
28/06/2016 13:45;1,2053;1,2037;0,10582;0,10577;0,6927;0,6923
28/06/2016 14:00;1,2094;1,2052;0,10591;0,10579;0,6929;0,6922
28/06/2016 14:15;1,2099;1,2083;0,10602;0,1059;0,693;0,6927
28/06/2016 14:30;1,2104;1,2078;0,1061;0,10592;0,6935;0,6928
28/06/2016 14:45;1,2111;1,2097;0,10612;0,10603;0,6933;0,6927
28/06/2016 15:00;1,2108;1,2073;0,10609;0,10604;0,693;0,6919
28/06/2016 15:15;1,2094;1,2078;0,10606;0,10598;0,6929;0,6921
28/06/2016 15:30;1,2106;1,2089;0,10604;0,10593;0,6929;0,6925
28/06/2016 15:45;1,2105;1,2096;0,10599;0,10591;0,6931;0,6927
28/06/2016 16:00;1,2107;1,2088;0,10601;0,10594;0,6933;0,6925
28/06/2016 16:15;1,2093;1,2058;0,10599;0,1059;0,6925;0,6914
28/06/2016 16:30;1,2071;1,202;0,10591;0,10583;0,692;0,6915
28/06/2016 16:45;1,2058;1,2033;0,10597;0,10583;0,6918;0,6914
28/06/2016 17:00;1,2075;1,2055;0,10586;0,10573;0,6922;0,6914
28/06/2016 17:15;1,2069;1,2052;0,1059;0,10579;0,6921;0,6916
28/06/2016 17:30;1,2058;1,2043;0,10592;0,10584;0,6923;0,6916
28/06/2016 17:45;1,2051;1,2011;0,10594;0,10586;0,6916;0,6905
28/06/2016 18:00;1,2037;1,2019;0,106;0,10594;0,6914;0,6904
28/06/2016 18:15;1,204;1,2027;0,10596;0,10593;0,691;0,6905
28/06/2016 18:30;1,206;1,2027;0,10599;0,10593;0,6918;0,6907
28/06/2016 18:45;1,2076;1,2054;0,10605;0,10598;0,692;0,6914
28/06/2016 19:00;1,208;1,206;0,10605;0,10602;0,6923;0,6917
28/06/2016 19:15;1,2082;1,207;0,10609;0,10604;0,6926;0,6921
28/06/2016 19:30;1,2078;1,2069;0,10612;0,10607;0,693;0,6921
28/06/2016 19:45;1,2078;1,2066;0,10613;0,10608;0,6932;0,6927
28/06/2016 20:00;1,2081;1,2068;0,10608;0,10602;0,6933;0,6927
28/06/2016 20:15;1,2079;1,2064;0,10603;0,10602;0,6931;0,6924
28/06/2016 20:30;1,2073;1,206;0,10605;0,10603;0,6935;0,693
28/06/2016 20:45;1,2085;1,2061;0,10609;0,10604;0,6934;0,693
28/06/2016 21:00;1,2084;1,2071;0,10611;0,10609;0,6935;0,6929
28/06/2016 21:15;1,2074;1,2054;0,10612;0,1061;0,6929;0,6924
28/06/2016 21:30;1,2064;1,2052;0,10613;0,10611;0,6929;0,6925
28/06/2016 21:45;1,2059;1,2049;0,10613;0,1061;0,693;0,6925
28/06/2016 22:00;1,2056;1,2042;0,10613;0,10612;0,6926;0,692
28/06/2016 22:15;1,2046;1,2034;0,10621;0,10614;0,6923;0,6919
28/06/2016 22:30;1,2056;1,2036;0,10625;0,10621;0,6932;0,6921
28/06/2016 22:45;1,2063;1,2054;0,10624;0,10623;0,6939;0,6931
28/06/2016 23:00;1,2068;1,2053;0,10624;0,10623;0,6938;0,6935
28/06/2016 23:15;1,2062;1,2046;0,10625;0,10624;0,6938;0,6934
28/06/2016 23:30;1,2056;1,2039;0,10626;0,10623;0,6936;0,6932
28/06/2016 23:45;1,2051;1,2031;0,10625;0,10623;0,6933;0,6928
29/06/2016;1,2071;1,2032;0,10625;0,10624;0,693;0,6927
29/06/2016 00:15;1,2073;1,2053;0,10626;0,10625;0,6932;0,6928
29/06/2016 00:30;1,2073;1,2057;0,10626;0,10624;0,6933;0,6931
29/06/2016 00:45;1,2061;1,2053;0,10627;0,10626;0,6934;0,6931
29/06/2016 01:00;1,2063;1,2057;0,10629;0,10626;0,6934;0,6932
29/06/2016 01:15;1,2061;1,2044;0,10629;0,10626;0,6933;0,6931
29/06/2016 01:30;1,2058;1,2052;0,10629;0,10626;0,6935;0,6931
29/06/2016 01:45;1,2058;1,205;0,1063;0,10629;0,6935;0,6932
29/06/2016 02:00;1,2058;1,2046;0,1063;0,10628;0,6934;0,6929
29/06/2016 02:15;1,2051;1,204;0,10631;0,10627;0,6932;0,6928
29/06/2016 02:30;1,2049;1,2041;0,10627;0,10626;0,6933;0,6931
29/06/2016 02:45;1,2045;1,2018;0,10627;0,10625;0,6933;0,6931
29/06/2016 03:00;1,2034;1,2018;0,10627;0,10625;0,6938;0,693
29/06/2016 03:15;1,2042;1,2025;0,10631;0,10627;0,6942;0,6938
29/06/2016 03:30;1,2046;1,2034;0,10633;0,1063;0,6944;0,694
29/06/2016 03:45;1,2054;1,2041;0,10633;0,10632;0,6946;0,6943
29/06/2016 04:00;1,2053;1,2042;0,10633;0,10632;0,6946;0,6944
29/06/2016 04:15;1,2049;1,2039;0,10632;0,10632;0,6945;0,6941
29/06/2016 04:30;1,2045;1,2036;0,10632;0,1063;0,6942;0,694
29/06/2016 04:45;1,2041;1,2034;0,10631;0,1063;0,6942;0,694
29/06/2016 05:00;1,2044;1,2036;0,10633;0,1063;0,6944;0,6941
29/06/2016 05:15;1,2039;1,203;0,10631;0,1063;0,6943;0,694
29/06/2016 05:30;1,2042;1,2033;0,10632;0,1063;0,6943;0,694
29/06/2016 05:45;1,2037;1,2033;0,10631;0,1063;0,6941;0,6939
29/06/2016 06:00;1,2043;1,2035;0,10631;0,1063;0,6939;0,6938
29/06/2016 06:15;1,2049;1,2039;0,10633;0,1063;0,694;0,6938
29/06/2016 06:30;1,2048;1,2044;0,10633;0,10632;0,6941;0,6939
29/06/2016 06:45;1,2047;1,2042;0,10634;0,10633;0,6941;0,6938
29/06/2016 07:00;1,2052;1,2045;0,10634;0,10631;0,6943;0,694
29/06/2016 07:15;1,2055;1,2048;0,10631;0,10629;0,6941;0,6939
29/06/2016 07:30;1,2056;1,2044;0,1063;0,10627;0,694;0,6935
29/06/2016 07:45;1,2048;1,2023;0,10628;0,10623;0,6941;0,6937
29/06/2016 08:00;1,2038;1,2024;0,10625;0,1062;0,6942;0,6938
29/06/2016 08:15;1,2053;1,2029;0,10627;0,1062;0,6939;0,6936
29/06/2016 08:30;1,2071;1,2047;0,10625;0,10615;0,6939;0,6933
29/06/2016 08:45;1,2063;1,205;0,1062;0,10609;0,6937;0,6933
29/06/2016 09:00;1,2071;1,2041;0,10616;0,10605;0,6938;0,6932
29/06/2016 09:15;1,2078;1,2061;0,10616;0,10605;0,6934;0,6925
29/06/2016 09:30;1,2088;1,2068;0,10617;0,1061;0,6931;0,6926
29/06/2016 09:45;1,2101;1,2069;0,10614;0,10608;0,694;0,6931
29/06/2016 10:00;1,2107;1,2086;0,10613;0,106;0,6942;0,6939
29/06/2016 10:15;1,2121;1,2099;0,10606;0,10599;0,6948;0,6941
29/06/2016 10:30;1,2107;1,2081;0,10606;0,10601;0,6946;0,6941
29/06/2016 10:45;1,2116;1,2094;0,10607;0,10602;0,6955;0,6945
29/06/2016 11:00;1,2118;1,2099;0,10606;0,10599;0,6959;0,6952
29/06/2016 11:15;1,2116;1,2106;0,10605;0,10598;0,6957;0,6952
29/06/2016 11:30;1,2114;1,2099;0,10604;0,10597;0,6954;0,695
29/06/2016 11:45;1,2103;1,2087;0,10602;0,10599;0,695;0,6946
29/06/2016 12:00;1,2107;1,2081;0,10601;0,1059;0,6949;0,6939
29/06/2016 12:15;1,2099;1,2083;0,10597;0,10587;0,6942;0,6938
29/06/2016 12:30;1,2097;1,2086;0,106;0,10594;0,6944;0,6941
29/06/2016 12:45;1,2105;1,209;0,10605;0,10591;0,6944;0,6942
29/06/2016 13:00;1,2128;1,2102;0,10604;0,10599;0,6947;0,6941
29/06/2016 13:15;1,2132;1,2119;0,10605;0,10601;0,6947;0,6941
29/06/2016 13:30;1,2135;1,2125;0,10602;0,10597;0,6946;0,6942
29/06/2016 13:45;1,213;1,2108;0,10602;0,106;0,6945;0,6941
29/06/2016 14:00;1,213;1,2106;0,10603;0,10599;0,6944;0,694
29/06/2016 14:15;1,2127;1,2105;0,10602;0,10594;0,6946;0,6937
29/06/2016 14:30;1,2128;1,2113;0,10604;0,10595;0,6944;0,6938
29/06/2016 14:45;1,2161;1,2122;0,10598;0,10592;0,6943;0,6935
29/06/2016 15:00;1,2163;1,2135;0,10599;0,10596;0,6943;0,692
29/06/2016 15:15;1,215;1,2137;0,10601;0,10598;0,6925;0,6921
29/06/2016 15:30;1,2159;1,2138;0,10603;0,10597;0,6923;0,6914
29/06/2016 15:45;1,2163;1,2145;0,10601;0,10595;0,6922;0,6915
29/06/2016 16:00;1,2163;1,2144;0,10602;0,10591;0,6917;0,6912
29/06/2016 16:15;1,2172;1,2157;0,10602;0,10595;0,6929;0,6917
29/06/2016 16:30;1,2178;1,2155;0,10597;0,10595;0,6936;0,6927
29/06/2016 16:45;1,2186;1,2167;0,10598;0,10593;0,6941;0,6932
29/06/2016 17:00;1,2186;1,2157;0,10611;0,106;0,6931;0,6922
29/06/2016 17:15;1,2169;1,2153;0,10612;0,10602;0,6925;0,6922
29/06/2016 17:30;1,2169;1,216;0,10616;0,10602;0,6927;0,6923
29/06/2016 17:45;1,2165;1,2142;0,10628;0,10617;0,6928;0,6921
29/06/2016 18:00;1,2153;1,2137;0,10632;0,10626;0,6932;0,6924
29/06/2016 18:15;1,2157;1,2141;0,10632;0,10626;0,6939;0,693
29/06/2016 18:30;1,2157;1,2141;0,10629;0,10625;0,6939;0,6934
29/06/2016 18:45;1,2148;1,2138;0,10627;0,10624;0,6937;0,693
29/06/2016 19:00;1,2147;1,2137;0,10625;0,10613;0,6943;0,6934
29/06/2016 19:15;1,2141;1,2115;0,10617;0,10614;0,6937;0,693
29/06/2016 19:30;1,2121;1,21;0,10616;0,10612;0,693;0,6918
29/06/2016 19:45;1,2102;1,2087;0,10618;0,10613;0,6924;0,6917
29/06/2016 20:00;1,2096;1,2087;0,10618;0,10616;0,6931;0,6923
29/06/2016 20:15;1,2093;1,2084;0,10617;0,10615;0,6938;0,6931
29/06/2016 20:30;1,2094;1,2088;0,10618;0,10616;0,6938;0,6932
29/06/2016 20:45;1,2096;1,2081;0,10623;0,10617;0,6938;0,6934
29/06/2016 21:00;1,2096;1,2087;0,10624;0,10618;0,6939;0,6933
29/06/2016 21:15;1,2095;1,2087;0,10629;0,10624;0,694;0,6935
29/06/2016 21:30;1,2094;1,2086;0,10627;0,10625;0,6939;0,6937
29/06/2016 21:45;1,2106;1,209;0,10626;0,10619;0,6944;0,694
29/06/2016 22:00;1,2104;1,2095;0,10626;0,10621;0,6942;0,6937
29/06/2016 22:15;1,2118;1,21;0,10626;0,10625;0,6942;0,6936
29/06/2016 22:30;1,2109;1,2089;0,10633;0,10626;0,6946;0,6939
29/06/2016 22:45;1,2099;1,2057;0,10631;0,10629;0,695;0,694
29/06/2016 23:00;1,2088;1,2066;0,1063;0,10625;0,6952;0,6948
29/06/2016 23:15;1,209;1,2074;0,10625;0,10621;0,6951;0,6942
29/06/2016 23:30;1,2092;1,2076;0,10625;0,10621;0,6946;0,6942
29/06/2016 23:45;1,2091;1,2075;0,10625;0,10621;0,6944;0,6942
30/06/2016;1,2097;1,2082;0,10631;0,10626;0,6948;0,6942
30/06/2016 00:15;1,2106;1,2091;0,10629;0,10628;0,6947;0,6942
30/06/2016 00:30;1,21;1,2093;0,10629;0,10628;0,6945;0,6942
30/06/2016 00:45;1,2095;1,2088;0,10629;0,10628;0,6944;0,6942
30/06/2016 01:00;1,2098;1,2091;0,10633;0,10628;0,6946;0,6944
30/06/2016 01:15;1,2101;1,2088;0,10633;0,10631;0,6947;0,6945
30/06/2016 01:30;1,2096;1,2089;0,10634;0,10632;0,6946;0,6944
30/06/2016 01:45;1,2105;1,2092;0,10634;0,1063;0,6951;0,6945
30/06/2016 02:00;1,2098;1,2093;0,10633;0,1063;0,6952;0,6948
30/06/2016 02:15;1,21;1,209;0,1063;0,1063;0,6954;0,695
30/06/2016 02:30;1,2097;1,2091;0,1063;0,10629;0,6955;0,6953
30/06/2016 02:45;1,2105;1,2096;0,10631;0,10629;0,6959;0,6951
30/06/2016 03:00;1,2104;1,2088;0,1063;0,10627;0,6958;0,6952
30/06/2016 03:15;1,2088;1,208;0,10629;0,10627;0,6953;0,6951
30/06/2016 03:30;1,2083;1,2064;0,10629;0,10627;0,6953;0,6948
30/06/2016 03:45;1,2075;1,2066;0,10629;0,10628;0,6953;0,695
30/06/2016 04:00;1,2074;1,2064;0,1063;0,10627;0,6953;0,6948
30/06/2016 04:15;1,2073;1,2064;0,10629;0,10628;0,6955;0,6951
30/06/2016 04:30;1,2074;1,2064;0,10629;0,10626;0,6954;0,6952
30/06/2016 04:45;1,2073;1,2068;0,1063;0,10626;0,6956;0,6953
30/06/2016 05:00;1,2071;1,2066;0,1063;0,10629;0,6954;0,6952
30/06/2016 05:15;1,2074;1,2063;0,1063;0,10629;0,6952;0,6949
30/06/2016 05:30;1,2072;1,2065;0,10629;0,10629;0,6952;0,6949
30/06/2016 05:45;1,2076;1,2066;0,10629;0,10628;0,6952;0,695
30/06/2016 06:00;1,2074;1,2065;0,1063;0,10629;0,6953;0,6951
30/06/2016 06:15;1,2067;1,206;0,1063;0,10628;0,6953;0,695
30/06/2016 06:30;1,2065;1,2058;0,10629;0,10628;0,6952;0,6949
30/06/2016 06:45;1,2071;1,2063;0,1063;0,10629;0,6951;0,695
30/06/2016 07:00;1,2072;1,2066;0,1063;0,10627;0,6951;0,6949
30/06/2016 07:15;1,2072;1,2062;0,10628;0,10626;0,695;0,6948
30/06/2016 07:30;1,2078;1,2061;0,10628;0,10624;0,6952;0,695
30/06/2016 07:45;1,2081;1,2069;0,10624;0,1062;0,6954;0,695
30/06/2016 08:00;1,2074;1,2053;0,10624;0,10617;0,6955;0,6945
30/06/2016 08:15;1,2081;1,206;0,10626;0,10618;0,695;0,6944
30/06/2016 08:30;1,2095;1,2068;0,10626;0,10619;0,6953;0,6944
30/06/2016 08:45;1,2108;1,2085;0,10624;0,10618;0,6947;0,6944
30/06/2016 09:00;1,2105;1,2085;0,10629;0,10622;0,6949;0,694
30/06/2016 09:15;1,2109;1,2083;0,10625;0,10619;0,6942;0,6938
30/06/2016 09:30;1,2118;1,2089;0,10623;0,10617;0,6943;0,6936
30/06/2016 09:45;1,212;1,2103;0,10623;0,10613;0,6943;0,6939
30/06/2016 10:00;1,2125;1,2107;0,1062;0,10615;0,6945;0,6936
30/06/2016 10:15;1,2125;1,2098;0,10619;0,10616;0,6943;0,6935
30/06/2016 10:30;1,2131;1,2104;0,10618;0,10616;0,6943;0,6939
30/06/2016 10:45;1,2128;1,212;0,10618;0,1061;0,6945;0,6942
30/06/2016 11:00;1,2129;1,2116;0,10614;0,10607;0,6946;0,6939
30/06/2016 11:15;1,2128;1,2112;0,10611;0,10593;0,6946;0,6941
30/06/2016 11:30;1,2118;1,208;0,10605;0,10594;0,6945;0,6938
30/06/2016 11:45;1,2095;1,2081;0,10608;0,106;0,6946;0,694
30/06/2016 12:00;1,2093;1,2065;0,1061;0,10603;0,6946;0,6936
30/06/2016 12:15;1,2075;1,206;0,10605;0,10598;0,6938;0,6934
30/06/2016 12:30;1,2083;1,2061;0,10611;0,10599;0,6935;0,6931
30/06/2016 12:45;1,2104;1,207;0,10611;0,10605;0,694;0,6932
30/06/2016 13:00;1,2111;1,2087;0,10621;0,10612;0,6944;0,6939
30/06/2016 13:15;1,2091;1,2071;0,10621;0,10613;0,6949;0,6938
30/06/2016 13:30;1,2101;1,2081;0,1062;0,10613;0,6956;0,6946
30/06/2016 13:45;1,2102;1,2081;0,10617;0,10603;0,6956;0,695
30/06/2016 14:00;1,2104;1,2085;0,10613;0,10604;0,6957;0,6951
30/06/2016 14:15;1,2116;1,2091;0,10618;0,10608;0,6956;0,6948
30/06/2016 14:30;1,2134;1,2109;0,1062;0,10613;0,697;0,6955
30/06/2016 14:45;1,2133;1,2117;0,10615;0,10609;0,6956;0,6949
30/06/2016 15:00;1,2121;1,2083;0,10614;0,1061;0,6958;0,6951
30/06/2016 15:15;1,2099;1,2073;0,10614;0,10609;0,6958;0,6949
30/06/2016 15:30;1,2095;1,2067;0,10612;0,10604;0,6956;0,695
30/06/2016 15:45;1,2098;1,2087;0,10609;0,10601;0,6951;0,6927
30/06/2016 16:00;1,2088;1,2071;0,10604;0,10596;0,6938;0,6925
30/06/2016 16:15;1,2096;1,2075;0,10607;0,106;0,6939;0,693
30/06/2016 16:30;1,2097;1,2081;0,10609;0,106;0,694;0,6935
30/06/2016 16:45;1,2085;1,2061;0,10628;0,10603;0,6934;0,6924
30/06/2016 17:00;1,208;1,1933;0,10628;0,10615;0,6941;0,6931
30/06/2016 17:15;1,1977;1,194;0,10625;0,10617;0,6939;0,6928
30/06/2016 17:30;1,1981;1,1929;0,10626;0,10619;0,6937;0,693
30/06/2016 17:45;1,2001;1,1945;0,10627;0,1062;0,6966;0,6932
30/06/2016 18:00;1,2006;1,1951;0,10634;0,10624;0,697;0,695
30/06/2016 18:15;1,1986;1,1957;0,10642;0,10629;0,6963;0,6952
30/06/2016 18:30;1,1989;1,1967;0,10642;0,10631;0,6957;0,695
30/06/2016 18:45;1,1987;1,1969;0,10652;0,10638;0,6963;0,6956
30/06/2016 19:00;1,2003;1,1974;0,10651;0,10642;0,6965;0,6955
30/06/2016 19:15;1,1989;1,1975;0,10648;0,1064;0,6963;0,6955
30/06/2016 19:30;1,1986;1,1965;0,10644;0,10635;0,6972;0,6962
30/06/2016 19:45;1,199;1,1975;0,1064;0,10635;0,698;0,6971
30/06/2016 20:00;1,1978;1,196;0,10648;0,10636;0,6976;0,6968
30/06/2016 20:15;1,1965;1,1952;0,10641;0,10633;0,6973;0,6959
30/06/2016 20:30;1,1964;1,1949;0,10636;0,10634;0,6963;0,6959
30/06/2016 20:45;1,1959;1,1945;0,10642;0,10633;0,6963;0,6956
30/06/2016 21:00;1,1977;1,195;0,10645;0,10639;0,6962;0,6957
30/06/2016 21:15;1,1978;1,197;0,10646;0,10644;0,6966;0,696
30/06/2016 21:30;1,1984;1,1971;0,10649;0,10644;0,6971;0,6965
30/06/2016 21:45;1,2001;1,198;0,10651;0,10647;0,6976;0,6967
30/06/2016 22:00;1,2018;1,1996;0,10655;0,1065;0,6977;0,6967
30/06/2016 22:15;1,2017;1,1994;0,10656;0,10652;0,6969;0,6964
30/06/2016 22:30;1,2009;1,199;0,10656;0,10651;0,6969;0,6963
30/06/2016 22:45;1,2002;1,1984;0,10654;0,10644;0,6975;0,6966
30/06/2016 23:00;1,1992;1,1981;0,10646;0,10641;0,6971;0,6961
30/06/2016 23:15;1,1988;1,1966;0,10647;0,10644;0,6964;0,6958
30/06/2016 23:30;1,1977;1,1963;0,10656;0,10646;0,6962;0,6959
30/06/2016 23:45;1,1977;1,1964;0,10656;0,10654;0,6962;0,6952
01/07/2016;1,1987;1,1968;0,10657;0,10654;0,6961;0,6958
01/07/2016 00:15;1,1974;1,1964;0,10657;0,10655;0,6961;0,6956
01/07/2016 00:30;1,1984;1,1973;0,10657;0,10655;0,6963;0,6955
01/07/2016 00:45;1,2002;1,1981;0,10656;0,10655;0,6959;0,6954
01/07/2016 01:00;1,2011;1,1994;0,10656;0,10652;0,6956;0,6951
01/07/2016 01:15;1,2016;1,2007;0,10653;0,1065;0,6952;0,695
01/07/2016 01:30;1,2016;1,201;0,10652;0,1065;0,6952;0,695
01/07/2016 01:45;1,2017;1,1999;0,10652;0,10649;0,6951;0,6948
01/07/2016 02:00;1,2014;1,2002;0,10653;0,10649;0,695;0,6948
01/07/2016 02:15;1,2011;1,2001;0,10652;0,10649;0,6949;0,6944
01/07/2016 02:30;1,2012;1,2005;0,10651;0,10649;0,6947;0,6944
01/07/2016 02:45;1,2013;1,2002;0,10652;0,10646;0,6945;0,6941
01/07/2016 03:00;1,2009;1,1998;0,10649;0,10646;0,6942;0,6936
01/07/2016 03:15;1,2016;1,2007;0,10648;0,10646;0,6939;0,6936
01/07/2016 03:30;1,2015;1,2003;0,10649;0,10644;0,6941;0,6938
01/07/2016 03:45;1,2012;1,2004;0,10652;0,10649;0,6945;0,6938
01/07/2016 04:00;1,2015;1,2008;0,10652;0,1065;0,6947;0,6942
01/07/2016 04:15;1,2017;1,2012;0,10652;0,1065;0,695;0,6946
01/07/2016 04:30;1,2018;1,2014;0,10652;0,10651;0,695;0,6948
01/07/2016 04:45;1,202;1,2016;0,10652;0,10651;0,695;0,6948
01/07/2016 05:00;1,2019;1,2015;0,10652;0,10651;0,6952;0,6949
01/07/2016 05:15;1,202;1,2015;0,10655;0,10651;0,6958;0,6952
01/07/2016 05:30;1,202;1,2013;0,10655;0,10654;0,696;0,6956
01/07/2016 05:45;1,2025;1,2017;0,10655;0,10654;0,6961;0,696
01/07/2016 06:00;1,2024;1,2007;0,10654;0,10653;0,6962;0,6957
01/07/2016 06:15;1,2016;1,2005;0,10654;0,10653;0,6959;0,6956
01/07/2016 06:30;1,2012;1,2003;0,10654;0,10652;0,6958;0,6955
01/07/2016 06:45;1,2013;1,2009;0,10653;0,10652;0,6958;0,6956
01/07/2016 07:00;1,2013;1,2002;0,10653;0,10652;0,6957;0,6956
01/07/2016 07:15;1,2007;1,1998;0,10653;0,10652;0,6958;0,6955
01/07/2016 07:30;1,2009;1,2004;0,10656;0,10653;0,696;0,6957
01/07/2016 07:45;1,201;1,1998;0,10654;0,10647;0,6963;0,6959
01/07/2016 08:00;1,2002;1,1988;0,10646;0,10641;0,6965;0,6958
01/07/2016 08:15;1,1995;1,1974;0,10648;0,10641;0,6961;0,6957
01/07/2016 08:30;1,199;1,1978;0,10649;0,10645;0,6959;0,6956
01/07/2016 08:45;1,2001;1,1981;0,10647;0,10645;0,6961;0,6956
01/07/2016 09:00;1,2001;1,1988;0,10653;0,10646;0,6964;0,6961
01/07/2016 09:15;1,1999;1,1979;0,10649;0,10644;0,6967;0,6963
01/07/2016 09:30;1,199;1,1946;0,10645;0,10627;0,6965;0,6954
01/07/2016 09:45;1,1971;1,1952;0,10628;0,10617;0,6963;0,6957
01/07/2016 10:00;1,1988;1,1963;0,10627;0,10618;0,6965;0,6959
01/07/2016 10:15;1,1985;1,1961;0,10626;0,10622;0,6965;0,6958
01/07/2016 10:30;1,1996;1,1977;0,10631;0,10624;0,6968;0,696
01/07/2016 10:45;1,1994;1,1977;0,10633;0,10624;0,6968;0,6962
01/07/2016 11:00;1,1984;1,1972;0,10637;0,10632;0,6962;0,6954
01/07/2016 11:15;1,1983;1,197;0,10643;0,10633;0,6955;0,6951
01/07/2016 11:30;1,1983;1,197;0,10638;0,10635;0,6955;0,6949
01/07/2016 11:45;1,1989;1,1974;0,10641;0,10635;0,6952;0,6949
01/07/2016 12:00;1,1986;1,1956;0,1064;0,10634;0,6954;0,6949
01/07/2016 12:15;1,1959;1,1932;0,10636;0,10633;0,695;0,6946
01/07/2016 12:30;1,1952;1,1937;0,10634;0,10633;0,6953;0,695
01/07/2016 12:45;1,1949;1,1939;0,10638;0,10633;0,6951;0,6948
01/07/2016 13:00;1,1963;1,1938;0,10635;0,10632;0,6949;0,6946
01/07/2016 13:15;1,1963;1,1952;0,10635;0,10633;0,6951;0,6949
01/07/2016 13:30;1,1957;1,1946;0,10638;0,10633;0,6951;0,6949
01/07/2016 13:45;1,1957;1,1949;0,10645;0,10635;0,6959;0,695
01/07/2016 14:00;1,1954;1,1921;0,1065;0,10645;0,696;0,6949
01/07/2016 14:15;1,194;1,1927;0,1066;0,10647;0,696;0,6949
01/07/2016 14:30;1,1947;1,1935;0,1066;0,10652;0,6963;0,6959
01/07/2016 14:45;1,1953;1,194;0,1066;0,10651;0,6961;0,6957
01/07/2016 15:00;1,1946;1,1934;0,10649;0,10643;0,6958;0,6951
01/07/2016 15:15;1,1953;1,1941;0,10648;0,10639;0,6954;0,6947
01/07/2016 15:30;1,1954;1,194;0,10654;0,10642;0,6967;0,6953
01/07/2016 15:45;1,1956;1,1942;0,10659;0,10651;0,697;0,6965
01/07/2016 16:00;1,1958;1,1941;0,10658;0,10649;0,6971;0,6963
01/07/2016 16:15;1,1954;1,1939;0,10651;0,10645;0,6973;0,6968
01/07/2016 16:30;1,1945;1,1929;0,10657;0,10647;0,6978;0,6969
01/07/2016 16:45;1,1934;1,191;0,10656;0,10647;0,6972;0,6967
01/07/2016 17:00;1,1923;1,1912;0,10658;0,10641;0,6967;0,695
01/07/2016 17:15;1,1916;1,1896;0,10644;0,1064;0,6952;0,6945
01/07/2016 17:30;1,192;1,1903;0,10643;0,1064;0,6952;0,6947
01/07/2016 17:45;1,1924;1,1911;0,10641;0,1064;0,6961;0,6951
01/07/2016 18:00;1,1917;1,1904;0,10645;0,1064;0,6958;0,6951
01/07/2016 18:15;1,1914;1,1901;0,10648;0,10643;0,6956;0,6949
01/07/2016 18:30;1,1909;1,1899;0,10646;0,10641;0,6952;0,6948
01/07/2016 18:45;1,1931;1,1906;0,10649;0,10643;0,6957;0,6948
01/07/2016 19:00;1,193;1,1898;0,10648;0,10644;0,6953;0,6947
01/07/2016 19:15;1,1911;1,1901;0,10646;0,10641;0,6951;0,6947
01/07/2016 19:30;1,1914;1,1903;0,10642;0,10639;0,6954;0,6947
01/07/2016 19:45;1,1916;1,1903;0,10642;0,10639;0,6955;0,6951
01/07/2016 20:00;1,1921;1,1911;0,1064;0,10637;0,6965;0,6956
01/07/2016 20:15;1,1924;1,1911;0,10639;0,10637;0,697;0,6962
01/07/2016 20:30;1,1926;1,1916;0,1064;0,10637;0,6972;0,6968
01/07/2016 20:45;1,192;1,1913;0,1064;0,10639;0,6968;0,6962
01/07/2016 21:00;1,1922;1,1914;0,1064;0,10638;0,6963;0,6958
01/07/2016 21:15;1,1929;1,1917;0,1064;0,10637;0,6961;0,6959
01/07/2016 21:30;1,1929;1,1915;0,10638;0,10638;0,6958;0,6956
01/07/2016 21:45;1,1932;1,1923;0,10639;0,10637;0,6958;0,6956
01/07/2016 22:00;1,1935;1,1926;0,10637;0,10633;0,6962;0,6957
01/07/2016 22:15;1,1928;1,1922;0,10635;0,10633;0,6961;0,6958
01/07/2016 22:30;1,1928;1,1917;0,10641;0,10635;0,6959;0,6953
01/07/2016 22:45;1,1922;1,1908;0,10644;0,10639;0,6954;0,695
03/07/2016 21:00;1,1917;1,1899;0,10646;0,1064;0,6964;0,6954
03/07/2016 21:15;1,1911;1,1902;0,10647;0,10641;0,696;0,6955
03/07/2016 21:30;1,1905;1,19;0,10648;0,10641;0,6955;0,6952
03/07/2016 21:45;1,1903;1,1894;0,10649;0,10642;0,6959;0,6955
03/07/2016 22:00;1,1902;1,1899;0,10656;0,10633;0,6957;0,6953
03/07/2016 22:15;1,1901;1,1899;0,10645;0,10644;0,6954;0,6952
03/07/2016 22:30;1,1902;1,1899;0,10645;0,10643;0,6955;0,6952
03/07/2016 22:45;1,1902;1,1899;0,10648;0,10643;0,6955;0,6952
03/07/2016 23:00;1,1912;1,1898;0,10647;0,10643;0,6954;0,6951
03/07/2016 23:15;1,1927;1,1905;0,10646;0,10643;0,6957;0,6951
03/07/2016 23:30;1,1925;1,1922;0,10645;0,10642;0,6955;0,6954
03/07/2016 23:45;1,1933;1,1924;0,10646;0,10643;0,6955;0,6954
04/07/2016;1,1936;1,1925;0,10647;0,10638;0,6956;0,6951
04/07/2016 00:15;1,1932;1,1925;0,10642;0,10641;0,6955;0,6951
04/07/2016 00:30;1,194;1,1925;0,10644;0,10642;0,696;0,6952
04/07/2016 00:45;1,1939;1,1933;0,10647;0,10642;0,696;0,6957
04/07/2016 01:00;1,1937;1,1929;0,10647;0,10645;0,6958;0,6955
04/07/2016 01:15;1,1939;1,1933;0,10647;0,10645;0,6959;0,6957
04/07/2016 01:30;1,1939;1,1933;0,10646;0,10644;0,6958;0,6956
04/07/2016 01:45;1,1938;1,1934;0,10646;0,10643;0,696;0,6957
04/07/2016 02:00;1,1939;1,1934;0,10644;0,10642;0,6961;0,6959
04/07/2016 02:15;1,1935;1,1929;0,10644;0,10642;0,696;0,6958
04/07/2016 02:30;1,1936;1,1932;0,10643;0,10636;0,6959;0,6958
04/07/2016 02:45;1,1935;1,193;0,10638;0,10627;0,696;0,6958
04/07/2016 03:00;1,1933;1,1928;0,10627;0,10626;0,6961;0,6959
04/07/2016 03:15;1,1929;1,1923;0,10626;0,10625;0,6962;0,6959
04/07/2016 03:30;1,1926;1,1921;0,10625;0,10624;0,6966;0,6961
04/07/2016 03:45;1,1933;1,1924;0,10625;0,10624;0,6967;0,6964
04/07/2016 04:00;1,1934;1,1927;0,10636;0,10625;0,6965;0,6961
04/07/2016 04:15;1,1944;1,193;0,10634;0,10633;0,6963;0,6962
04/07/2016 04:30;1,1947;1,1936;0,10635;0,10633;0,6964;0,6962
04/07/2016 04:45;1,1943;1,1939;0,10634;0,10634;0,6963;0,696
04/07/2016 05:00;1,1942;1,1939;0,10634;0,10634;0,6963;0,696
04/07/2016 05:15;1,1941;1,1936;0,10634;0,10634;0,6964;0,6963
04/07/2016 05:30;1,1941;1,1928;0,10635;0,10634;0,6964;0,6963
04/07/2016 05:45;1,1931;1,1924;0,10635;0,10634;0,6964;0,6962
04/07/2016 06:00;1,193;1,1926;0,10634;0,10627;0,6963;0,6962
04/07/2016 06:15;1,1933;1,1926;0,10631;0,10629;0,6964;0,6962
04/07/2016 06:30;1,1935;1,1932;0,10631;0,10629;0,6964;0,6963
04/07/2016 06:45;1,1935;1,193;0,1063;0,10629;0,6966;0,6963
04/07/2016 07:00;1,1936;1,1929;0,1063;0,1063;0,6966;0,6964
04/07/2016 07:15;1,1937;1,1931;0,1063;0,10629;0,6965;0,6963
04/07/2016 07:30;1,1936;1,193;0,10631;0,10629;0,6966;0,6963
04/07/2016 07:45;1,1937;1,193;0,10635;0,1063;0,697;0,6966
04/07/2016 08:00;1,1937;1,1926;0,10639;0,10634;0,6974;0,697
04/07/2016 08:15;1,1936;1,1924;0,10646;0,1064;0,6973;0,697
04/07/2016 08:30;1,1937;1,1928;0,10645;0,10643;0,6976;0,6969
04/07/2016 08:45;1,1943;1,1931;0,10644;0,10641;0,6979;0,6972
04/07/2016 09:00;1,1941;1,1934;0,10645;0,1064;0,6983;0,6973
04/07/2016 09:15;1,1941;1,1929;0,10644;0,1064;0,6977;0,6973
04/07/2016 09:30;1,1939;1,1928;0,10641;0,10639;0,6974;0,697
04/07/2016 09:45;1,1947;1,1933;0,10641;0,10639;0,6975;0,6971
04/07/2016 10:00;1,1955;1,1934;0,10642;0,10639;0,698;0,6974
04/07/2016 10:15;1,197;1,1946;0,10643;0,10639;0,6985;0,6977
04/07/2016 10:30;1,1965;1,1934;0,10642;0,10639;0,6987;0,6983
04/07/2016 10:45;1,1947;1,1927;0,10642;0,1063;0,6987;0,6982
04/07/2016 11:00;1,1943;1,1927;0,10641;0,10635;0,6986;0,6984
04/07/2016 11:15;1,1942;1,193;0,10639;0,10634;0,6987;0,6983
04/07/2016 11:30;1,1941;1,1928;0,10642;0,10636;0,6986;0,698
04/07/2016 11:45;1,1941;1,1923;0,10645;0,10638;0,6982;0,6976
04/07/2016 12:00;1,1947;1,1933;0,10645;0,10642;0,698;0,6978
04/07/2016 12:15;1,194;1,1932;0,10645;0,1064;0,6981;0,6979
04/07/2016 12:30;1,1938;1,1932;0,10645;0,10635;0,698;0,6977
04/07/2016 12:45;1,1939;1,191;0,10637;0,10634;0,6985;0,6978
04/07/2016 13:00;1,1921;1,1906;0,10637;0,10634;0,6989;0,6984
04/07/2016 13:15;1,1926;1,1915;0,10638;0,10636;0,6989;0,6985
04/07/2016 13:30;1,1926;1,1918;0,10643;0,10638;0,6988;0,6982
04/07/2016 13:45;1,1927;1,1914;0,10648;0,10642;0,6983;0,6979
04/07/2016 14:00;1,1922;1,1915;0,10652;0,10648;0,6982;0,698
04/07/2016 14:15;1,1922;1,1908;0,10649;0,10644;0,698;0,6974
04/07/2016 14:30;1,1918;1,191;0,10653;0,10646;0,6982;0,6979
04/07/2016 14:45;1,1915;1,1907;0,10651;0,10646;0,6983;0,6979
04/07/2016 15:00;1,1917;1,1907;0,10652;0,10644;0,6981;0,6977
04/07/2016 15:15;1,1916;1,1908;0,10647;0,10642;0,6986;0,6978
04/07/2016 15:30;1,1915;1,1909;0,10647;0,1064;0,6983;0,6981
04/07/2016 15:45;1,1919;1,1906;0,10641;0,10639;0,6986;0,6982
04/07/2016 16:00;1,192;1,1908;0,10642;0,10637;0,6985;0,6981
04/07/2016 16:15;1,193;1,1913;0,10641;0,10636;0,6991;0,6984
04/07/2016 16:30;1,193;1,1925;0,10637;0,10631;0,6994;0,6988
04/07/2016 16:45;1,1933;1,1926;0,10639;0,10636;0,6996;0,6992
04/07/2016 17:00;1,1933;1,1926;0,1064;0,10637;0,6994;0,6986
04/07/2016 17:15;1,1972;1,193;0,10638;0,10634;0,699;0,6986
04/07/2016 17:30;1,196;1,1948;0,1064;0,10637;0,6993;0,6989
04/07/2016 17:45;1,1955;1,1934;0,10642;0,10638;0,6992;0,6987
04/07/2016 18:00;1,1934;1,1927;0,10641;0,10638;0,6987;0,6983
04/07/2016 18:15;1,1935;1,1924;0,10641;0,10639;0,6985;0,6982
04/07/2016 18:30;1,1927;1,1917;0,1064;0,10639;0,6985;0,6983
04/07/2016 18:45;1,193;1,1917;0,10641;0,10639;0,6985;0,6979
04/07/2016 19:00;1,1929;1,192;0,10639;0,10637;0,6979;0,6975
04/07/2016 19:15;1,1935;1,1918;0,1064;0,10637;0,6981;0,6977
04/07/2016 19:30;1,1931;1,1917;0,10638;0,10637;0,698;0,6977
04/07/2016 19:45;1,1923;1,1913;0,1064;0,10638;0,6981;0,6976
04/07/2016 20:00;1,1921;1,1915;0,10646;0,10641;0,6982;0,6979
04/07/2016 20:15;1,192;1,1912;0,1065;0,10647;0,698;0,6973
04/07/2016 20:30;1,1915;1,1913;0,10649;0,10648;0,6978;0,6975
04/07/2016 20:45;1,1916;1,1912;0,10649;0,10648;0,6978;0,6974
04/07/2016 21:00;1,1917;1,1912;0,10651;0,1065;0,6974;0,6972
04/07/2016 21:15;1,1917;1,1913;0,10651;0,10651;0,6974;0,6972
04/07/2016 21:30;1,1917;1,1914;0,10651;0,1065;0,6977;0,6973
04/07/2016 21:45;1,1917;1,1915;0,10651;0,10648;0,6976;0,6974
04/07/2016 22:00;1,1916;1,191;0,10651;0,1065;0,6977;0,6973
04/07/2016 22:15;1,1916;1,191;0,1065;0,1065;0,6977;0,6973
04/07/2016 22:30;1,1917;1,191;0,1065;0,10649;0,6977;0,6975
04/07/2016 22:45;1,1917;1,1914;0,1065;0,10649;0,698;0,6976
04/07/2016 23:00;1,1918;1,1912;0,1065;0,10648;0,6981;0,6977
04/07/2016 23:15;1,1919;1,1912;0,10649;0,10648;0,6979;0,6978
04/07/2016 23:30;1,1919;1,1911;0,1065;0,10649;0,698;0,6979
04/07/2016 23:45;1,1917;1,1913;0,1065;0,10649;0,6981;0,6979
05/07/2016;1,1915;1,1909;0,10649;0,10647;0,6981;0,6978
05/07/2016 00:15;1,1915;1,1909;0,10648;0,10647;0,698;0,6978
05/07/2016 00:30;1,1916;1,1912;0,1065;0,10648;0,6981;0,6979
05/07/2016 00:45;1,1918;1,1912;0,10649;0,10649;0,698;0,6978
05/07/2016 01:00;1,1917;1,1912;0,1065;0,10649;0,6981;0,6974
05/07/2016 01:15;1,1918;1,1914;0,1065;0,10649;0,6976;0,6974
05/07/2016 01:30;1,192;1,1911;0,1065;0,10648;0,6976;0,6974
05/07/2016 01:45;1,1918;1,1913;0,1065;0,1065;0,6975;0,6972
05/07/2016 02:00;1,1919;1,1915;0,10651;0,1065;0,6973;0,6972
05/07/2016 02:15;1,1918;1,191;0,10651;0,1065;0,6974;0,6972
05/07/2016 02:30;1,1915;1,1911;0,10651;0,1065;0,6975;0,6972
05/07/2016 02:45;1,1917;1,1911;0,10651;0,1065;0,6978;0,6975
05/07/2016 03:00;1,1914;1,1907;0,10652;0,1065;0,6977;0,6975
05/07/2016 03:15;1,191;1,1901;0,10652;0,10651;0,6978;0,6972
05/07/2016 03:30;1,1909;1,1898;0,10651;0,1065;0,6974;0,6969
05/07/2016 03:45;1,1908;1,19;0,10651;0,1065;0,6975;0,697
05/07/2016 04:00;1,1912;1,19;0,10652;0,1065;0,6975;0,6973
05/07/2016 04:15;1,1911;1,1904;0,10652;0,10651;0,6976;0,6974
05/07/2016 04:30;1,1907;1,1903;0,10652;0,10651;0,6975;0,6972
05/07/2016 04:45;1,1904;1,1902;0,10652;0,10652;0,6977;0,6975
05/07/2016 05:00;1,1909;1,1902;0,10653;0,10651;0,6976;0,6973
05/07/2016 05:15;1,1909;1,1905;0,10653;0,10652;0,6973;0,6971
05/07/2016 05:30;1,191;1,1904;0,10653;0,10652;0,6971;0,6969
05/07/2016 05:45;1,191;1,1904;0,10653;0,10652;0,6972;0,6971
05/07/2016 06:00;1,1908;1,1904;0,10654;0,10652;0,6972;0,6971
05/07/2016 06:15;1,1912;1,1905;0,10652;0,10648;0,6975;0,6972
05/07/2016 06:30;1,1913;1,1902;0,10649;0,10647;0,6978;0,6971
05/07/2016 06:45;1,1908;1,1903;0,10649;0,10647;0,6976;0,6972
05/07/2016 07:00;1,1908;1,1906;0,10648;0,10645;0,6977;0,6973
05/07/2016 07:15;1,1908;1,1902;0,10647;0,10645;0,6976;0,6975
05/07/2016 07:30;1,1909;1,19;0,10646;0,10644;0,6978;0,6975
05/07/2016 07:45;1,1909;1,1902;0,10646;0,10644;0,6978;0,6976
05/07/2016 08:00;1,1904;1,1887;0,10648;0,10645;0,6981;0,6977
05/07/2016 08:15;1,1897;1,1884;0,10651;0,10647;0,6986;0,698
05/07/2016 08:30;1,1888;1,1863;0,1065;0,10641;0,6981;0,6971
05/07/2016 08:45;1,187;1,1843;0,10645;0,10641;0,6977;0,6969
05/07/2016 09:00;1,1855;1,1821;0,10645;0,1064;0,698;0,6971
05/07/2016 09:15;1,1837;1,1808;0,10641;0,10634;0,6977;0,6971
05/07/2016 09:30;1,182;1,1787;0,10638;0,1063;0,6969;0,6961
05/07/2016 09:45;1,1796;1,1783;0,10635;0,10631;0,6971;0,6965
05/07/2016 10:00;1,1816;1,1794;0,10633;0,10627;0,6972;0,6968
05/07/2016 10:15;1,1821;1,1799;0,10635;0,10629;0,6974;0,6967
05/07/2016 10:30;1,1809;1,1778;0,10633;0,10618;0,6967;0,696
05/07/2016 10:45;1,1795;1,1778;0,10624;0,10618;0,6966;0,6958
05/07/2016 11:00;1,1798;1,1788;0,10621;0,10611;0,6963;0,6958
05/07/2016 11:15;1,1796;1,1784;0,10613;0,10609;0,696;0,6955
05/07/2016 11:30;1,1796;1,1781;0,10615;0,10609;0,6961;0,6957
05/07/2016 11:45;1,1805;1,1786;0,10613;0,10607;0,6957;0,6954
05/07/2016 12:00;1,182;1,1796;0,10614;0,10608;0,6955;0,6947
05/07/2016 12:15;1,1829;1,1805;0,10616;0,10608;0,6951;0,6948
05/07/2016 12:30;1,1827;1,1811;0,10617;0,10611;0,6952;0,6948
05/07/2016 12:45;1,1816;1,1796;0,10617;0,10613;0,6948;0,6942
05/07/2016 13:00;1,1805;1,1794;0,10619;0,10612;0,6951;0,6947
05/07/2016 13:15;1,18;1,1782;0,10618;0,10611;0,6952;0,694
05/07/2016 13:30;1,1784;1,1775;0,10618;0,10613;0,6938;0,6931
05/07/2016 13:45;1,1787;1,1767;0,10612;0,10604;0,694;0,6933
05/07/2016 14:00;1,177;1,1754;0,10609;0,106;0,6939;0,6935
05/07/2016 14:15;1,178;1,1758;0,10601;0,10597;0,694;0,6933
05/07/2016 14:30;1,1773;1,1757;0,10605;0,10599;0,6942;0,6938
05/07/2016 14:45;1,176;1,1703;0,10605;0,10593;0,6937;0,6927
05/07/2016 15:00;1,1721;1,1703;0,10599;0,10591;0,6928;0,6921
05/07/2016 15:15;1,1726;1,1708;0,10593;0,10586;0,6927;0,6925
05/07/2016 15:30;1,1731;1,1716;0,10596;0,10588;0,6929;0,6922
05/07/2016 15:45;1,1749;1,1699;0,10595;0,10587;0,6924;0,6913
05/07/2016 16:00;1,1753;1,1734;0,10598;0,10588;0,6929;0,692
05/07/2016 16:15;1,1746;1,1729;0,10593;0,10586;0,6928;0,6921
05/07/2016 16:30;1,1749;1,1729;0,10593;0,10585;0,6931;0,6923
05/07/2016 16:45;1,175;1,1724;0,10592;0,10584;0,6948;0,6927
05/07/2016 17:00;1,1761;1,1744;0,10591;0,10582;0,6954;0,6949
05/07/2016 17:15;1,1763;1,1741;0,10587;0,10581;0,6962;0,6953
05/07/2016 17:30;1,1768;1,1748;0,10586;0,10581;0,6966;0,696
05/07/2016 17:45;1,1759;1,1746;0,10586;0,10583;0,6974;0,6963
05/07/2016 18:00;1,1764;1,1744;0,1059;0,10583;0,6979;0,6968
05/07/2016 18:15;1,1773;1,1758;0,10589;0,10586;0,6976;0,6969
05/07/2016 18:30;1,1775;1,1759;0,10585;0,10581;0,697;0,6965
05/07/2016 18:45;1,1776;1,1763;0,10581;0,10575;0,6969;0,6964
05/07/2016 19:00;1,1773;1,176;0,10577;0,10575;0,6969;0,6966
05/07/2016 19:15;1,1768;1,1761;0,10586;0,10575;0,697;0,6966
05/07/2016 19:30;1,1767;1,176;0,10587;0,10575;0,6967;0,6962
05/07/2016 19:45;1,1777;1,1764;0,10584;0,10574;0,6967;0,6964
05/07/2016 20:00;1,1777;1,1771;0,10585;0,10583;0,6968;0,6962
05/07/2016 20:15;1,1778;1,1756;0,10586;0,10584;0,6967;0,696
05/07/2016 20:30;1,1765;1,1755;0,10585;0,10583;0,6962;0,6956
05/07/2016 20:45;1,1769;1,1755;0,10585;0,10584;0,6957;0,6952
05/07/2016 21:00;1,1769;1,176;0,10584;0,10583;0,6956;0,6951
05/07/2016 21:15;1,1772;1,1766;0,10584;0,10583;0,6956;0,6951
05/07/2016 21:30;1,1778;1,177;0,10588;0,10584;0,6954;0,6948
05/07/2016 21:45;1,1778;1,1772;0,10589;0,10588;0,695;0,6942
05/07/2016 22:00;1,1777;1,1764;0,10589;0,10588;0,6951;0,6941
05/07/2016 22:15;1,1775;1,1763;0,10588;0,10584;0,6953;0,6949
05/07/2016 22:30;1,1769;1,1763;0,10585;0,10584;0,6955;0,6953
05/07/2016 22:45;1,1768;1,1757;0,10591;0,10585;0,6956;0,6953
05/07/2016 23:00;1,1766;1,1757;0,10593;0,10589;0,6957;0,6954
05/07/2016 23:15;1,1765;1,1756;0,10592;0,1059;0,6958;0,6956
05/07/2016 23:30;1,1766;1,176;0,10597;0,1059;0,6957;0,6955
05/07/2016 23:45;1,1771;1,1764;0,10592;0,10589;0,6961;0,6956
06/07/2016;1,1769;1,1764;0,10593;0,10589;0,6958;0,6955
06/07/2016 00:15;1,1769;1,1765;0,10592;0,10592;0,6957;0,6955
06/07/2016 00:30;1,1768;1,1753;0,10592;0,10591;0,6957;0,6955
06/07/2016 00:45;1,1755;1,1739;0,10592;0,10591;0,6956;0,6954
06/07/2016 01:00;1,1758;1,1719;0,10593;0,10591;0,6956;0,6951
06/07/2016 01:15;1,1732;1,1712;0,10592;0,10589;0,6953;0,6949
06/07/2016 01:30;1,1719;1,1706;0,10594;0,10591;0,6951;0,6947
06/07/2016 01:45;1,1722;1,1706;0,10593;0,10592;0,6951;0,6948
06/07/2016 02:00;1,1729;1,1715;0,10594;0,10593;0,695;0,6945
06/07/2016 02:15;1,173;1,172;0,10594;0,10592;0,695;0,6947
06/07/2016 02:30;1,173;1,172;0,10594;0,10592;0,6953;0,6949
06/07/2016 02:45;1,1733;1,1724;0,10596;0,10593;0,6957;0,6952
06/07/2016 03:00;1,1732;1,1715;0,10596;0,1059;0,6955;0,6951
06/07/2016 03:15;1,1723;1,1705;0,10594;0,10591;0,6952;0,6948
06/07/2016 03:30;1,1716;1,1706;0,1059;0,10585;0,6948;0,6945
06/07/2016 03:45;1,1708;1,1663;0,1059;0,10578;0,6948;0,6945
06/07/2016 04:00;1,1671;1,1592;0,10585;0,10581;0,6946;0,6943
06/07/2016 04:15;1,1661;1,1618;0,10586;0,10583;0,6951;0,6945
06/07/2016 04:30;1,1663;1,1646;0,10584;0,1058;0,6952;0,6948
06/07/2016 04:45;1,1665;1,1643;0,10582;0,1058;0,6955;0,6947
06/07/2016 05:00;1,1662;1,1645;0,10585;0,10581;0,6956;0,6948
06/07/2016 05:15;1,1648;1,1628;0,10582;0,1058;0,6948;0,6946
06/07/2016 05:30;1,1679;1,1632;0,10584;0,1058;0,695;0,6944
06/07/2016 05:45;1,167;1,1655;0,10585;0,10581;0,6952;0,6948
06/07/2016 06:00;1,1666;1,1655;0,10585;0,10584;0,6952;0,6949
06/07/2016 06:15;1,1668;1,1659;0,10584;0,10581;0,6954;0,6952
06/07/2016 06:30;1,1673;1,166;0,10586;0,10581;0,6955;0,6952
06/07/2016 06:45;1,1682;1,1666;0,10585;0,10585;0,6954;0,6952
06/07/2016 07:00;1,168;1,1658;0,10586;0,10585;0,6954;0,695
06/07/2016 07:15;1,1683;1,1666;0,10585;0,10584;0,6959;0,6951
06/07/2016 07:30;1,1685;1,1678;0,10583;0,10581;0,6961;0,6957
06/07/2016 07:45;1,1685;1,1669;0,10594;0,10582;0,696;0,6956
06/07/2016 08:00;1,1684;1,1665;0,10591;0,10583;0,6958;0,6953
06/07/2016 08:15;1,1694;1,1674;0,10587;0,10581;0,6954;0,695
06/07/2016 08:30;1,1696;1,1678;0,10586;0,10578;0,695;0,6946
06/07/2016 08:45;1,1694;1,1678;0,10583;0,1058;0,695;0,6945
06/07/2016 09:00;1,1705;1,1688;0,10587;0,10581;0,6953;0,6944
06/07/2016 09:15;1,1744;1,1703;0,10593;0,10586;0,6961;0,6953
06/07/2016 09:30;1,1741;1,1723;0,10619;0,10592;0,6957;0,6951
06/07/2016 09:45;1,1725;1,1709;0,10613;0,10604;0,6954;0,695
06/07/2016 10:00;1,1718;1,1694;0,10603;0,10592;0,6953;0,6949
06/07/2016 10:15;1,1713;1,1694;0,1059;0,10573;0,6959;0,6953
06/07/2016 10:30;1,1704;1,1692;0,10575;0,10568;0,6956;0,6952
06/07/2016 10:45;1,1708;1,1695;0,1057;0,10566;0,696;0,6953
06/07/2016 11:00;1,1717;1,1696;0,10572;0,10566;0,6962;0,6959
06/07/2016 11:15;1,1712;1,17;0,10573;0,10566;0,6965;0,6961
06/07/2016 11:30;1,1712;1,1702;0,10566;0,10563;0,6968;0,6964
06/07/2016 11:45;1,1722;1,1702;0,10566;0,10564;0,6972;0,6968
06/07/2016 12:00;1,1723;1,1705;0,10566;0,10562;0,6969;0,6964
06/07/2016 12:15;1,1712;1,1697;0,10568;0,10562;0,6965;0,6956
06/07/2016 12:30;1,1731;1,1707;0,10571;0,10568;0,6957;0,6943
06/07/2016 12:45;1,1736;1,1715;0,1057;0,10561;0,6949;0,6942
06/07/2016 13:00;1,1754;1,1722;0,10569;0,10563;0,6949;0,6943
06/07/2016 13:15;1,1737;1,1724;0,10571;0,10565;0,6947;0,6943
06/07/2016 13:30;1,1732;1,1717;0,10571;0,10567;0,6946;0,6936
06/07/2016 13:45;1,1734;1,1722;0,10576;0,10568;0,6942;0,6937
06/07/2016 14:00;1,1736;1,1721;0,10572;0,10562;0,6944;0,6932
06/07/2016 14:15;1,1723;1,1705;0,10563;0,10554;0,6937;0,6931
06/07/2016 14:30;1,1711;1,1693;0,10557;0,10551;0,6932;0,6919
06/07/2016 14:45;1,1703;1,1685;0,10551;0,10536;0,6932;0,6922
06/07/2016 15:00;1,1702;1,1693;0,10544;0,10533;0,6935;0,693
06/07/2016 15:15;1,1709;1,1695;0,10539;0,10531;0,6938;0,6933
06/07/2016 15:30;1,1703;1,1674;0,10542;0,10538;0,6935;0,6929
06/07/2016 15:45;1,1688;1,1674;0,1055;0,10542;0,6943;0,6933
06/07/2016 16:00;1,1695;1,1659;0,10556;0,10553;0,6947;0,6942
06/07/2016 16:15;1,1684;1,1664;0,10557;0,10548;0,6948;0,6938
06/07/2016 16:30;1,1674;1,1643;0,10552;0,10547;0,6937;0,693
06/07/2016 16:45;1,1671;1,1633;0,1057;0,10553;0,694;0,6932
06/07/2016 17:00;1,1654;1,1632;0,10577;0,10571;0,6936;0,6928
06/07/2016 17:15;1,1663;1,164;0,10579;0,10574;0,6938;0,693
06/07/2016 17:30;1,1669;1,1656;0,10581;0,10576;0,6937;0,693
06/07/2016 17:45;1,1664;1,1652;0,10585;0,10581;0,6943;0,6937
06/07/2016 18:00;1,1685;1,1663;0,10587;0,10584;0,6946;0,6942
06/07/2016 18:15;1,1682;1,1665;0,10586;0,10583;0,6947;0,6939
06/07/2016 18:30;1,1677;1,1667;0,10587;0,10585;0,6949;0,6945
06/07/2016 18:45;1,1679;1,167;0,10586;0,10584;0,6946;0,6943
06/07/2016 19:00;1,1677;1,1659;0,10585;0,10578;0,6945;0,6942
06/07/2016 19:15;1,1671;1,166;0,10582;0,1058;0,6949;0,6942
06/07/2016 19:30;1,1667;1,1646;0,1058;0,10573;0,6947;0,6944
06/07/2016 19:45;1,1652;1,1642;0,10575;0,10567;0,695;0,6945
06/07/2016 20:00;1,1654;1,1641;0,10574;0,10564;0,6952;0,6944
06/07/2016 20:15;1,1648;1,1636;0,10572;0,10569;0,6955;0,6946
06/07/2016 20:30;1,164;1,1634;0,10571;0,1057;0,6951;0,6947
06/07/2016 20:45;1,1646;1,1636;0,10571;0,10569;0,6954;0,6948
06/07/2016 21:00;1,164;1,1634;0,10569;0,10566;0,6951;0,6949
06/07/2016 21:15;1,1653;1,1638;0,10567;0,10564;0,6951;0,6945
06/07/2016 21:30;1,1652;1,1647;0,10565;0,10562;0,6951;0,6946
06/07/2016 21:45;1,1652;1,1646;0,10567;0,10564;0,6954;0,695
06/07/2016 22:00;1,1651;1,1645;0,10567;0,10564;0,695;0,6947
06/07/2016 22:15;1,1646;1,1642;0,10568;0,10566;0,6952;0,6947
06/07/2016 22:30;1,1648;1,1643;0,10567;0,10566;0,6954;0,6951
06/07/2016 22:45;1,165;1,1642;0,10568;0,10567;0,6958;0,6951
06/07/2016 23:00;1,1659;1,1647;0,10569;0,10567;0,695;0,6948
06/07/2016 23:15;1,1652;1,1649;0,10569;0,10567;0,6952;0,6948
06/07/2016 23:30;1,1654;1,165;0,1057;0,10568;0,6953;0,695
06/07/2016 23:45;1,1654;1,1649;0,1057;0,10569;0,6953;0,6951
07/07/2016;1,1652;1,1646;0,1057;0,10568;0,6952;0,695
07/07/2016 00:15;1,1648;1,1638;0,10569;0,10568;0,6951;0,6949
07/07/2016 00:30;1,1641;1,1609;0,10569;0,10569;0,6953;0,695
07/07/2016 00:45;1,1627;1,1618;0,10569;0,10569;0,6955;0,6953
07/07/2016 01:00;1,1628;1,1614;0,1057;0,10568;0,6957;0,6955
07/07/2016 01:15;1,1625;1,1614;0,1057;0,10569;0,6957;0,6955
07/07/2016 01:30;1,1634;1,1617;0,1057;0,10569;0,6955;0,6952
07/07/2016 01:45;1,1653;1,1633;0,10569;0,10568;0,6954;0,6951
07/07/2016 02:00;1,165;1,1636;0,1057;0,10569;0,6957;0,6951
07/07/2016 02:15;1,1659;1,1645;0,10571;0,1057;0,6959;0,6956
07/07/2016 02:30;1,1659;1,1652;0,1057;0,10569;0,6959;0,6956
07/07/2016 02:45;1,1664;1,1653;0,1057;0,10569;0,6959;0,6956
07/07/2016 03:00;1,1665;1,1655;0,1057;0,10569;0,696;0,6957
07/07/2016 03:15;1,1667;1,1655;0,1057;0,10569;0,6961;0,6958
07/07/2016 03:30;1,1665;1,1659;0,10569;0,10561;0,696;0,6953
07/07/2016 03:45;1,1678;1,166;0,10563;0,10562;0,6956;0,6954
07/07/2016 04:00;1,1676;1,1671;0,10564;0,10563;0,6957;0,6954
07/07/2016 04:15;1,1676;1,1669;0,10564;0,10563;0,6957;0,6953
07/07/2016 04:30;1,1676;1,1669;0,10563;0,10562;0,6956;0,6953
07/07/2016 04:45;1,1674;1,1668;0,10564;0,10562;0,6954;0,6952
07/07/2016 05:00;1,1674;1,167;0,10567;0,10563;0,6956;0,6953
07/07/2016 05:15;1,1671;1,1664;0,1057;0,10565;0,6956;0,6954
07/07/2016 05:30;1,167;1,1661;0,10571;0,10568;0,6955;0,6953
07/07/2016 05:45;1,1676;1,1669;0,10569;0,10568;0,6954;0,6952
07/07/2016 06:00;1,1705;1,1674;0,10568;0,10565;0,6954;0,6951
07/07/2016 06:15;1,17;1,1688;0,10567;0,10566;0,6955;0,6952
07/07/2016 06:30;1,1704;1,1693;0,10568;0,10565;0,6954;0,6952
07/07/2016 06:45;1,1705;1,1697;0,10567;0,10564;0,6954;0,6951
07/07/2016 07:00;1,1709;1,1694;0,10567;0,10564;0,6955;0,6953
07/07/2016 07:15;1,1707;1,1695;0,10566;0,10563;0,6959;0,6955
07/07/2016 07:30;1,1707;1,1693;0,10563;0,10561;0,6961;0,6957
07/07/2016 07:45;1,1702;1,1696;0,10561;0,10559;0,6964;0,6959
07/07/2016 08:00;1,1708;1,17;0,10562;0,10556;0,6965;0,6961
07/07/2016 08:15;1,1715;1,1702;0,10567;0,10561;0,6964;0,6962
07/07/2016 08:30;1,1709;1,1695;0,10566;0,10555;0,6966;0,6962
07/07/2016 08:45;1,1705;1,1695;0,10557;0,10555;0,6969;0,6966
07/07/2016 09:00;1,1702;1,1681;0,10558;0,10555;0,697;0,6967
07/07/2016 09:15;1,1692;1,1683;0,10561;0,10556;0,6974;0,697
07/07/2016 09:30;1,1698;1,1689;0,10556;0,10551;0,6977;0,6973
07/07/2016 09:45;1,1726;1,1692;0,10551;0,10546;0,698;0,6975
07/07/2016 10:00;1,1741;1,1715;0,10554;0,10538;0,6987;0,6979
07/07/2016 10:15;1,1734;1,1713;0,10544;0,10536;0,6978;0,6971
07/07/2016 10:30;1,1719;1,1709;0,1055;0,10545;0,6978;0,697
07/07/2016 10:45;1,1721;1,1709;0,10554;0,10544;0,6983;0,6978
07/07/2016 11:00;1,1719;1,1706;0,10559;0,10552;0,6987;0,6975
07/07/2016 11:15;1,1714;1,1706;0,10565;0,10557;0,6978;0,6973
07/07/2016 11:30;1,1717;1,1706;0,10557;0,10555;0,6975;0,6969
07/07/2016 11:45;1,1722;1,1708;0,10561;0,10553;0,697;0,6964
07/07/2016 12:00;1,1729;1,1715;0,10563;0,10556;0,697;0,6968
07/07/2016 12:15;1,1754;1,1729;0,10562;0,10557;0,6975;0,6969
07/07/2016 12:30;1,1754;1,1737;0,10561;0,10551;0,6981;0,6975
07/07/2016 12:45;1,1759;1,174;0,10557;0,10551;0,698;0,6972
07/07/2016 13:00;1,1777;1,1756;0,10552;0,10543;0,6977;0,6974
07/07/2016 13:15;1,1773;1,1754;0,1055;0,10542;0,698;0,6973
07/07/2016 13:30;1,1767;1,1754;0,10546;0,10539;0,6981;0,6977
07/07/2016 13:45;1,1762;1,1745;0,1055;0,10543;0,6981;0,6978
07/07/2016 14:00;1,176;1,1744;0,10554;0,10546;0,6983;0,6978
07/07/2016 14:15;1,1753;1,1742;0,10552;0,10543;0,6988;0,6978
07/07/2016 14:30;1,1745;1,1726;0,10543;0,10538;0,6986;0,6975
07/07/2016 14:45;1,1745;1,1723;0,10545;0,10539;0,6979;0,6974
07/07/2016 15:00;1,1748;1,1736;0,10543;0,10535;0,6988;0,6975
07/07/2016 15:15;1,174;1,1723;0,10539;0,10534;0,6995;0,6989
07/07/2016 15:30;1,1743;1,1709;0,10548;0,10538;0,6994;0,6988
07/07/2016 15:45;1,1718;1,1703;0,10543;0,10534;0,6994;0,6986
07/07/2016 16:00;1,1714;1,1696;0,10539;0,10534;0,6998;0,6989
07/07/2016 16:15;1,1713;1,17;0,10539;0,10533;0,6999;0,6994
07/07/2016 16:30;1,1714;1,1682;0,1054;0,10535;0,6997;0,6992
07/07/2016 16:45;1,1689;1,167;0,10537;0,1053;0,6991;0,6982
07/07/2016 17:00;1,1697;1,1676;0,10533;0,10525;0,6984;0,6975
07/07/2016 17:15;1,1698;1,1689;0,10531;0,10525;0,6978;0,6966
07/07/2016 17:30;1,1691;1,1675;0,10536;0,10529;0,697;0,6965
07/07/2016 17:45;1,1683;1,1675;0,10538;0,10532;0,6964;0,6959
07/07/2016 18:00;1,1685;1,1673;0,10541;0,10538;0,6964;0,6956
07/07/2016 18:15;1,1678;1,1669;0,10541;0,10534;0,696;0,6956
07/07/2016 18:30;1,168;1,1673;0,10538;0,10536;0,6962;0,6958
07/07/2016 18:45;1,1679;1,1659;0,10539;0,10535;0,696;0,6956
07/07/2016 19:00;1,1668;1,165;0,10536;0,10532;0,6957;0,695
07/07/2016 19:15;1,1661;1,165;0,10533;0,10532;0,6956;0,6951
07/07/2016 19:30;1,1667;1,1658;0,10534;0,10531;0,6957;0,6953
07/07/2016 19:45;1,167;1,1662;0,10532;0,10531;0,6956;0,695
07/07/2016 20:00;1,1678;1,1668;0,10536;0,10531;0,6957;0,6953
07/07/2016 20:15;1,1677;1,1669;0,10537;0,10536;0,6956;0,695
07/07/2016 20:30;1,167;1,1663;0,10539;0,10537;0,6952;0,6945
07/07/2016 20:45;1,1668;1,1663;0,10539;0,10531;0,695;0,6946
07/07/2016 21:00;1,167;1,1664;0,10538;0,10534;0,6951;0,6948
07/07/2016 21:15;1,1667;1,1661;0,1054;0,10537;0,6953;0,6947
07/07/2016 21:30;1,1668;1,1664;0,10539;0,10537;0,6955;0,6949
07/07/2016 21:45;1,1669;1,1664;0,10538;0,10535;0,6952;0,6949
07/07/2016 22:00;1,1671;1,1664;0,1054;0,10536;0,6956;0,6951
07/07/2016 22:15;1,1679;1,167;0,10541;0,10539;0,6956;0,6954
07/07/2016 22:30;1,1673;1,1666;0,10541;0,10538;0,6956;0,6953
07/07/2016 22:45;1,1674;1,1661;0,1054;0,10536;0,6955;0,6951
07/07/2016 23:00;1,1675;1,1665;0,10542;0,10536;0,6954;0,6952
07/07/2016 23:15;1,1675;1,167;0,10542;0,10541;0,6954;0,6952
07/07/2016 23:30;1,1676;1,1672;0,10543;0,1054;0,6952;0,6949
07/07/2016 23:45;1,1678;1,1674;0,10544;0,10537;0,6953;0,695
08/07/2016;1,1679;1,1672;0,10544;0,10537;0,6952;0,6951
08/07/2016 00:15;1,1675;1,1663;0,1054;0,10538;0,6952;0,6951
08/07/2016 00:30;1,1667;1,1662;0,10543;0,1054;0,6952;0,695
08/07/2016 00:45;1,1665;1,1649;0,10543;0,10542;0,6952;0,695
08/07/2016 01:00;1,165;1,1647;0,10542;0,1054;0,6953;0,6951
08/07/2016 01:15;1,1659;1,1647;0,10541;0,10541;0,6953;0,6951
08/07/2016 01:30;1,1668;1,1654;0,10542;0,10541;0,6952;0,6949
08/07/2016 01:45;1,1678;1,1665;0,10543;0,10541;0,6953;0,695
08/07/2016 02:00;1,1674;1,1667;0,10543;0,10541;0,6953;0,695
08/07/2016 02:15;1,1691;1,1673;0,10544;0,1054;0,6953;0,6951
08/07/2016 02:30;1,1692;1,1687;0,10542;0,10539;0,6952;0,695
08/07/2016 02:45;1,169;1,1684;0,10542;0,1054;0,6952;0,695
08/07/2016 03:00;1,1687;1,1679;0,1054;0,10539;0,6951;0,6947
08/07/2016 03:15;1,1684;1,1671;0,10541;0,10539;0,6948;0,6944
08/07/2016 03:30;1,1677;1,1671;0,10541;0,1054;0,6945;0,6943
08/07/2016 03:45;1,1699;1,1675;0,10545;0,10541;0,6948;0,6944
08/07/2016 04:00;1,1699;1,1685;0,10545;0,10543;0,6947;0,6944
08/07/2016 04:15;1,1693;1,1684;0,10544;0,10543;0,6945;0,6942
08/07/2016 04:30;1,1694;1,1687;0,10543;0,10542;0,6944;0,694
08/07/2016 04:45;1,1691;1,1686;0,10543;0,10539;0,6944;0,6941
08/07/2016 05:00;1,1695;1,1688;0,10541;0,1054;0,6946;0,6942
08/07/2016 05:15;1,1693;1,169;0,10542;0,1054;0,6948;0,6946
08/07/2016 05:30;1,1697;1,1685;0,10541;0,1054;0,6947;0,6945
08/07/2016 05:45;1,1697;1,1685;0,10541;0,10538;0,6945;0,6941
08/07/2016 06:00;1,169;1,1683;0,1054;0,10536;0,6943;0,6938
08/07/2016 06:15;1,1694;1,1684;0,10537;0,10534;0,6942;0,6937
08/07/2016 06:30;1,1694;1,1684;0,10539;0,1053;0,6942;0,6939
08/07/2016 06:45;1,1686;1,1681;0,1054;0,10539;0,694;0,6937
08/07/2016 07:00;1,1685;1,1679;0,10539;0,10539;0,6937;0,6935
08/07/2016 07:15;1,1684;1,1674;0,10539;0,10539;0,6937;0,6934
08/07/2016 07:30;1,168;1,1669;0,1054;0,10539;0,6936;0,6933
08/07/2016 07:45;1,1697;1,1675;0,1054;0,10539;0,6934;0,6932
08/07/2016 08:00;1,169;1,1681;0,10541;0,10536;0,6935;0,6933
08/07/2016 08:15;1,1683;1,1674;0,10542;0,10535;0,6935;0,6932
08/07/2016 08:30;1,169;1,1675;0,10538;0,10535;0,6938;0,6935
08/07/2016 08:45;1,168;1,1667;0,1054;0,10535;0,6937;0,6934
08/07/2016 09:00;1,1669;1,166;0,1054;0,10539;0,694;0,6932
08/07/2016 09:15;1,1673;1,1665;0,10538;0,1053;0,6941;0,6937
08/07/2016 09:30;1,1687;1,1665;0,10543;0,1053;0,694;0,6933
08/07/2016 09:45;1,1692;1,168;0,10544;0,10543;0,694;0,6937
08/07/2016 10:00;1,1689;1,1672;0,10548;0,10544;0,6941;0,6939
08/07/2016 10:15;1,1688;1,1674;0,10551;0,10546;0,6942;0,6941
08/07/2016 10:30;1,169;1,168;0,10548;0,10545;0,6942;0,6936
08/07/2016 10:45;1,1688;1,1676;0,10547;0,10542;0,6939;0,6934
08/07/2016 11:00;1,1685;1,1678;0,10547;0,10542;0,694;0,6937
08/07/2016 11:15;1,1685;1,1676;0,10546;0,10542;0,6938;0,6934
08/07/2016 11:30;1,17;1,1684;0,10555;0,10546;0,6943;0,6938
08/07/2016 11:45;1,1708;1,1696;0,10562;0,10555;0,6945;0,6941
08/07/2016 12:00;1,1717;1,1705;0,10559;0,10557;0,6948;0,6944
08/07/2016 12:15;1,1723;1,1705;0,10559;0,10555;0,6948;0,6945
08/07/2016 12:30;1,1739;1,1722;0,10559;0,10553;0,6951;0,6948
08/07/2016 12:45;1,1737;1,1728;0,10559;0,10557;0,6954;0,6949
08/07/2016 13:00;1,174;1,1725;0,10559;0,10557;0,6955;0,6951
08/07/2016 13:15;1,1732;1,1718;0,10565;0,10559;0,6954;0,6952
08/07/2016 13:30;1,173;1,1717;0,10564;0,10562;0,6956;0,6952
08/07/2016 13:45;1,1734;1,1722;0,10572;0,10564;0,6955;0,6953
08/07/2016 14:00;1,1742;1,1729;0,10572;0,10562;0,6954;0,6942
08/07/2016 14:15;1,1732;1,1698;0,10562;0,1055;0,6945;0,6935
08/07/2016 14:30;1,1742;1,1698;0,10564;0,10552;0,6961;0,6938
08/07/2016 14:45;1,1751;1,1723;0,10572;0,10557;0,6962;0,695
08/07/2016 15:00;1,176;1,1691;0,10559;0,10543;0,6965;0,6937
08/07/2016 15:15;1,1737;1,1701;0,1054;0,10535;0,6938;0,6928
08/07/2016 15:30;1,1732;1,1718;0,10542;0,10535;0,6953;0,694
08/07/2016 15:45;1,1731;1,1716;0,1054;0,1053;0,6951;0,6944
08/07/2016 16:00;1,1733;1,1717;0,1053;0,10527;0,6947;0,6939
08/07/2016 16:15;1,1728;1,1711;0,10526;0,10513;0,6938;0,6923
08/07/2016 16:30;1,1731;1,1713;0,10524;0,10516;0,693;0,6926
08/07/2016 16:45;1,1742;1,1726;0,10531;0,10518;0,6935;0,6924
08/07/2016 17:00;1,1756;1,1741;0,10538;0,10529;0,6929;0,6924
08/07/2016 17:15;1,1753;1,1735;0,10533;0,10528;0,693;0,6919
08/07/2016 17:30;1,1742;1,173;0,1053;0,10525;0,6932;0,6922
08/07/2016 17:45;1,1732;1,1715;0,10535;0,10526;0,6932;0,6921
08/07/2016 18:00;1,1728;1,172;0,10538;0,10532;0,6931;0,6927
08/07/2016 18:15;1,173;1,1722;0,10537;0,10533;0,693;0,6927
08/07/2016 18:30;1,1727;1,1719;0,10538;0,10533;0,6931;0,6927
08/07/2016 18:45;1,1734;1,1724;0,10537;0,10535;0,6936;0,6931
08/07/2016 19:00;1,1728;1,1716;0,10537;0,10534;0,6935;0,6929
08/07/2016 19:15;1,1722;1,1714;0,10537;0,10535;0,6936;0,6933
08/07/2016 19:30;1,1724;1,1712;0,10537;0,10536;0,6936;0,6931
08/07/2016 19:45;1,1728;1,1717;0,10536;0,10535;0,6938;0,6936
08/07/2016 20:00;1,1729;1,1722;0,10539;0,10535;0,6938;0,6934
08/07/2016 20:15;1,1729;1,1721;0,10541;0,10539;0,6941;0,6938
08/07/2016 20:30;1,173;1,1722;0,10541;0,10536;0,694;0,6938
08/07/2016 20:45;1,1729;1,172;0,1054;0,10537;0,6941;0,6938
08/07/2016 21:00;1,1724;1,1717;0,10541;0,10538;0,6939;0,6936
08/07/2016 21:15;1,1723;1,1717;0,10541;0,1054;0,6938;0,6935
08/07/2016 21:30;1,1723;1,1721;0,1054;0,10539;0,6939;0,6937
08/07/2016 21:45;1,1722;1,1713;0,1054;0,1054;0,6938;0,6936
08/07/2016 22:00;1,1719;1,1712;0,10544;0,1054;0,6939;0,6938
08/07/2016 22:15;1,1721;1,1717;0,10546;0,10542;0,6942;0,6938
08/07/2016 22:30;1,1723;1,1719;0,10548;0,10545;0,694;0,6937
08/07/2016 22:45;1,1722;1,1716;0,10547;0,10543;0,694;0,6935
10/07/2016 21:00;1,1727;1,1712;0,10554;0,10536;0,6937;0,6934
10/07/2016 21:15;1,1725;1,1711;0,10542;0,10539;0,6938;0,6935
10/07/2016 21:30;1,1731;1,1721;0,10546;0,10534;0,694;0,6937
10/07/2016 21:45;1,1731;1,1722;0,10544;0,10537;0,6938;0,6936
10/07/2016 22:00;1,173;1,1724;0,10543;0,10539;0,6937;0,6935
10/07/2016 22:15;1,1733;1,1726;0,10541;0,1054;0,6937;0,6936
10/07/2016 22:30;1,1729;1,1722;0,10546;0,10537;0,6939;0,6936
10/07/2016 22:45;1,1724;1,1717;0,10547;0,1054;0,6939;0,6936
10/07/2016 23:00;1,1722;1,1715;0,10551;0,10544;0,6938;0,6935
10/07/2016 23:15;1,1724;1,1715;0,10546;0,10544;0,6938;0,6933
10/07/2016 23:30;1,1722;1,1718;0,10545;0,10544;0,6937;0,6936
10/07/2016 23:45;1,172;1,1712;0,10545;0,10543;0,6936;0,6934
11/07/2016;1,1717;1,1708;0,10545;0,10543;0,6933;0,6926
11/07/2016 00:15;1,1717;1,1708;0,10545;0,10543;0,6932;0,6927
11/07/2016 00:30;1,1719;1,1711;0,10546;0,10543;0,694;0,6931
11/07/2016 00:45;1,1717;1,1707;0,10545;0,10544;0,6941;0,6936
11/07/2016 01:00;1,172;1,171;0,10545;0,10543;0,6944;0,6938
11/07/2016 01:15;1,1721;1,1716;0,10545;0,10543;0,6943;0,6938
11/07/2016 01:30;1,1724;1,1718;0,10544;0,10544;0,6939;0,6938
11/07/2016 01:45;1,1723;1,1719;0,10544;0,10539;0,694;0,6938
11/07/2016 02:00;1,1722;1,1716;0,10542;0,10539;0,6942;0,6938
11/07/2016 02:15;1,1723;1,1717;0,10541;0,10539;0,6942;0,6938
11/07/2016 02:30;1,1719;1,1714;0,10543;0,10539;0,6941;0,6935
11/07/2016 02:45;1,1723;1,1717;0,10543;0,10542;0,6938;0,6934
11/07/2016 03:00;1,172;1,1711;0,10547;0,10542;0,6938;0,6934
11/07/2016 03:15;1,1719;1,1708;0,10548;0,10547;0,694;0,6935
11/07/2016 03:30;1,1713;1,1707;0,1055;0,10547;0,6938;0,6933
11/07/2016 03:45;1,1722;1,1709;0,1055;0,10549;0,6935;0,6932
11/07/2016 04:00;1,1725;1,1716;0,10552;0,1055;0,6937;0,6934
11/07/2016 04:15;1,172;1,1711;0,10551;0,10551;0,6938;0,6934
11/07/2016 04:30;1,172;1,1714;0,10553;0,10551;0,6938;0,6932
11/07/2016 04:45;1,1718;1,1716;0,10553;0,10551;0,6938;0,6937
11/07/2016 05:00;1,1725;1,1714;0,10553;0,10552;0,6939;0,6936
11/07/2016 05:15;1,1722;1,1717;0,10553;0,10552;0,694;0,6937
11/07/2016 05:30;1,1722;1,1716;0,10553;0,10551;0,6939;0,6937
11/07/2016 05:45;1,1725;1,1715;0,10552;0,1055;0,6938;0,6936
11/07/2016 06:00;1,173;1,1719;0,10553;0,10551;0,6942;0,6936
11/07/2016 06:15;1,1728;1,1724;0,10553;0,10552;0,6945;0,6942
11/07/2016 06:30;1,173;1,1726;0,10554;0,10552;0,6946;0,6944
11/07/2016 06:45;1,1738;1,1728;0,10554;0,10553;0,6945;0,6941
11/07/2016 07:00;1,1737;1,1728;0,10554;0,10549;0,6944;0,6941
11/07/2016 07:15;1,1739;1,173;0,10553;0,10552;0,6943;0,6941
11/07/2016 07:30;1,174;1,1728;0,10554;0,10553;0,6942;0,6938
11/07/2016 07:45;1,173;1,1726;0,10555;0,10553;0,6939;0,6935
11/07/2016 08:00;1,1746;1,1729;0,10557;0,10554;0,6937;0,6934
11/07/2016 08:15;1,1745;1,1733;0,10557;0,1055;0,6938;0,6934
11/07/2016 08:30;1,1741;1,171;0,10555;0,1055;0,694;0,6936
11/07/2016 08:45;1,1741;1,1716;0,10553;0,10552;0,6946;0,694
11/07/2016 09:00;1,1734;1,1719;0,10554;0,1055;0,6946;0,694
11/07/2016 09:15;1,1741;1,1723;0,10553;0,10547;0,6947;0,694
11/07/2016 09:30;1,1729;1,1711;0,10559;0,10553;0,6943;0,6936
11/07/2016 09:45;1,1719;1,1694;0,10558;0,10554;0,6936;0,693
11/07/2016 10:00;1,1697;1,1682;0,10563;0,10558;0,6934;0,6928
11/07/2016 10:15;1,1693;1,1678;0,10562;0,10556;0,6929;0,6925
11/07/2016 10:30;1,1689;1,1677;0,10557;0,10557;0,6927;0,6924
11/07/2016 10:45;1,168;1,1658;0,10557;0,1055;0,6926;0,6923
11/07/2016 11:00;1,1677;1,1656;0,10549;0,10545;0,6932;0,6925
11/07/2016 11:15;1,1676;1,1667;0,10548;0,10544;0,6932;0,6928
11/07/2016 11:30;1,1689;1,1672;0,1055;0,10545;0,6931;0,6927
11/07/2016 11:45;1,1686;1,1675;0,10548;0,10545;0,6928;0,6926
11/07/2016 12:00;1,1689;1,1668;0,10547;0,10537;0,693;0,6922
11/07/2016 12:15;1,1682;1,1662;0,10542;0,10537;0,6925;0,6922
11/07/2016 12:30;1,1707;1,1658;0,10551;0,10541;0,6923;0,6919
11/07/2016 12:45;1,1756;1,169;0,10554;0,1055;0,6925;0,6921
11/07/2016 13:00;1,1759;1,173;0,10554;0,1055;0,6924;0,692
11/07/2016 13:15;1,1764;1,1728;0,10554;0,10552;0,6923;0,6919
11/07/2016 13:30;1,1773;1,1738;0,10555;0,10548;0,6929;0,6923
11/07/2016 13:45;1,1756;1,1733;0,10557;0,10551;0,6932;0,6926
11/07/2016 14:00;1,1756;1,1741;0,10556;0,1055;0,6929;0,6922
11/07/2016 14:15;1,1751;1,1724;0,10556;0,10552;0,693;0,6925
11/07/2016 14:30;1,1729;1,1702;0,10557;0,10549;0,6935;0,6926
11/07/2016 14:45;1,1736;1,1712;0,10561;0,10556;0,6933;0,6928
11/07/2016 15:00;1,175;1,1729;0,10561;0,10553;0,6931;0,6915
11/07/2016 15:15;1,1749;1,1733;0,10557;0,10553;0,6918;0,6913
11/07/2016 15:30;1,1744;1,1722;0,10559;0,10552;0,6915;0,6902
11/07/2016 15:45;1,1734;1,172;0,10558;0,10555;0,6904;0,6892
11/07/2016 16:00;1,1733;1,1716;0,10556;0,10549;0,6895;0,6879
11/07/2016 16:15;1,1734;1,1719;0,1055;0,10545;0,6892;0,6886
11/07/2016 16:30;1,1728;1,1715;0,10551;0,10546;0,6898;0,6887
11/07/2016 16:45;1,1762;1,1716;0,10549;0,10544;0,6912;0,6893
11/07/2016 17:00;1,1766;1,1747;0,10548;0,10543;0,6915;0,6907
11/07/2016 17:15;1,1786;1,1757;0,10549;0,10544;0,6912;0,6902
11/07/2016 17:30;1,1777;1,1758;0,10546;0,10542;0,6908;0,6903
11/07/2016 17:45;1,1772;1,1754;0,10547;0,10545;0,6909;0,6896
11/07/2016 18:00;1,176;1,175;0,10548;0,10546;0,6898;0,6894
11/07/2016 18:15;1,1757;1,175;0,10549;0,10546;0,69;0,6896
11/07/2016 18:30;1,1751;1,1736;0,10548;0,10547;0,6899;0,6895
11/07/2016 18:45;1,1743;1,1728;0,10551;0,10547;0,6899;0,6891
11/07/2016 19:00;1,1733;1,1722;0,1055;0,10549;0,6892;0,6888
11/07/2016 19:15;1,1732;1,1725;0,1055;0,10549;0,6893;0,6889
11/07/2016 19:30;1,1736;1,1728;0,10552;0,10549;0,6891;0,6889
11/07/2016 19:45;1,1741;1,1734;0,10553;0,10552;0,6894;0,6888
11/07/2016 20:00;1,1749;1,1736;0,10553;0,10552;0,6894;0,6889
11/07/2016 20:15;1,1752;1,1745;0,10553;0,10552;0,6894;0,6891
11/07/2016 20:30;1,1757;1,1747;0,10553;0,10552;0,6894;0,6889
11/07/2016 20:45;1,1763;1,1754;0,10553;0,10552;0,6892;0,6888
11/07/2016 21:00;1,1761;1,1752;0,10552;0,10551;0,6892;0,6888
11/07/2016 21:15;1,1763;1,1756;0,10552;0,10552;0,6895;0,689
11/07/2016 21:30;1,1761;1,1754;0,10552;0,10551;0,6895;0,6891
11/07/2016 21:45;1,1759;1,1755;0,10552;0,10551;0,6894;0,689
11/07/2016 22:00;1,1755;1,1749;0,10551;0,10537;0,6893;0,6889
11/07/2016 22:15;1,1751;1,1743;0,10545;0,10543;0,6893;0,6888
11/07/2016 22:30;1,1749;1,1743;0,10545;0,10543;0,6892;0,689
11/07/2016 22:45;1,1757;1,1747;0,10547;0,10543;0,6895;0,689
11/07/2016 23:00;1,1757;1,1747;0,10547;0,10543;0,6895;0,6892
11/07/2016 23:15;1,1755;1,1747;0,10545;0,10543;0,6894;0,6891
11/07/2016 23:30;1,1751;1,1743;0,10545;0,10543;0,6893;0,6892
11/07/2016 23:45;1,1753;1,1747;0,10543;0,1054;0,6895;0,6891
12/07/2016;1,1756;1,1745;0,10543;0,10541;0,6895;0,689
12/07/2016 00:15;1,1751;1,1743;0,10541;0,1054;0,6895;0,6892
12/07/2016 00:30;1,1751;1,1743;0,10541;0,1054;0,6896;0,6894
12/07/2016 00:45;1,175;1,1745;0,1054;0,10539;0,6895;0,6894
12/07/2016 01:00;1,175;1,1746;0,10541;0,1054;0,6895;0,6892
12/07/2016 01:15;1,1751;1,1731;0,10541;0,10539;0,6895;0,689
12/07/2016 01:30;1,1742;1,1733;0,1054;0,10539;0,6892;0,689
12/07/2016 01:45;1,1745;1,1734;0,1054;0,10539;0,6892;0,689
12/07/2016 02:00;1,1753;1,1737;0,1054;0,10539;0,6893;0,6889
12/07/2016 02:15;1,1749;1,1742;0,10541;0,10539;0,6893;0,6891
12/07/2016 02:30;1,1751;1,1743;0,10541;0,1054;0,6895;0,6892
12/07/2016 02:45;1,1775;1,1743;0,10541;0,10539;0,6895;0,6888
12/07/2016 03:00;1,1777;1,1762;0,10541;0,1054;0,6891;0,6888
12/07/2016 03:15;1,1779;1,1769;0,10542;0,1054;0,6893;0,6889
12/07/2016 03:30;1,1793;1,1767;0,10544;0,10542;0,6896;0,689
12/07/2016 03:45;1,1806;1,1783;0,10549;0,10543;0,6897;0,6886
12/07/2016 04:00;1,1813;1,1791;0,10549;0,10547;0,6891;0,6888
12/07/2016 04:15;1,1815;1,1792;0,10549;0,10547;0,689;0,6885
12/07/2016 04:30;1,1806;1,1792;0,10549;0,10547;0,689;0,6887
12/07/2016 04:45;1,1802;1,1792;0,10549;0,10546;0,6889;0,6886
12/07/2016 05:00;1,1808;1,1797;0,10549;0,10547;0,6889;0,6887
12/07/2016 05:15;1,1804;1,1793;0,10548;0,10546;0,6888;0,6886
12/07/2016 05:30;1,1797;1,179;0,10547;0,10546;0,6886;0,6885
12/07/2016 05:45;1,1795;1,179;0,10548;0,10547;0,6887;0,6886
12/07/2016 06:00;1,1793;1,1784;0,10548;0,10546;0,6888;0,6886
12/07/2016 06:15;1,1789;1,1783;0,10546;0,10544;0,6888;0,6886
12/07/2016 06:30;1,1799;1,1784;0,10547;0,10545;0,6887;0,6884
12/07/2016 06:45;1,1803;1,1791;0,10546;0,10545;0,6887;0,6886
12/07/2016 07:00;1,1802;1,1796;0,10546;0,10544;0,6889;0,6886
12/07/2016 07:15;1,1804;1,1796;0,10545;0,10544;0,6888;0,6886
12/07/2016 07:30;1,1804;1,1799;0,10545;0,10543;0,6887;0,6885
12/07/2016 07:45;1,1804;1,1794;0,10545;0,10543;0,6889;0,6886
12/07/2016 08:00;1,1805;1,1789;0,10545;0,10542;0,689;0,6885
12/07/2016 08:15;1,1808;1,1795;0,10549;0,10543;0,6891;0,6886
12/07/2016 08:30;1,1808;1,1796;0,10547;0,10541;0,6894;0,6891
12/07/2016 08:45;1,1807;1,1798;0,1055;0,1054;0,6898;0,6892
12/07/2016 09:00;1,1824;1,1801;0,1055;0,10544;0,6898;0,689
12/07/2016 09:15;1,1824;1,1809;0,10562;0,10549;0,6892;0,6888
12/07/2016 09:30;1,1832;1,1814;0,10562;0,10552;0,6891;0,6885
12/07/2016 09:45;1,1822;1,18;0,10555;0,1055;0,6892;0,6886
12/07/2016 10:00;1,1817;1,1807;0,10559;0,10554;0,6891;0,6883
12/07/2016 10:15;1,1823;1,181;0,10568;0,10559;0,6897;0,689
12/07/2016 10:30;1,1829;1,1809;0,10568;0,10563;0,6896;0,689
12/07/2016 10:45;1,1838;1,1826;0,10574;0,10563;0,6901;0,6891
12/07/2016 11:00;1,1858;1,1821;0,10574;0,10569;0,6907;0,6897
12/07/2016 11:15;1,1853;1,1836;0,10573;0,10571;0,6905;0,6901
12/07/2016 11:30;1,1871;1,1833;0,10574;0,10569;0,6902;0,6899
12/07/2016 11:45;1,1874;1,1855;0,10575;0,10571;0,6906;0,69
12/07/2016 12:00;1,1873;1,1855;0,10574;0,10571;0,6905;0,6899
12/07/2016 12:15;1,186;1,1841;0,10574;0,10568;0,6907;0,6902
12/07/2016 12:30;1,1859;1,184;0,10574;0,10568;0,6912;0,6903
12/07/2016 12:45;1,1876;1,1851;0,10573;0,10566;0,6921;0,6911
12/07/2016 13:00;1,1866;1,1846;0,10571;0,10567;0,6924;0,6919
12/07/2016 13:15;1,1865;1,1848;0,10578;0,10571;0,6925;0,6917
12/07/2016 13:30;1,1859;1,1841;0,1058;0,10575;0,6918;0,6912
12/07/2016 13:45;1,1863;1,1849;0,10586;0,10576;0,6916;0,6912
12/07/2016 14:00;1,1874;1,1853;0,10586;0,10582;0,6924;0,6917
12/07/2016 14:15;1,1871;1,1856;0,10587;0,10583;0,6922;0,6917
12/07/2016 14:30;1,1857;1,1839;0,10591;0,10585;0,6923;0,6915
12/07/2016 14:45;1,1858;1,1843;0,10596;0,10592;0,6927;0,692
12/07/2016 15:00;1,1859;1,1844;0,10605;0,10597;0,693;0,6923
12/07/2016 15:15;1,1858;1,1844;0,10604;0,106;0,6927;0,6923
12/07/2016 15:30;1,1865;1,1846;0,10603;0,10595;0,6926;0,6919
12/07/2016 15:45;1,1871;1,1849;0,10601;0,106;0,6925;0,6919
12/07/2016 16:00;1,1874;1,1854;0,106;0,10582;0,6922;0,6914
12/07/2016 16:15;1,1879;1,1861;0,10583;0,10578;0,6915;0,6911
12/07/2016 16:30;1,1889;1,1874;0,10584;0,10579;0,692;0,6915
12/07/2016 16:45;1,191;1,1878;0,106;0,10584;0,693;0,6915
12/07/2016 17:00;1,192;1,1908;0,10608;0,106;0,6934;0,693
12/07/2016 17:15;1,1952;1,1914;0,10604;0,10599;0,6934;0,6927
12/07/2016 17:30;1,1968;1,1947;0,106;0,10598;0,6936;0,6931
12/07/2016 17:45;1,1965;1,195;0,10599;0,10596;0,694;0,6933
12/07/2016 18:00;1,1964;1,1949;0,10599;0,10595;0,6945;0,6937
12/07/2016 18:15;1,1991;1,195;0,10602;0,10598;0,6947;0,6938
12/07/2016 18:30;1,1985;1,197;0,10603;0,10601;0,6948;0,6944
12/07/2016 18:45;1,1987;1,1971;0,10601;0,10594;0,6949;0,6941
12/07/2016 19:00;1,1988;1,1972;0,10596;0,10595;0,6947;0,694
12/07/2016 19:15;1,1985;1,1974;0,10594;0,10587;0,6948;0,6943
12/07/2016 19:30;1,1985;1,1978;0,10591;0,10587;0,695;0,6945
12/07/2016 19:45;1,1985;1,1975;0,10591;0,10587;0,6948;0,6944
12/07/2016 20:00;1,1996;1,1984;0,10593;0,1059;0,6949;0,6944
12/07/2016 20:15;1,1989;1,198;0,10592;0,10591;0,6947;0,6944
12/07/2016 20:30;1,1985;1,198;0,10595;0,10591;0,6946;0,6944
12/07/2016 20:45;1,1993;1,198;0,10595;0,10592;0,6944;0,6938
12/07/2016 21:00;1,1992;1,1978;0,10592;0,10587;0,6942;0,6939
12/07/2016 21:15;1,1985;1,1976;0,10587;0,10585;0,694;0,6937
12/07/2016 21:30;1,1988;1,1979;0,10593;0,10585;0,694;0,6936
12/07/2016 21:45;1,1983;1,1977;0,10592;0,10585;0,6938;0,6934
12/07/2016 22:00;1,1981;1,1976;0,1059;0,10586;0,6942;0,6938
12/07/2016 22:15;1,1984;1,1976;0,1059;0,10586;0,6942;0,694
12/07/2016 22:30;1,1986;1,1978;0,10588;0,10586;0,6939;0,6932
12/07/2016 22:45;1,1983;1,1973;0,10587;0,10586;0,6934;0,6931
12/07/2016 23:00;1,1981;1,1973;0,10587;0,10586;0,6932;0,693
12/07/2016 23:15;1,1977;1,1971;0,10587;0,10586;0,6933;0,693
12/07/2016 23:30;1,1974;1,1967;0,10588;0,10586;0,6935;0,693
12/07/2016 23:45;1,198;1,197;0,10588;0,10587;0,6935;0,6932
13/07/2016;1,1979;1,1973;0,1059;0,10586;0,6934;0,693
13/07/2016 00:15;1,1977;1,1972;0,10588;0,10587;0,6932;0,693
13/07/2016 00:30;1,198;1,1972;0,10588;0,10587;0,6931;0,6929
13/07/2016 00:45;1,1982;1,1976;0,10588;0,10587;0,693;0,6929
13/07/2016 01:00;1,1984;1,1978;0,10588;0,10586;0,693;0,6928
13/07/2016 01:15;1,2002;1,1982;0,10588;0,10587;0,693;0,6927
13/07/2016 01:30;1,2006;1,1995;0,10587;0,10586;0,6927;0,6926
13/07/2016 01:45;1,2008;1,1996;0,10587;0,10586;0,6927;0,6923
13/07/2016 02:00;1,1999;1,1963;0,10586;0,10584;0,6924;0,692
13/07/2016 02:15;1,1982;1,1962;0,10586;0,10579;0,6922;0,6917
13/07/2016 02:30;1,1999;1,1973;0,10582;0,10579;0,6921;0,6917
13/07/2016 02:45;1,202;1,1995;0,10582;0,1058;0,6924;0,692
13/07/2016 03:00;1,2019;1,2009;0,10581;0,10578;0,6923;0,6918
13/07/2016 03:15;1,2048;1,2018;0,10579;0,10578;0,692;0,6915
13/07/2016 03:30;1,2037;1,2021;0,1058;0,10578;0,6918;0,6916
13/07/2016 03:45;1,2031;1,2;0,1058;0,10572;0,6917;0,6916
13/07/2016 04:00;1,2024;1,2008;0,10574;0,10573;0,692;0,6916
13/07/2016 04:15;1,2021;1,1991;0,10573;0,10572;0,692;0,6914
13/07/2016 04:30;1,2009;1,1981;0,10573;0,10572;0,6916;0,6913
13/07/2016 04:45;1,2016;1,2;0,10574;0,10573;0,6914;0,691
13/07/2016 05:00;1,2016;1,2003;0,10574;0,10573;0,6916;0,6911
13/07/2016 05:15;1,2023;1,2005;0,10579;0,10574;0,6918;0,6915
13/07/2016 05:30;1,2033;1,2019;0,10577;0,10574;0,6921;0,6916
13/07/2016 05:45;1,2037;1,2017;0,10576;0,10574;0,692;0,6915
13/07/2016 06:00;1,2032;1,2019;0,10578;0,10574;0,6919;0,6915
13/07/2016 06:15;1,2022;1,2011;0,10576;0,10573;0,6916;0,6914
13/07/2016 06:30;1,2044;1,2009;0,10577;0,10574;0,6919;0,6915
13/07/2016 06:45;1,2032;1,2023;0,10576;0,10575;0,6918;0,6916
13/07/2016 07:00;1,2029;1,2021;0,10577;0,10575;0,6915;0,6914
13/07/2016 07:15;1,2036;1,2026;0,10577;0,10574;0,6919;0,6913
13/07/2016 07:30;1,2042;1,203;0,10576;0,10573;0,692;0,6916
13/07/2016 07:45;1,2038;1,2025;0,10575;0,10573;0,6918;0,6916
13/07/2016 08:00;1,2035;1,2017;0,10575;0,10569;0,6919;0,6915
13/07/2016 08:15;1,2028;1,2008;0,10573;0,10569;0,6918;0,6915
13/07/2016 08:30;1,2022;1,2005;0,10572;0,10567;0,692;0,6917
13/07/2016 08:45;1,2036;1,201;0,10574;0,10567;0,6924;0,692
13/07/2016 09:00;1,2023;1,1999;0,1057;0,10565;0,6925;0,6919
13/07/2016 09:15;1,2012;1,2001;0,10568;0,10565;0,6927;0,6923
13/07/2016 09:30;1,2013;1,1997;0,10568;0,10561;0,6927;0,6921
13/07/2016 09:45;1,2002;1,1984;0,10564;0,10562;0,6929;0,6922
13/07/2016 10:00;1,1989;1,1979;0,10568;0,10561;0,6929;0,6924
13/07/2016 10:15;1,199;1,1971;0,10573;0,10566;0,6928;0,6924
13/07/2016 10:30;1,1986;1,1969;0,10576;0,1057;0,6925;0,6924
13/07/2016 10:45;1,1997;1,1981;0,10576;0,10572;0,6928;0,6924
13/07/2016 11:00;1,1994;1,1985;0,10582;0,10574;0,6927;0,6923
13/07/2016 11:15;1,2002;1,1984;0,10581;0,10577;0,693;0,6926
13/07/2016 11:30;1,2008;1,1993;0,10588;0,1058;0,6929;0,6924
13/07/2016 11:45;1,2005;1,1991;0,10594;0,10586;0,6926;0,6923
13/07/2016 12:00;1,2004;1,1977;0,10592;0,10589;0,6924;0,6921
13/07/2016 12:15;1,1999;1,1986;0,10591;0,10588;0,6927;0,6923
13/07/2016 12:30;1,1994;1,1984;0,10591;0,10585;0,6927;0,6923
13/07/2016 12:45;1,2002;1,1983;0,10595;0,10588;0,6928;0,6925
13/07/2016 13:00;1,2004;1,1988;0,10603;0,10594;0,6928;0,6924
13/07/2016 13:15;1,1991;1,1972;0,10604;0,10596;0,6925;0,692
13/07/2016 13:30;1,199;1,1963;0,10599;0,10595;0,6927;0,6922
13/07/2016 13:45;1,1996;1,1971;0,10601;0,10596;0,6927;0,692
13/07/2016 14:00;1,1997;1,199;0,10599;0,10596;0,6927;0,692
13/07/2016 14:15;1,1993;1,198;0,10601;0,10595;0,6919;0,6916
13/07/2016 14:30;1,1987;1,1969;0,10603;0,10594;0,6919;0,6916
13/07/2016 14:45;1,1974;1,1954;0,10603;0,10594;0,6919;0,6911
13/07/2016 15:00;1,1968;1,1954;0,10604;0,10602;0,6913;0,6906
13/07/2016 15:15;1,1962;1,1952;0,10609;0,10603;0,6908;0,6906
13/07/2016 15:30;1,197;1,1945;0,10606;0,10599;0,6907;0,6899
13/07/2016 15:45;1,195;1,1931;0,10604;0,10593;0,6902;0,6895
13/07/2016 16:00;1,1944;1,1927;0,10611;0,10604;0,6957;0,691
13/07/2016 16:15;1,1949;1,1935;0,10613;0,10606;0,6956;0,6944
13/07/2016 16:30;1,1943;1,1901;0,10611;0,10605;0,6945;0,6926
13/07/2016 16:45;1,1914;1,1883;0,10614;0,106;0,6939;0,6922
13/07/2016 17:00;1,1917;1,1894;0,10618;0,1061;0,6939;0,6935
13/07/2016 17:15;1,1897;1,1874;0,10616;0,10611;0,6937;0,6928
13/07/2016 17:30;1,1886;1,1866;0,10615;0,10613;0,6935;0,6927
13/07/2016 17:45;1,1875;1,1858;0,10618;0,10613;0,6943;0,6928
13/07/2016 18:00;1,1868;1,1852;0,1062;0,10616;0,6944;0,6936
13/07/2016 18:15;1,1874;1,1851;0,10626;0,1062;0,6948;0,6941
13/07/2016 18:30;1,186;1,1846;0,10622;0,10615;0,6946;0,6941
13/07/2016 18:45;1,1878;1,1855;0,10623;0,10619;0,6947;0,6942
13/07/2016 19:00;1,1882;1,1862;0,10621;0,10619;0,6945;0,694
13/07/2016 19:15;1,1867;1,1855;0,10624;0,1062;0,6946;0,6943
13/07/2016 19:30;1,1858;1,1846;0,10623;0,10622;0,6952;0,6944
13/07/2016 19:45;1,1848;1,1842;0,10622;0,10618;0,6951;0,6944
13/07/2016 20:00;1,1858;1,1847;0,10625;0,10619;0,6946;0,6945
13/07/2016 20:15;1,1848;1,1842;0,10623;0,10621;0,6945;0,6942
13/07/2016 20:30;1,1853;1,1847;0,10623;0,10623;0,6945;0,6943
13/07/2016 20:45;1,1852;1,1841;0,10624;0,10623;0,6946;0,6943
13/07/2016 21:00;1,1849;1,1845;0,10624;0,10622;0,6947;0,6944
13/07/2016 21:15;1,1849;1,1839;0,10624;0,10621;0,6946;0,6944
13/07/2016 21:30;1,1844;1,1833;0,10623;0,10619;0,6946;0,6942
13/07/2016 21:45;1,1843;1,1834;0,10621;0,1062;0,6945;0,6939
13/07/2016 22:00;1,1848;1,1842;0,1062;0,10619;0,6945;0,694
13/07/2016 22:15;1,1853;1,1848;0,10619;0,10617;0,6946;0,6944
13/07/2016 22:30;1,1854;1,1848;0,10619;0,10616;0,6948;0,6944
13/07/2016 22:45;1,1857;1,1849;0,10617;0,10609;0,6952;0,6948
13/07/2016 23:00;1,186;1,1849;0,10615;0,10608;0,695;0,6944
13/07/2016 23:15;1,1852;1,1848;0,1061;0,10608;0,6948;0,6943
13/07/2016 23:30;1,1849;1,1842;0,10615;0,10609;0,6944;0,6942
13/07/2016 23:45;1,1848;1,1836;0,10615;0,10613;0,6945;0,6942
14/07/2016;1,1843;1,1833;0,10617;0,10614;0,6942;0,6939
14/07/2016 00:15;1,1835;1,1832;0,10617;0,10615;0,694;0,6938
14/07/2016 00:30;1,1835;1,1817;0,10615;0,10614;0,6941;0,6938
14/07/2016 00:45;1,1822;1,1808;0,10615;0,10613;0,6941;0,694
14/07/2016 01:00;1,1823;1,1809;0,10614;0,10612;0,6944;0,6941
14/07/2016 01:15;1,1821;1,1806;0,10613;0,10612;0,6943;0,6941
14/07/2016 01:30;1,183;1,1818;0,10614;0,10612;0,6946;0,6942
14/07/2016 01:45;1,1831;1,1821;0,10614;0,10612;0,6947;0,6944
14/07/2016 02:00;1,183;1,1817;0,10613;0,10612;0,6951;0,6946
14/07/2016 02:15;1,1822;1,1814;0,10613;0,10612;0,695;0,6947
14/07/2016 02:30;1,1819;1,1814;0,10613;0,10612;0,695;0,6947
14/07/2016 02:45;1,1825;1,1813;0,10613;0,1061;0,6949;0,6947
14/07/2016 03:00;1,1829;1,182;0,10611;0,10608;0,6956;0,6949
14/07/2016 03:15;1,184;1,1828;0,10612;0,1061;0,6959;0,6953
14/07/2016 03:30;1,1844;1,1832;0,10616;0,1061;0,6962;0,6957
14/07/2016 03:45;1,1852;1,1837;0,10615;0,10609;0,6962;0,6956
14/07/2016 04:00;1,1852;1,1841;0,1061;0,10606;0,6961;0,6957
14/07/2016 04:15;1,1853;1,1845;0,10606;0,10603;0,6958;0,6957
14/07/2016 04:30;1,1852;1,1841;0,10606;0,10602;0,6961;0,6956
14/07/2016 04:45;1,1869;1,1842;0,10606;0,10605;0,6958;0,6954
14/07/2016 05:00;1,1898;1,1866;0,1061;0,10605;0,6961;0,6954
14/07/2016 05:15;1,1898;1,1883;0,10611;0,10609;0,6958;0,6953
14/07/2016 05:30;1,1893;1,1879;0,10611;0,1061;0,6958;0,6955
14/07/2016 05:45;1,1888;1,1883;0,10611;0,1061;0,6957;0,6954
14/07/2016 06:00;1,1884;1,1873;0,10611;0,10609;0,6956;0,6954
14/07/2016 06:15;1,1886;1,1869;0,10612;0,10607;0,6955;0,6952
14/07/2016 06:30;1,1886;1,1872;0,1061;0,10609;0,6954;0,6951
14/07/2016 06:45;1,1886;1,188;0,1061;0,10608;0,6954;0,6952
14/07/2016 07:00;1,1884;1,1876;0,1061;0,10608;0,6955;0,6951
14/07/2016 07:15;1,1884;1,1876;0,10609;0,10608;0,6956;0,6951
14/07/2016 07:30;1,1897;1,1879;0,10609;0,10603;0,6953;0,6948
14/07/2016 07:45;1,1898;1,1875;0,10606;0,10604;0,6955;0,6948
14/07/2016 08:00;1,193;1,1887;0,10614;0,10605;0,6956;0,6952
14/07/2016 08:15;1,1937;1,1918;0,10612;0,10607;0,6966;0,6953
14/07/2016 08:30;1,1931;1,1903;0,10616;0,1061;0,6965;0,6962
14/07/2016 08:45;1,1906;1,1888;0,10621;0,10612;0,6968;0,6963
14/07/2016 09:00;1,1923;1,1897;0,10624;0,10615;0,697;0,6967
14/07/2016 09:15;1,1922;1,1909;0,10621;0,10617;0,6973;0,6967
14/07/2016 09:30;1,1921;1,1913;0,1062;0,10609;0,6973;0,6964
14/07/2016 09:45;1,193;1,1901;0,10616;0,1061;0,6968;0,696
14/07/2016 10:00;1,1924;1,1901;0,10614;0,10613;0,6964;0,6961
14/07/2016 10:15;1,1924;1,1909;0,10613;0,10606;0,6963;0,6958
14/07/2016 10:30;1,1924;1,1906;0,1061;0,10603;0,6965;0,6959
14/07/2016 10:45;1,1914;1,1901;0,10608;0,10603;0,6964;0,696
14/07/2016 11:00;1,1914;1,1899;0,10627;0,10607;0,6963;0,6959
14/07/2016 11:15;1,1914;1,1899;0,10622;0,10615;0,6966;0,6962
14/07/2016 11:30;1,1914;1,1904;0,10619;0,10616;0,6966;0,6963
14/07/2016 11:45;1,1917;1,1904;0,10619;0,10609;0,6966;0,6961
14/07/2016 12:00;1,1916;1,1895;0,10612;0,10607;0,6967;0,6959
14/07/2016 12:15;1,1941;1,1894;0,10624;0,10608;0,697;0,6965
14/07/2016 12:30;1,1934;1,192;0,10619;0,10609;0,697;0,6964
14/07/2016 12:45;1,1933;1,1896;0,10614;0,10606;0,6964;0,6959
14/07/2016 13:00;1,2074;1,1901;0,10617;0,10601;0,6961;0,6943
14/07/2016 13:15;1,2006;1,1964;0,10608;0,10599;0,6948;0,6935
14/07/2016 13:30;1,2009;1,1971;0,10599;0,10589;0,694;0,6927
14/07/2016 13:45;1,1998;1,1969;0,10596;0,1059;0,6933;0,6924
14/07/2016 14:00;1,2009;1,1989;0,10597;0,10586;0,6934;0,6926
14/07/2016 14:15;1,2003;1,1982;0,10597;0,10591;0,6938;0,6932
14/07/2016 14:30;1,2003;1,1972;0,10597;0,10593;0,6951;0,6934
14/07/2016 14:45;1,1992;1,1969;0,10597;0,10583;0,6962;0,6948
14/07/2016 15:00;1,199;1,1972;0,10592;0,10585;0,6967;0,6955
14/07/2016 15:15;1,1988;1,1968;0,10592;0,10582;0,6967;0,6961
14/07/2016 15:30;1,1991;1,1957;0,10596;0,1059;0,6967;0,6958
14/07/2016 15:45;1,1979;1,196;0,10591;0,10586;0,6958;0,6953
14/07/2016 16:00;1,1982;1,1963;0,10595;0,10588;0,6958;0,6953
14/07/2016 16:15;1,1982;1,1973;0,10598;0,10591;0,6954;0,6951
14/07/2016 16:30;1,1986;1,1972;0,10598;0,10591;0,6955;0,6951
14/07/2016 16:45;1,1999;1,1969;0,10618;0,10594;0,6968;0,6951
14/07/2016 17:00;1,2016;1,1995;0,1062;0,10613;0,6976;0,6967
14/07/2016 17:15;1,2012;1,2002;0,10619;0,10616;0,6971;0,6967
14/07/2016 17:30;1,2023;1,2007;0,10618;0,10611;0,6973;0,6966
14/07/2016 17:45;1,2023;1,2002;0,10617;0,10609;0,6973;0,6969
14/07/2016 18:00;1,2015;1,2;0,10613;0,1061;0,6974;0,6969
14/07/2016 18:15;1,2003;1,1993;0,10613;0,10607;0,698;0,6975
14/07/2016 18:30;1,1999;1,1989;0,10613;0,10611;0,699;0,6977
14/07/2016 18:45;1,1993;1,1983;0,10611;0,10607;0,6992;0,6985
14/07/2016 19:00;1,1988;1,1978;0,10607;0,10606;0,699;0,6981
14/07/2016 19:15;1,198;1,1964;0,10606;0,10598;0,6981;0,697
14/07/2016 19:30;1,1969;1,1959;0,10599;0,10598;0,6978;0,6971
14/07/2016 19:45;1,1971;1,1964;0,106;0,10598;0,6979;0,6976
14/07/2016 20:00;1,1971;1,1967;0,10602;0,10596;0,698;0,6976
14/07/2016 20:15;1,1977;1,197;0,10602;0,10601;0,6982;0,6979
14/07/2016 20:30;1,1985;1,1975;0,10602;0,10601;0,6982;0,6979
14/07/2016 20:45;1,1988;1,1977;0,10602;0,10599;0,6981;0,6977
14/07/2016 21:00;1,1995;1,1986;0,106;0,10599;0,6978;0,6976
14/07/2016 21:15;1,1995;1,1988;0,10599;0,10591;0,6977;0,6973
14/07/2016 21:30;1,1996;1,1989;0,10593;0,10589;0,6977;0,6974
14/07/2016 21:45;1,1994;1,1989;0,10592;0,10587;0,6978;0,6975
14/07/2016 22:00;1,1998;1,1991;0,10587;0,10584;0,6976;0,6974
14/07/2016 22:15;1,2003;1,1997;0,10587;0,10586;0,6975;0,6974
14/07/2016 22:30;1,2004;1,2;0,10586;0,10585;0,6978;0,6975
14/07/2016 22:45;1,2006;1,1997;0,10586;0,10582;0,6979;0,6976
14/07/2016 23:00;1,2001;1,1994;0,10585;0,10582;0,6977;0,6975
14/07/2016 23:15;1,2001;1,1997;0,10595;0,10582;0,6975;0,6973
14/07/2016 23:30;1,2;1,1993;0,10584;0,10582;0,6975;0,6973
14/07/2016 23:45;1,1997;1,1992;0,10586;0,10582;0,6976;0,6974
15/07/2016;1,1998;1,1989;0,10586;0,10578;0,6978;0,6974
15/07/2016 00:15;1,2004;1,1993;0,10586;0,10581;0,6978;0,6976
15/07/2016 00:30;1,2001;1,1996;0,10582;0,10576;0,6977;0,6975
15/07/2016 00:45;1,2005;1,1996;0,10581;0,1058;0,6977;0,6975
15/07/2016 01:00;1,2012;1,2003;0,10582;0,1058;0,6977;0,6975
15/07/2016 01:15;1,2013;1,2003;0,10582;0,1058;0,6976;0,6972
15/07/2016 01:30;1,2016;1,2008;0,10583;0,10576;0,6977;0,6973
15/07/2016 01:45;1,2025;1,2009;0,10578;0,10577;0,6977;0,6973
15/07/2016 02:00;1,2041;1,2022;0,10578;0,10576;0,6976;0,6973
15/07/2016 02:15;1,2056;1,2037;0,10578;0,10572;0,6976;0,6974
15/07/2016 02:30;1,2074;1,2052;0,10573;0,10572;0,6974;0,6971
15/07/2016 02:45;1,2074;1,2034;0,10573;0,10571;0,6973;0,6969
15/07/2016 03:00;1,205;1,2031;0,10575;0,10571;0,6972;0,6969
15/07/2016 03:15;1,2058;1,2044;0,10579;0,10575;0,6971;0,6968
15/07/2016 03:30;1,2075;1,2057;0,10578;0,10576;0,6972;0,6968
15/07/2016 03:45;1,2072;1,206;0,10578;0,10576;0,697;0,6967
15/07/2016 04:00;1,2082;1,2067;0,10583;0,10578;0,6978;0,6972
15/07/2016 04:15;1,2082;1,2072;0,10583;0,10582;0,6978;0,6975
15/07/2016 04:30;1,2084;1,2069;0,10583;0,10581;0,6976;0,697
15/07/2016 04:45;1,208;1,2058;0,10584;0,10582;0,6974;0,6968
15/07/2016 05:00;1,2089;1,2075;0,10584;0,10582;0,6975;0,697
15/07/2016 05:15;1,2081;1,2075;0,10584;0,10583;0,6973;0,6968
15/07/2016 05:30;1,2092;1,2076;0,10584;0,10582;0,6968;0,6965
15/07/2016 05:45;1,2097;1,2086;0,10584;0,10583;0,6967;0,6964
15/07/2016 06:00;1,2098;1,2088;0,10587;0,10583;0,697;0,6967
15/07/2016 06:15;1,2104;1,209;0,10585;0,10584;0,697;0,6966
15/07/2016 06:30;1,2103;1,208;0,10585;0,10584;0,697;0,6967
15/07/2016 06:45;1,2091;1,2043;0,10584;0,1058;0,697;0,6966
15/07/2016 07:00;1,207;1,2043;0,10581;0,1058;0,6968;0,6964
15/07/2016 07:15;1,2062;1,2041;0,10581;0,10576;0,6966;0,6963
15/07/2016 07:30;1,2057;1,2043;0,10577;0,10573;0,6966;0,6963
15/07/2016 07:45;1,2057;1,2047;0,10576;0,10572;0,6965;0,6961
15/07/2016 08:00;1,2074;1,2048;0,10578;0,10571;0,6964;0,6961
15/07/2016 08:15;1,2082;1,2061;0,10577;0,10575;0,6965;0,6961
15/07/2016 08:30;1,208;1,2051;0,10579;0,10576;0,6964;0,696
15/07/2016 08:45;1,2055;1,2033;0,10579;0,10574;0,6966;0,6963
15/07/2016 09:00;1,204;1,2002;0,10576;0,10568;0,6963;0,6954
15/07/2016 09:15;1,2007;1,1993;0,10576;0,10568;0,6965;0,6953
15/07/2016 09:30;1,2015;1,1997;0,10577;0,10572;0,6965;0,6959
15/07/2016 09:45;1,2013;1,2003;0,10579;0,10572;0,6966;0,6962
15/07/2016 10:00;1,2029;1,2005;0,10582;0,10577;0,6963;0,696
15/07/2016 10:15;1,2037;1,2021;0,10583;0,10576;0,6961;0,6957
15/07/2016 10:30;1,204;1,203;0,10576;0,1057;0,6958;0,6955
15/07/2016 10:45;1,2047;1,2033;0,10576;0,10571;0,6963;0,6956
15/07/2016 11:00;1,207;1,2044;0,10577;0,10573;0,6964;0,6962
15/07/2016 11:15;1,2074;1,2051;0,10582;0,1058;0,6963;0,6959
15/07/2016 11:30;1,2055;1,199;0,1058;0,10575;0,6961;0,6958
15/07/2016 11:45;1,1996;1,1984;0,10579;0,10578;0,6961;0,6958
15/07/2016 12:00;1,1995;1,1976;0,10578;0,10575;0,6965;0,696
15/07/2016 12:15;1,1996;1,1983;0,10578;0,10575;0,6972;0,6964
15/07/2016 12:30;1,1998;1,1982;0,10577;0,10574;0,6971;0,6968
15/07/2016 12:45;1,2008;1,1994;0,10576;0,10575;0,697;0,6966
15/07/2016 13:00;1,2017;1,2003;0,10577;0,10575;0,6973;0,697
15/07/2016 13:15;1,2027;1,2012;0,10577;0,10573;0,6975;0,6971
15/07/2016 13:30;1,2037;1,2021;0,10575;0,10571;0,6977;0,6971
15/07/2016 13:45;1,2038;1,202;0,10576;0,10572;0,6987;0,6977
15/07/2016 14:00;1,2025;1,2001;0,10576;0,10573;0,6986;0,698
15/07/2016 14:15;1,201;1,1994;0,10578;0,10574;0,6986;0,6982
15/07/2016 14:30;1,2016;1,198;0,10577;0,10569;0,6992;0,6982
15/07/2016 14:45;1,2003;1,1984;0,10576;0,10567;0,699;0,6985
15/07/2016 15:00;1,2005;1,1991;0,10574;0,10567;0,699;0,6984
15/07/2016 15:15;1,2014;1,1992;0,1057;0,10568;0,6993;0,6987
15/07/2016 15:30;1,2013;1,1993;0,10572;0,10567;0,6992;0,6988
15/07/2016 15:45;1,2;1,1989;0,10575;0,10567;0,6989;0,6985
15/07/2016 16:00;1,2003;1,1984;0,10575;0,1057;0,6989;0,6982
15/07/2016 16:15;1,1992;1,198;0,10578;0,10567;0,6985;0,698
15/07/2016 16:30;1,1998;1,1987;0,10576;0,10572;0,6989;0,6985
15/07/2016 16:45;1,1995;1,1948;0,10583;0,1057;0,6986;0,6982
15/07/2016 17:00;1,1964;1,1943;0,10584;0,10573;0,6983;0,6978
15/07/2016 17:15;1,1967;1,1956;0,10577;0,10573;0,698;0,6974
15/07/2016 17:30;1,1969;1,195;0,1058;0,10576;0,698;0,6977
15/07/2016 17:45;1,1958;1,1926;0,1058;0,10577;0,6982;0,697
15/07/2016 18:00;1,1939;1,1904;0,10579;0,10574;0,6969;0,6962
15/07/2016 18:15;1,1913;1,1881;0,10575;0,1057;0,6971;0,6962
15/07/2016 18:30;1,1903;1,1883;0,10573;0,10571;0,6969;0,6963
15/07/2016 18:45;1,1915;1,1892;0,10571;0,10565;0,6969;0,6962
15/07/2016 19:00;1,192;1,1908;0,10566;0,10564;0,6972;0,6969
15/07/2016 19:15;1,1925;1,1911;0,10564;0,10561;0,6974;0,697
15/07/2016 19:30;1,192;1,191;0,10562;0,10555;0,6971;0,6969
15/07/2016 19:45;1,193;1,1917;0,10558;0,10556;0,6979;0,6972
15/07/2016 20:00;1,1939;1,1925;0,10556;0,10555;0,698;0,6977
15/07/2016 20:15;1,1938;1,193;0,1056;0,10555;0,6984;0,698
15/07/2016 20:30;1,1943;1,1936;0,10559;0,10559;0,6982;0,6979
15/07/2016 20:45;1,1943;1,1936;0,1056;0,10558;0,6985;0,6979
15/07/2016 21:00;1,1942;1,1935;0,1056;0,10559;0,6987;0,6983
15/07/2016 21:15;1,1941;1,1936;0,10559;0,10556;0,6987;0,6985
15/07/2016 21:30;1,1944;1,1938;0,10557;0,10555;0,6988;0,6985
15/07/2016 21:45;1,1945;1,1935;0,10556;0,10551;0,6986;0,6982
15/07/2016 22:00;1,1954;1,1942;0,10552;0,10551;0,6989;0,6981
15/07/2016 22:15;1,1954;1,1932;0,10554;0,10548;0,6991;0,6986
15/07/2016 22:30;1,1955;1,1909;0,10552;0,10545;0,6999;0,6986
15/07/2016 22:45;1,1968;1,1927;0,10558;0,10551;0,7;0,6988
17/07/2016 21:00;1,1951;1,1896;0,10569;0,1055;0,6993;0,6972
17/07/2016 21:15;1,1953;1,1948;0,10571;0,10564;0,6992;0,6986
17/07/2016 21:30;1,1955;1,1948;0,10567;0,10554;0,6989;0,6984
17/07/2016 21:45;1,1953;1,1947;0,10573;0,10559;0,699;0,6985
17/07/2016 22:00;1,1957;1,1952;0,1057;0,10562;0,6987;0,6983
17/07/2016 22:15;1,1958;1,1955;0,10567;0,10564;0,699;0,6985
17/07/2016 22:30;1,1964;1,1926;0,10567;0,10566;0,6991;0,6989
17/07/2016 22:45;1,1948;1,1935;0,10568;0,1056;0,6994;0,6989
17/07/2016 23:00;1,1944;1,1938;0,10569;0,10562;0,6992;0,6989
17/07/2016 23:15;1,1947;1,1939;0,10566;0,10562;0,6992;0,6989
17/07/2016 23:30;1,1945;1,1938;0,10569;0,10564;0,6994;0,699
17/07/2016 23:45;1,1955;1,1941;0,10568;0,10565;0,6991;0,6989
18/07/2016;1,1984;1,1953;0,10569;0,1056;0,699;0,6986
18/07/2016 00:15;1,2005;1,1975;0,10561;0,10558;0,6992;0,6984
18/07/2016 00:30;1,1987;1,1966;0,10567;0,1056;0,6993;0,6988
18/07/2016 00:45;1,1993;1,1961;0,10564;0,10553;0,6991;0,6984
18/07/2016 01:00;1,1988;1,1969;0,10561;0,10556;0,6989;0,6986
18/07/2016 01:15;1,1997;1,1982;0,1056;0,10555;0,6989;0,6981
18/07/2016 01:30;1,1986;1,197;0,10555;0,10553;0,6983;0,698
18/07/2016 01:45;1,1979;1,1934;0,10554;0,10552;0,6982;0,698
18/07/2016 02:00;1,198;1,1963;0,10554;0,10553;0,6982;0,6976
18/07/2016 02:15;1,1976;1,1965;0,10554;0,10553;0,698;0,6977
18/07/2016 02:30;1,1975;1,1968;0,10554;0,10553;0,6981;0,6977
18/07/2016 02:45;1,1984;1,1972;0,10554;0,10553;0,698;0,6978
18/07/2016 03:00;1,1983;1,1972;0,10554;0,10553;0,6979;0,6976
18/07/2016 03:15;1,1987;1,1974;0,10555;0,10553;0,6978;0,6974
18/07/2016 03:30;1,1987;1,1977;0,10567;0,10555;0,6979;0,6972
18/07/2016 03:45;1,1986;1,1974;0,10566;0,10564;0,6978;0,6976
18/07/2016 04:00;1,1976;1,1969;0,10565;0,10564;0,6981;0,6977
18/07/2016 04:15;1,1982;1,197;0,10567;0,10563;0,6983;0,698
18/07/2016 04:30;1,1977;1,1965;0,10567;0,10566;0,6982;0,698
18/07/2016 04:45;1,1969;1,1957;0,10571;0,10566;0,6981;0,6978
18/07/2016 05:00;1,1965;1,1956;0,10571;0,1057;0,6982;0,6978
18/07/2016 05:15;1,1966;1,1959;0,1057;0,10569;0,6982;0,6979
18/07/2016 05:30;1,196;1,195;0,1057;0,10569;0,6981;0,698
18/07/2016 05:45;1,1961;1,1951;0,1057;0,10569;0,6981;0,698
18/07/2016 06:00;1,1955;1,1947;0,1057;0,10568;0,6982;0,698
18/07/2016 06:15;1,1953;1,1944;0,10568;0,10566;0,6982;0,6981
18/07/2016 06:30;1,1964;1,1948;0,10567;0,10566;0,6982;0,6981
18/07/2016 06:45;1,197;1,1955;0,10569;0,10566;0,6982;0,698
18/07/2016 07:00;1,1972;1,1959;0,10569;0,10568;0,6983;0,698
18/07/2016 07:15;1,1961;1,1955;0,10569;0,10568;0,6984;0,6981
18/07/2016 07:30;1,1966;1,1956;0,10569;0,10566;0,6985;0,6982
18/07/2016 07:45;1,1965;1,1957;0,10567;0,10565;0,6983;0,6981
18/07/2016 08:00;1,1967;1,1957;0,10572;0,10566;0,6988;0,6981
18/07/2016 08:15;1,1966;1,1953;0,1057;0,10569;0,6989;0,6986
18/07/2016 08:30;1,1962;1,1952;0,10571;0,10568;0,6988;0,6983
18/07/2016 08:45;1,1963;1,1951;0,10575;0,1057;0,6986;0,698
18/07/2016 09:00;1,199;1,196;0,10579;0,10573;0,6992;0,6985
18/07/2016 09:15;1,1997;1,1976;0,10585;0,10579;0,6994;0,699
18/07/2016 09:30;1,1995;1,1983;0,1058;0,10573;0,6995;0,699
18/07/2016 09:45;1,1996;1,1986;0,10575;0,10571;0,6996;0,6992
18/07/2016 10:00;1,1997;1,1981;0,10574;0,1057;0,6996;0,6991
18/07/2016 10:15;1,2018;1,1982;0,10573;0,10568;0,6994;0,6989
18/07/2016 10:30;1,2007;1,199;0,10574;0,10572;0,6994;0,699
18/07/2016 10:45;1,2013;1,1993;0,10573;0,10567;0,6998;0,6991
18/07/2016 11:00;1,201;1,1988;0,10579;0,10569;0,6997;0,699
18/07/2016 11:15;1,2009;1,1995;0,1058;0,10576;0,6994;0,699
18/07/2016 11:30;1,2006;1,1988;0,10577;0,10571;0,6993;0,699
18/07/2016 11:45;1,1993;1,1971;0,10575;0,1057;0,6992;0,6988
18/07/2016 12:00;1,1988;1,1976;0,10573;0,10567;0,6995;0,6988
18/07/2016 12:15;1,199;1,1981;0,10568;0,10564;0,6994;0,6988
18/07/2016 12:30;1,1983;1,1975;0,10572;0,10564;0,6992;0,6986
18/07/2016 12:45;1,1984;1,197;0,10572;0,10568;0,6992;0,6989
18/07/2016 13:00;1,1978;1,1959;0,10568;0,10566;0,699;0,6982
18/07/2016 13:15;1,198;1,1973;0,10571;0,10568;0,6985;0,6981
18/07/2016 13:30;1,1993;1,1979;0,10571;0,10569;0,6987;0,6983
18/07/2016 13:45;1,1992;1,1983;0,1057;0,10562;0,6989;0,6984
18/07/2016 14:00;1,1998;1,1991;0,10563;0,1056;0,6985;0,6979
18/07/2016 14:15;1,1995;1,1988;0,10568;0,10562;0,6987;0,6983
18/07/2016 14:30;1,1994;1,1984;0,10568;0,10565;0,6982;0,6974
18/07/2016 14:45;1,1991;1,1981;0,1057;0,10565;0,6978;0,6976
18/07/2016 15:00;1,1984;1,1972;0,10566;0,10564;0,698;0,6974
18/07/2016 15:15;1,1991;1,1976;0,10567;0,10564;0,6975;0,6969
18/07/2016 15:30;1,1982;1,1964;0,10567;0,10563;0,6974;0,6955
18/07/2016 15:45;1,1975;1,1961;0,10564;0,10557;0,6957;0,6947
18/07/2016 16:00;1,198;1,1968;0,10559;0,10555;0,6953;0,695
18/07/2016 16:15;1,198;1,1964;0,10559;0,10553;0,6955;0,6949
18/07/2016 16:30;1,1987;1,1962;0,10557;0,1055;0,6956;0,6945
18/07/2016 16:45;1,2008;1,1973;0,10558;0,10547;0,6952;0,694
18/07/2016 17:00;1,2012;1,1996;0,10558;0,10554;0,6956;0,6949
18/07/2016 17:15;1,201;1,1993;0,10559;0,10555;0,6954;0,695
18/07/2016 17:30;1,2014;1,1993;0,10557;0,10555;0,6952;0,6947
18/07/2016 17:45;1,1999;1,1988;0,10558;0,10555;0,6954;0,6947
18/07/2016 18:00;1,1994;1,1978;0,10557;0,10554;0,6958;0,6952
18/07/2016 18:15;1,1989;1,1979;0,10555;0,10554;0,6956;0,695
18/07/2016 18:30;1,1982;1,197;0,10557;0,10555;0,696;0,6952
18/07/2016 18:45;1,1992;1,1975;0,10557;0,10556;0,6963;0,6952
18/07/2016 19:00;1,1985;1,1975;0,10559;0,10557;0,6969;0,6961
18/07/2016 19:15;1,1985;1,1975;0,1056;0,10558;0,6968;0,6964
18/07/2016 19:30;1,1985;1,1977;0,1056;0,10559;0,6968;0,6965
18/07/2016 19:45;1,1982;1,1975;0,10562;0,1056;0,6968;0,6965
18/07/2016 20:00;1,1983;1,1975;0,10561;0,1056;0,6966;0,6963
18/07/2016 20:15;1,1983;1,1975;0,1056;0,10559;0,697;0,6963
18/07/2016 20:30;1,1979;1,1974;0,10562;0,10559;0,6979;0,697
18/07/2016 20:45;1,198;1,1975;0,10561;0,10557;0,6978;0,6975
18/07/2016 21:00;1,1981;1,1975;0,10558;0,10557;0,6978;0,6976
18/07/2016 21:15;1,198;1,1976;0,10564;0,10558;0,6984;0,6977
18/07/2016 21:30;1,1978;1,1968;0,10563;0,10557;0,6982;0,6978
18/07/2016 21:45;1,1974;1,1967;0,10557;0,10554;0,6981;0,6978
18/07/2016 22:00;1,1974;1,1965;0,10555;0,10553;0,6981;0,6975
18/07/2016 22:15;1,1974;1,1971;0,10553;0,10551;0,698;0,6975
18/07/2016 22:30;1,1972;1,1969;0,10552;0,10552;0,6978;0,6974
18/07/2016 22:45;1,197;1,1968;0,10564;0,10552;0,6978;0,6975
18/07/2016 23:00;1,1974;1,1964;0,10563;0,10558;0,6976;0,6972
18/07/2016 23:15;1,1972;1,1966;0,10561;0,10558;0,6973;0,6971
18/07/2016 23:30;1,1969;1,1965;0,10559;0,10558;0,6972;0,6966
18/07/2016 23:45;1,1969;1,1965;0,1056;0,10558;0,6972;0,6967
19/07/2016;1,1985;1,1966;0,10564;0,10558;0,6974;0,6971
19/07/2016 00:15;1,1983;1,1977;0,10563;0,1056;0,6972;0,6971
19/07/2016 00:30;1,1981;1,1973;0,10561;0,10559;0,6972;0,697
19/07/2016 00:45;1,1986;1,198;0,1056;0,10559;0,6972;0,6971
19/07/2016 01:00;1,1986;1,198;0,1056;0,10559;0,6974;0,6971
19/07/2016 01:15;1,1985;1,1977;0,10561;0,10559;0,6974;0,6971
19/07/2016 01:30;1,1987;1,1979;0,1056;0,10559;0,6973;0,697
19/07/2016 01:45;1,1987;1,1979;0,1056;0,10555;0,6972;0,6969
19/07/2016 02:00;1,1988;1,1978;0,10559;0,10557;0,6973;0,6968
19/07/2016 02:15;1,1981;1,1969;0,10559;0,10556;0,697;0,6965
19/07/2016 02:30;1,1978;1,1974;0,10557;0,10556;0,6969;0,6963
19/07/2016 02:45;1,1978;1,1969;0,10556;0,10553;0,6965;0,696
19/07/2016 03:00;1,1976;1,196;0,10555;0,10549;0,6965;0,6962
19/07/2016 03:15;1,1965;1,1958;0,1055;0,1055;0,6966;0,6963
19/07/2016 03:30;1,1965;1,1951;0,1055;0,10549;0,6969;0,6959
19/07/2016 03:45;1,1958;1,1932;0,10549;0,1054;0,6961;0,6954
19/07/2016 04:00;1,1944;1,1934;0,10545;0,10541;0,6957;0,6953
19/07/2016 04:15;1,1939;1,1931;0,10546;0,10545;0,6958;0,6953
19/07/2016 04:30;1,1944;1,193;0,10547;0,10545;0,6957;0,6953
19/07/2016 04:45;1,1944;1,1938;0,10548;0,10546;0,6956;0,6955
19/07/2016 05:00;1,1941;1,1933;0,10549;0,10547;0,6957;0,6953
19/07/2016 05:15;1,1941;1,193;0,10549;0,10547;0,6956;0,6953
19/07/2016 05:30;1,1943;1,1939;0,1055;0,10548;0,6957;0,6955
19/07/2016 05:45;1,1944;1,1941;0,1055;0,10547;0,6955;0,6954
19/07/2016 06:00;1,1943;1,1938;0,10549;0,10547;0,6955;0,6954
19/07/2016 06:15;1,1939;1,1928;0,10548;0,10545;0,6955;0,6951
19/07/2016 06:30;1,1939;1,1926;0,10548;0,10547;0,6956;0,6952
19/07/2016 06:45;1,194;1,1931;0,10549;0,10547;0,6956;0,6955
19/07/2016 07:00;1,1934;1,193;0,10549;0,10548;0,6955;0,6953
19/07/2016 07:15;1,1942;1,1932;0,1055;0,10548;0,6956;0,6953
19/07/2016 07:30;1,1947;1,1938;0,10551;0,10549;0,6957;0,6956
19/07/2016 07:45;1,1948;1,1939;0,10551;0,10549;0,6958;0,6956
19/07/2016 08:00;1,1952;1,1932;0,10552;0,10549;0,6957;0,6952
19/07/2016 08:15;1,1945;1,1931;0,10551;0,10548;0,6957;0,6953
19/07/2016 08:30;1,1949;1,1935;0,10556;0,1055;0,6957;0,6951
19/07/2016 08:45;1,1941;1,1929;0,10555;0,1055;0,696;0,6951
19/07/2016 09:00;1,1951;1,1936;0,10553;0,10549;0,6958;0,6954
19/07/2016 09:15;1,1952;1,1931;0,10555;0,10547;0,6958;0,6952
19/07/2016 09:30;1,1934;1,1903;0,10555;0,1055;0,6953;0,6948
19/07/2016 09:45;1,1936;1,1913;0,10552;0,10549;0,6952;0,6948
19/07/2016 10:00;1,1929;1,1916;0,10552;0,10546;0,6948;0,6944
19/07/2016 10:15;1,1936;1,1912;0,10548;0,1054;0,6948;0,6943
19/07/2016 10:30;1,1939;1,1919;0,10553;0,10546;0,6946;0,6943
19/07/2016 10:45;1,1927;1,1916;0,1056;0,1055;0,6948;0,6943
19/07/2016 11:00;1,1924;1,1913;0,1056;0,10555;0,695;0,6943
19/07/2016 11:15;1,1938;1,1924;0,10558;0,10555;0,6944;0,6942
19/07/2016 11:30;1,1939;1,1917;0,10556;0,10551;0,695;0,6944
19/07/2016 11:45;1,194;1,1928;0,10552;0,10544;0,6948;0,6942
19/07/2016 12:00;1,1931;1,1922;0,10545;0,10543;0,6945;0,694
19/07/2016 12:15;1,1928;1,1911;0,10545;0,1054;0,6949;0,6944
19/07/2016 12:30;1,1928;1,1913;0,10541;0,10538;0,6951;0,6948
19/07/2016 12:45;1,1919;1,1903;0,10541;0,10534;0,6953;0,6948
19/07/2016 13:00;1,1918;1,1899;0,1054;0,10533;0,6952;0,6948
19/07/2016 13:15;1,192;1,1907;0,10536;0,1053;0,6952;0,6949
19/07/2016 13:30;1,1922;1,1912;0,10543;0,10532;0,6957;0,6952
19/07/2016 13:45;1,1934;1,1903;0,1054;0,10537;0,6963;0,6954
19/07/2016 14:00;1,1915;1,1902;0,1054;0,10537;0,6963;0,6953
19/07/2016 14:15;1,1921;1,1907;0,10537;0,10531;0,6965;0,696
19/07/2016 14:30;1,1915;1,1902;0,10537;0,10533;0,6964;0,6958
19/07/2016 14:45;1,1913;1,19;0,10539;0,10534;0,6963;0,6952
19/07/2016 15:00;1,1913;1,1897;0,10543;0,10537;0,6958;0,6952
19/07/2016 15:15;1,1921;1,1904;0,10555;0,10544;0,6967;0,6959
19/07/2016 15:30;1,1928;1,1908;0,10557;0,10552;0,6966;0,6961
19/07/2016 15:45;1,1913;1,1896;0,10553;0,10551;0,6964;0,6959
19/07/2016 16:00;1,1919;1,1902;0,10551;0,10545;0,6965;0,6958
19/07/2016 16:15;1,1921;1,1912;0,10555;0,10546;0,6963;0,6959
19/07/2016 16:30;1,1926;1,1917;0,10552;0,10548;0,6969;0,6963
19/07/2016 16:45;1,1931;1,1917;0,10549;0,10546;0,6973;0,6965
19/07/2016 17:00;1,1936;1,1918;0,10551;0,10539;0,6973;0,6967
19/07/2016 17:15;1,1944;1,1924;0,10548;0,10543;0,6974;0,6968
19/07/2016 17:30;1,194;1,1924;0,10548;0,10539;0,6977;0,6972
19/07/2016 17:45;1,1939;1,1914;0,10542;0,10536;0,6977;0,697
19/07/2016 18:00;1,1917;1,1891;0,10543;0,1054;0,697;0,6967
19/07/2016 18:15;1,1913;1,19;0,10544;0,10543;0,6969;0,6963
19/07/2016 18:30;1,1909;1,1897;0,10546;0,10543;0,6966;0,6962
19/07/2016 18:45;1,1913;1,1904;0,10543;0,10537;0,6968;0,6965
19/07/2016 19:00;1,1909;1,19;0,10544;0,10542;0,6966;0,6963
19/07/2016 19:15;1,1902;1,1895;0,10543;0,10539;0,6965;0,6963
19/07/2016 19:30;1,1896;1,1889;0,1054;0,10538;0,6966;0,6961
19/07/2016 19:45;1,1896;1,1888;0,10539;0,10535;0,6971;0,6963
19/07/2016 20:00;1,1894;1,1882;0,1054;0,10537;0,697;0,6969
19/07/2016 20:15;1,1891;1,1875;0,10539;0,10538;0,6969;0,6966
19/07/2016 20:30;1,1888;1,1882;0,1054;0,10539;0,6969;0,6966
19/07/2016 20:45;1,1889;1,1878;0,1054;0,10539;0,6972;0,6967
19/07/2016 21:00;1,1886;1,188;0,1054;0,10537;0,6972;0,697
19/07/2016 21:15;1,1884;1,1874;0,10538;0,10536;0,6973;0,6969
19/07/2016 21:30;1,1877;1,1866;0,10538;0,10536;0,6971;0,6969
19/07/2016 21:45;1,1878;1,1866;0,10538;0,10534;0,697;0,6965
19/07/2016 22:00;1,1884;1,1876;0,10535;0,10534;0,6967;0,6966
19/07/2016 22:15;1,1885;1,1883;0,10535;0,10534;0,6966;0,6964
19/07/2016 22:30;1,189;1,1882;0,10535;0,10535;0,6965;0,6961
19/07/2016 22:45;1,1912;1,1883;0,10536;0,10534;0,6969;0,6963
19/07/2016 23:00;1,1914;1,1891;0,10537;0,10534;0,697;0,6967
19/07/2016 23:15;1,1896;1,1894;0,10536;0,10534;0,697;0,6968
19/07/2016 23:30;1,1896;1,1893;0,10536;0,10535;0,6972;0,697
19/07/2016 23:45;1,1894;1,1887;0,10537;0,10535;0,6972;0,6969
20/07/2016;1,1897;1,1889;0,10537;0,10533;0,6971;0,6969
20/07/2016 00:15;1,1896;1,1892;0,10538;0,10536;0,6971;0,6969
20/07/2016 00:30;1,1897;1,1894;0,10537;0,10536;0,6973;0,6971
20/07/2016 00:45;1,19;1,1896;0,10536;0,10534;0,6972;0,6969
20/07/2016 01:00;1,1901;1,1896;0,10536;0,10534;0,697;0,6969
20/07/2016 01:15;1,1903;1,1897;0,10536;0,10535;0,697;0,6968
20/07/2016 01:30;1,1906;1,1901;0,10536;0,10536;0,6972;0,697
20/07/2016 01:45;1,1904;1,1899;0,10536;0,10535;0,6972;0,697
20/07/2016 02:00;1,19;1,1894;0,10536;0,10535;0,697;0,6969
20/07/2016 02:15;1,1901;1,1892;0,10535;0,10535;0,697;0,6967
20/07/2016 02:30;1,1893;1,1884;0,10535;0,10533;0,6969;0,6966
20/07/2016 02:45;1,1888;1,1878;0,10533;0,10533;0,6968;0,6965
20/07/2016 03:00;1,1884;1,1873;0,10533;0,10532;0,6968;0,6965
20/07/2016 03:15;1,1882;1,1871;0,10534;0,10532;0,6969;0,6965
20/07/2016 03:30;1,1883;1,1872;0,10534;0,10533;0,6971;0,6967
20/07/2016 03:45;1,1886;1,1877;0,10537;0,10534;0,6973;0,697
20/07/2016 04:00;1,1891;1,1881;0,10536;0,10534;0,697;0,6968
20/07/2016 04:15;1,1885;1,1875;0,10536;0,10534;0,6973;0,6968
20/07/2016 04:30;1,1884;1,188;0,10537;0,10535;0,6974;0,6972
20/07/2016 04:45;1,1887;1,188;0,10538;0,10536;0,6974;0,6972
20/07/2016 05:00;1,1884;1,1879;0,10538;0,10537;0,6972;0,697
20/07/2016 05:15;1,1887;1,1876;0,10539;0,10537;0,6974;0,6971
20/07/2016 05:30;1,1887;1,1883;0,10539;0,10539;0,6974;0,6973
20/07/2016 05:45;1,1884;1,1879;0,10539;0,10538;0,6974;0,6973
20/07/2016 06:00;1,1881;1,1877;0,10539;0,10538;0,6974;0,6972
20/07/2016 06:15;1,1885;1,1881;0,10539;0,10539;0,6974;0,6972
20/07/2016 06:30;1,1891;1,1881;0,10539;0,10539;0,6973;0,6971
20/07/2016 06:45;1,1901;1,189;0,1054;0,10538;0,6973;0,6971
20/07/2016 07:00;1,1902;1,1894;0,10539;0,10538;0,6972;0,697
20/07/2016 07:15;1,1905;1,1886;0,10539;0,10537;0,6972;0,697
20/07/2016 07:30;1,1896;1,1887;0,10539;0,10539;0,6972;0,6971
20/07/2016 07:45;1,1899;1,1889;0,1054;0,10538;0,697;0,6967
20/07/2016 08:00;1,1899;1,1889;0,10542;0,1054;0,6971;0,6968
20/07/2016 08:15;1,19;1,1892;0,10546;0,1054;0,6974;0,6971
20/07/2016 08:30;1,1905;1,1891;0,10546;0,10538;0,6974;0,6968
20/07/2016 08:45;1,1911;1,1894;0,10546;0,1054;0,6976;0,6968
20/07/2016 09:00;1,1915;1,1903;0,10546;0,10541;0,6977;0,6972
20/07/2016 09:15;1,1918;1,1906;0,10542;0,1054;0,6976;0,6972
20/07/2016 09:30;1,1911;1,1903;0,10545;0,10538;0,6974;0,697
20/07/2016 09:45;1,1915;1,1903;0,10547;0,10544;0,6972;0,6965
20/07/2016 10:00;1,1912;1,1903;0,10542;0,10541;0,6967;0,6964
20/07/2016 10:15;1,1919;1,1904;0,10543;0,10536;0,6965;0,6962
20/07/2016 10:30;1,1944;1,1912;0,10545;0,10537;0,6965;0,6961
20/07/2016 10:45;1,1962;1,1938;0,10554;0,10544;0,6965;0,6961
20/07/2016 11:00;1,1965;1,1953;0,10559;0,10554;0,6969;0,6964
20/07/2016 11:15;1,1975;1,1956;0,10558;0,10556;0,6969;0,6964
20/07/2016 11:30;1,1982;1,197;0,10561;0,10556;0,6967;0,6961
20/07/2016 11:45;1,1985;1,1975;0,10561;0,10558;0,6964;0,6962
20/07/2016 12:00;1,1991;1,198;0,10559;0,10556;0,6966;0,6963
20/07/2016 12:15;1,1985;1,1972;0,1056;0,10556;0,6964;0,6958
20/07/2016 12:30;1,1983;1,1963;0,10561;0,10559;0,6964;0,6961
20/07/2016 12:45;1,1969;1,1955;0,10559;0,10556;0,6964;0,6955
20/07/2016 13:00;1,1969;1,1958;0,10557;0,10555;0,6959;0,6956
20/07/2016 13:15;1,1966;1,1952;0,10559;0,10555;0,6959;0,6951
20/07/2016 13:30;1,1957;1,1949;0,10558;0,10555;0,6955;0,6951
20/07/2016 13:45;1,1967;1,1951;0,10562;0,10557;0,6956;0,6953
20/07/2016 14:00;1,1969;1,196;0,10567;0,10562;0,6956;0,6952
20/07/2016 14:15;1,1971;1,1961;0,10567;0,1056;0,6957;0,6953
20/07/2016 14:30;1,1976;1,1955;0,10566;0,10561;0,6956;0,6951
20/07/2016 14:45;1,1963;1,1946;0,10564;0,10561;0,6954;0,695
20/07/2016 15:00;1,1963;1,1948;0,10565;0,1056;0,6951;0,6947
20/07/2016 15:15;1,1966;1,1951;0,10566;0,10562;0,695;0,6944
20/07/2016 15:30;1,1962;1,1942;0,10563;0,10558;0,6948;0,6945
20/07/2016 15:45;1,1965;1,1945;0,1056;0,10558;0,6946;0,6943
20/07/2016 16:00;1,1973;1,1956;0,10559;0,10555;0,6947;0,694
20/07/2016 16:15;1,1981;1,1956;0,10558;0,10555;0,6951;0,6943
20/07/2016 16:30;1,1974;1,1957;0,1056;0,10556;0,6959;0,6943
20/07/2016 16:45;1,1979;1,1965;0,10567;0,10555;0,697;0,6956
20/07/2016 17:00;1,1978;1,1962;0,10571;0,10563;0,6973;0,6969
20/07/2016 17:15;1,1972;1,1964;0,10565;0,10562;0,6972;0,6968
20/07/2016 17:30;1,1974;1,1961;0,10566;0,10562;0,6971;0,6968
20/07/2016 17:45;1,1976;1,1964;0,10566;0,10563;0,6971;0,6967
20/07/2016 18:00;1,1974;1,1968;0,10565;0,10562;0,6971;0,6968
20/07/2016 18:15;1,1975;1,1969;0,10565;0,10564;0,6971;0,6965
20/07/2016 18:30;1,198;1,1973;0,10566;0,10564;0,6966;0,6964
20/07/2016 18:45;1,1982;1,1974;0,10567;0,10564;0,6966;0,6962
20/07/2016 19:00;1,1984;1,1973;0,10569;0,10568;0,6967;0,6964
20/07/2016 19:15;1,1976;1,1969;0,10568;0,10566;0,6969;0,6965
20/07/2016 19:30;1,1972;1,1965;0,10567;0,10566;0,697;0,6968
20/07/2016 19:45;1,1971;1,1966;0,10567;0,10563;0,6969;0,6963
20/07/2016 20:00;1,1968;1,1962;0,10568;0,10564;0,6964;0,6962
20/07/2016 20:15;1,1964;1,1958;0,10566;0,10565;0,6964;0,6962
20/07/2016 20:30;1,1958;1,1946;0,10565;0,10565;0,6964;0,6958
20/07/2016 20:45;1,1954;1,1946;0,10565;0,10563;0,6961;0,6957
20/07/2016 21:00;1,2001;1,1946;0,10564;0,10563;0,6958;0,6951
20/07/2016 21:15;1,2001;1,1981;0,10564;0,10562;0,6955;0,6954
20/07/2016 21:30;1,2005;1,1989;0,10563;0,10563;0,6955;0,6953
20/07/2016 21:45;1,1999;1,1991;0,10563;0,10561;0,6955;0,6953
20/07/2016 22:00;1,1995;1,1974;0,10561;0,10559;0,6953;0,695
20/07/2016 22:15;1,199;1,1982;0,1056;0,10558;0,6952;0,6949
20/07/2016 22:30;1,1986;1,1981;0,1056;0,10559;0,6955;0,6951
20/07/2016 22:45;1,1999;1,1981;0,10559;0,10558;0,6953;0,695
20/07/2016 23:00;1,2036;1,198;0,10559;0,10556;0,6954;0,6948
20/07/2016 23:15;1,2033;1,2008;0,10558;0,10557;0,6955;0,6947
20/07/2016 23:30;1,2021;1,2012;0,10559;0,10556;0,6948;0,6945
20/07/2016 23:45;1,2024;1,2019;0,10559;0,10556;0,6948;0,6946
21/07/2016;1,2024;1,2011;0,10559;0,10557;0,6948;0,6946
21/07/2016 00:15;1,2016;1,2009;0,10558;0,10557;0,6949;0,6946
21/07/2016 00:30;1,2015;1,2009;0,10558;0,10558;0,6949;0,6947
21/07/2016 00:45;1,2015;1,201;0,10558;0,10558;0,6948;0,6947
21/07/2016 01:00;1,2013;1,2009;0,10558;0,10557;0,6947;0,6945
21/07/2016 01:15;1,2034;1,2011;0,10558;0,10557;0,6947;0,6944
21/07/2016 01:30;1,204;1,2031;0,1056;0,10557;0,6947;0,6946
21/07/2016 01:45;1,2045;1,2017;0,1056;0,10557;0,6948;0,6945
21/07/2016 02:00;1,2024;1,2013;0,10558;0,10556;0,6947;0,6945
21/07/2016 02:15;1,2021;1,2014;0,10557;0,10556;0,6949;0,6947
21/07/2016 02:30;1,2025;1,2015;0,10557;0,10557;0,6949;0,6947
21/07/2016 02:45;1,2024;1,2012;0,10558;0,10557;0,695;0,6947
21/07/2016 03:00;1,2019;1,2009;0,10558;0,10557;0,6953;0,6949
21/07/2016 03:15;1,2015;1,2007;0,10559;0,10557;0,6951;0,6948
21/07/2016 03:30;1,2012;1,2002;0,10558;0,10557;0,695;0,6946
21/07/2016 03:45;1,2009;1,2003;0,10559;0,10557;0,6948;0,6945
21/07/2016 04:00;1,2009;1,1994;0,10557;0,10556;0,6949;0,6946
21/07/2016 04:15;1,1999;1,1992;0,10557;0,10556;0,695;0,6948
21/07/2016 04:30;1,1996;1,1991;0,10557;0,10556;0,695;0,6948
21/07/2016 04:45;1,2;1,1993;0,10558;0,10556;0,6951;0,695
21/07/2016 05:00;1,1998;1,1995;0,10557;0,10557;0,695;0,6948
21/07/2016 05:15;1,1997;1,1991;0,10557;0,10556;0,695;0,6948
21/07/2016 05:30;1,1997;1,198;0,10557;0,10555;0,695;0,6942
21/07/2016 05:45;1,1986;1,1979;0,10557;0,10556;0,6946;0,6944
21/07/2016 06:00;1,1988;1,1976;0,10557;0,10556;0,6947;0,6945
21/07/2016 06:15;1,1995;1,1986;0,10556;0,10556;0,6948;0,6946
21/07/2016 06:30;1,1996;1,1985;0,10556;0,10556;0,6948;0,6947
21/07/2016 06:45;1,1995;1,1992;0,10556;0,10556;0,6949;0,6948
21/07/2016 07:00;1,2;1,1993;0,10556;0,10555;0,6948;0,6946
21/07/2016 07:15;1,1993;1,1983;0,10556;0,10556;0,6949;0,6947
21/07/2016 07:30;1,1998;1,1984;0,10557;0,10556;0,6952;0,6948
21/07/2016 07:45;1,1998;1,1978;0,1056;0,10556;0,6951;0,6949
21/07/2016 08:00;1,2006;1,1986;0,1056;0,10557;0,6951;0,6949
21/07/2016 08:15;1,2002;1,1992;0,10561;0,10559;0,6951;0,6948
21/07/2016 08:30;1,2017;1,1993;0,10558;0,10555;0,6951;0,6943
21/07/2016 08:45;1,2019;1,2003;0,10559;0,10555;0,6947;0,6942
21/07/2016 09:00;1,2021;1,2008;0,10558;0,10552;0,695;0,6944
21/07/2016 09:15;1,2023;1,2008;0,10559;0,10552;0,695;0,6947
21/07/2016 09:30;1,2024;1,201;0,10558;0,10551;0,6949;0,6945
21/07/2016 09:45;1,202;1,2;0,10555;0,10552;0,6949;0,6945
21/07/2016 10:00;1,2005;1,1994;0,10556;0,10553;0,6948;0,6946
21/07/2016 10:15;1,2005;1,1976;0,10556;0,10551;0,6951;0,6947
21/07/2016 10:30;1,1989;1,1929;0,10552;0,1055;0,695;0,6941
21/07/2016 10:45;1,1985;1,1946;0,10553;0,10551;0,6954;0,6943
21/07/2016 11:00;1,1996;1,1977;0,10556;0,10552;0,696;0,6956
21/07/2016 11:15;1,1996;1,1977;0,10557;0,10554;0,696;0,6957
21/07/2016 11:30;1,1991;1,197;0,10563;0,10557;0,6956;0,6952
21/07/2016 11:45;1,1982;1,1966;0,10564;0,10562;0,6955;0,6951
21/07/2016 12:00;1,1993;1,1979;0,10564;0,1056;0,6956;0,695
21/07/2016 12:15;1,1993;1,1975;0,10563;0,10557;0,6951;0,6947
21/07/2016 12:30;1,1995;1,1975;0,10566;0,10562;0,6952;0,695
21/07/2016 12:45;1,1981;1,1969;0,10566;0,1056;0,6952;0,6948
21/07/2016 13:00;1,198;1,1967;0,10561;0,10559;0,6949;0,6945
21/07/2016 13:15;1,198;1,1963;0,10562;0,1056;0,6953;0,6946
21/07/2016 13:30;1,1972;1,1956;0,10567;0,10555;0,6958;0,6952
21/07/2016 13:45;1,1968;1,1951;0,10557;0,10552;0,6958;0,6954
21/07/2016 14:00;1,1966;1,1957;0,10556;0,1055;0,6958;0,6954
21/07/2016 14:15;1,197;1,1962;0,10555;0,10549;0,6956;0,695
21/07/2016 14:30;1,1974;1,1939;0,10552;0,10545;0,6954;0,6941
21/07/2016 14:45;1,196;1,1929;0,10549;0,10538;0,6951;0,6943
21/07/2016 15:00;1,1956;1,1932;0,10548;0,10542;0,6949;0,6944
21/07/2016 15:15;1,1959;1,1948;0,10543;0,10539;0,6953;0,6947
21/07/2016 15:30;1,1987;1,1957;0,10545;0,10536;0,6964;0,6951
21/07/2016 15:45;1,199;1,1976;0,10548;0,10542;0,6964;0,6958
21/07/2016 16:00;1,1995;1,198;0,10546;0,1054;0,697;0,6963
21/07/2016 16:15;1,2012;1,1987;0,10549;0,10543;0,6973;0,6968
21/07/2016 16:30;1,2011;1,1984;0,10557;0,10548;0,6979;0,697
21/07/2016 16:45;1,2018;1,1995;0,10563;0,10553;0,6979;0,6973
21/07/2016 17:00;1,2032;1,2012;0,10564;0,10558;0,6979;0,6975
21/07/2016 17:15;1,2025;1,2003;0,10561;0,10559;0,6974;0,6967
21/07/2016 17:30;1,2017;1,1996;0,10563;0,1056;0,6971;0,6965
21/07/2016 17:45;1,2;1,199;0,10561;0,1056;0,6966;0,6952
21/07/2016 18:00;1,2009;1,1996;0,10563;0,10559;0,6959;0,6952
21/07/2016 18:15;1,2011;1,1996;0,10559;0,10551;0,696;0,6953
21/07/2016 18:30;1,2003;1,1993;0,10556;0,10552;0,6957;0,6953
21/07/2016 18:45;1,2002;1,1995;0,1056;0,10556;0,6956;0,6953
21/07/2016 19:00;1,2001;1,1991;0,10561;0,10559;0,6958;0,6953
21/07/2016 19:15;1,1993;1,1989;0,10561;0,1056;0,6958;0,6954
21/07/2016 19:30;1,1995;1,1991;0,1056;0,10558;0,6956;0,6953
21/07/2016 19:45;1,1996;1,1988;0,10564;0,10558;0,6956;0,6951
21/07/2016 20:00;1,1995;1,1983;0,10566;0,10558;0,6951;0,6942
21/07/2016 20:15;1,1989;1,1984;0,10558;0,10558;0,6943;0,6941
21/07/2016 20:30;1,1989;1,1983;0,10558;0,10558;0,6941;0,6938
21/07/2016 20:45;1,199;1,1982;0,10558;0,10556;0,6939;0,6936
21/07/2016 21:00;1,1989;1,1978;0,10557;0,10556;0,6936;0,6928
21/07/2016 21:15;1,1984;1,198;0,10556;0,10555;0,6932;0,6927
21/07/2016 21:30;1,1986;1,1981;0,10557;0,10556;0,6933;0,693
21/07/2016 21:45;1,1985;1,1979;0,10557;0,10556;0,6935;0,6932
21/07/2016 22:00;1,1987;1,198;0,10557;0,10555;0,6935;0,6932
21/07/2016 22:15;1,1994;1,1986;0,10555;0,10554;0,6934;0,6932
21/07/2016 22:30;1,1999;1,1991;0,10556;0,10554;0,6935;0,6933
21/07/2016 22:45;1,2003;1,199;0,10556;0,10548;0,6935;0,693
21/07/2016 23:00;1,2004;1,1989;0,10556;0,1055;0,6931;0,693
21/07/2016 23:15;1,1998;1,1991;0,10554;0,10551;0,6932;0,6929
21/07/2016 23:30;1,1998;1,1992;0,10553;0,10547;0,6933;0,6931
21/07/2016 23:45;1,2002;1,1988;0,10547;0,10544;0,6932;0,693
22/07/2016;1,1994;1,1984;0,1055;0,10545;0,6932;0,6928
22/07/2016 00:15;1,1995;1,1987;0,10553;0,1055;0,6931;0,6929
22/07/2016 00:30;1,2;1,1991;0,10553;0,10553;0,6933;0,693
22/07/2016 00:45;1,2;1,1996;0,10553;0,10553;0,6933;0,6931
22/07/2016 01:00;1,1998;1,1993;0,10553;0,10553;0,6933;0,6931
22/07/2016 01:15;1,1998;1,1989;0,10553;0,10553;0,6933;0,6932
22/07/2016 01:30;1,1995;1,199;0,10553;0,10553;0,6934;0,6933
22/07/2016 01:45;1,2008;1,1992;0,10553;0,10553;0,6935;0,6932
22/07/2016 02:00;1,2009;1,1995;0,10553;0,10553;0,6933;0,6931
22/07/2016 02:15;1,2012;1,2002;0,10553;0,10552;0,6932;0,693
22/07/2016 02:30;1,2013;1,2005;0,10553;0,10552;0,693;0,6928
22/07/2016 02:45;1,2014;1,2004;0,10553;0,10552;0,693;0,6927
22/07/2016 03:00;1,201;1,2001;0,10552;0,10551;0,693;0,6926
22/07/2016 03:15;1,2006;1,1994;0,10553;0,10551;0,6929;0,6921
22/07/2016 03:30;1,2006;1,1994;0,10552;0,10551;0,6928;0,6922
22/07/2016 03:45;1,2009;1,2002;0,10552;0,10551;0,6927;0,6924
22/07/2016 04:00;1,2007;1,1997;0,10552;0,10551;0,6926;0,6924
22/07/2016 04:15;1,2008;1,2001;0,10552;0,10551;0,6925;0,6921
22/07/2016 04:30;1,2005;1,1999;0,10552;0,10552;0,6924;0,692
22/07/2016 04:45;1,2006;1,1998;0,10552;0,10551;0,6923;0,692
22/07/2016 05:00;1,2005;1,2;0,10552;0,10552;0,6924;0,6921
22/07/2016 05:15;1,2001;1,1997;0,10552;0,10551;0,6921;0,6919
22/07/2016 05:30;1,2;1,1992;0,10552;0,10552;0,6921;0,6919
22/07/2016 05:45;1,1997;1,1994;0,10552;0,10551;0,6921;0,6919
22/07/2016 06:00;1,1998;1,1994;0,10552;0,10551;0,692;0,6917
22/07/2016 06:15;1,1998;1,199;0,10552;0,10551;0,6921;0,6919
22/07/2016 06:30;1,1994;1,199;0,10552;0,10551;0,6919;0,6917
22/07/2016 06:45;1,1995;1,1989;0,10552;0,10551;0,6918;0,6917
22/07/2016 07:00;1,1992;1,1989;0,10552;0,10551;0,6918;0,6917
22/07/2016 07:15;1,1996;1,1991;0,10552;0,10551;0,6921;0,6917
22/07/2016 07:30;1,2;1,1992;0,10552;0,10551;0,6921;0,6919
22/07/2016 07:45;1,2007;1,1999;0,10552;0,10551;0,6921;0,6918
22/07/2016 08:00;1,2024;1,2001;0,10552;0,1055;0,6921;0,6918
22/07/2016 08:15;1,202;1,2006;0,10551;0,10548;0,6921;0,6916
22/07/2016 08:30;1,2019;1,2007;0,10548;0,10542;0,6921;0,6917
22/07/2016 08:45;1,2018;1,2004;0,10542;0,10539;0,6916;0,6914
22/07/2016 09:00;1,2013;1,1997;0,10542;0,10531;0,6918;0,6914
22/07/2016 09:15;1,2013;1,1999;0,10537;0,10532;0,6917;0,6912
22/07/2016 09:30;1,2019;1,2003;0,1054;0,10533;0,6912;0,6905
22/07/2016 09:45;1,2024;1,2009;0,10539;0,10534;0,6908;0,6904
22/07/2016 10:00;1,2047;1,2021;0,10534;0,1053;0,6907;0,6902
22/07/2016 10:15;1,2039;1,2019;0,10538;0,10529;0,6906;0,6902
22/07/2016 10:30;1,2022;1,1936;0,10538;0,10533;0,6905;0,69
22/07/2016 10:45;1,1957;1,194;0,10555;0,10535;0,6908;0,6903
22/07/2016 11:00;1,1961;1,1939;0,10555;0,1054;0,6909;0,6903
22/07/2016 11:15;1,1946;1,1921;0,10549;0,1054;0,6909;0,69
22/07/2016 11:30;1,194;1,1902;0,10545;0,1054;0,6913;0,6909
22/07/2016 11:45;1,1923;1,1901;0,10541;0,10535;0,6911;0,6907
22/07/2016 12:00;1,1913;1,1896;0,10535;0,10533;0,6914;0,691
22/07/2016 12:15;1,1911;1,1899;0,10536;0,10531;0,6915;0,6913
22/07/2016 12:30;1,1914;1,1892;0,10538;0,10533;0,6918;0,6913
22/07/2016 12:45;1,1902;1,1892;0,10536;0,1053;0,6924;0,6917
22/07/2016 13:00;1,1898;1,1877;0,10536;0,10532;0,6923;0,6919
22/07/2016 13:15;1,1892;1,188;0,10534;0,10534;0,6924;0,6917
22/07/2016 13:30;1,19;1,1887;0,10537;0,10534;0,6925;0,6918
22/07/2016 13:45;1,1903;1,1888;0,10534;0,10527;0,6925;0,692
22/07/2016 14:00;1,1903;1,1889;0,1053;0,10527;0,6927;0,692
22/07/2016 14:15;1,1894;1,1884;0,10532;0,10527;0,6931;0,6926
22/07/2016 14:30;1,1895;1,1884;0,10532;0,10525;0,6952;0,6937
22/07/2016 14:45;1,1902;1,1886;0,10525;0,10514;0,6945;0,694
22/07/2016 15:00;1,1905;1,1893;0,10525;0,10518;0,6944;0,6939
22/07/2016 15:15;1,1896;1,1886;0,10524;0,10518;0,6939;0,6935
22/07/2016 15:30;1,1892;1,1882;0,10521;0,10516;0,6936;0,693
22/07/2016 15:45;1,1893;1,188;0,10524;0,10515;0,6932;0,6923
22/07/2016 16:00;1,1894;1,1881;0,10522;0,10509;0,6929;0,6916
22/07/2016 16:15;1,1894;1,1882;0,1051;0,10506;0,6916;0,69
22/07/2016 16:30;1,1905;1,1893;0,10512;0,10507;0,6905;0,6895
22/07/2016 16:45;1,1926;1,1902;0,10515;0,10506;0,6916;0,6903
22/07/2016 17:00;1,1939;1,1918;0,10519;0,10507;0,6927;0,6918
22/07/2016 17:15;1,1938;1,1916;0,10511;0,10508;0,6924;0,6914
22/07/2016 17:30;1,1928;1,1917;0,1052;0,1051;0,6916;0,6911
22/07/2016 17:45;1,1937;1,1922;0,10527;0,1052;0,6919;0,6912
22/07/2016 18:00;1,1943;1,1933;0,1053;0,10526;0,6921;0,6919
22/07/2016 18:15;1,1944;1,1935;0,10529;0,10528;0,6927;0,6922
22/07/2016 18:30;1,195;1,1942;0,10529;0,10524;0,6925;0,6921
22/07/2016 18:45;1,1953;1,1943;0,10525;0,10523;0,6925;0,6922
22/07/2016 19:00;1,1954;1,1946;0,10524;0,10523;0,6924;0,692
22/07/2016 19:15;1,1955;1,1948;0,10524;0,1052;0,6924;0,692
22/07/2016 19:30;1,1957;1,1952;0,10522;0,10521;0,6924;0,692
22/07/2016 19:45;1,1959;1,1951;0,10523;0,1052;0,6928;0,6923
22/07/2016 20:00;1,1957;1,1951;0,10523;0,1052;0,6934;0,6926
22/07/2016 20:15;1,196;1,1949;0,10522;0,10521;0,6937;0,6931
22/07/2016 20:30;1,1956;1,1941;0,10523;0,10521;0,6939;0,6936
22/07/2016 20:45;1,1945;1,1939;0,10524;0,10522;0,6939;0,6937
22/07/2016 21:00;1,1953;1,1942;0,10526;0,10525;0,6939;0,6938
22/07/2016 21:15;1,1954;1,1948;0,10527;0,10524;0,6937;0,6934
22/07/2016 21:30;1,195;1,1942;0,10528;0,10525;0,6935;0,6931
22/07/2016 21:45;1,1945;1,1939;0,10527;0,10526;0,6935;0,693
22/07/2016 22:00;1,1941;1,1931;0,10527;0,10526;0,6933;0,693
22/07/2016 22:15;1,1935;1,1931;0,10529;0,10527;0,6935;0,6931
22/07/2016 22:30;1,1946;1,1932;0,10531;0,10527;0,6936;0,6933
22/07/2016 22:45;1,195;1,1942;0,10531;0,10527;0,694;0,693
24/07/2016 21:00;1,1957;1,1942;0,10532;0,10513;0,6935;0,6925
24/07/2016 21:15;1,1966;1,1951;0,10526;0,10514;0,6929;0,6925
24/07/2016 21:30;1,1963;1,1953;0,10525;0,10514;0,693;0,6929
24/07/2016 21:45;1,1965;1,1955;0,10529;0,1052;0,6936;0,693
24/07/2016 22:00;1,1965;1,1959;0,10526;0,10517;0,6936;0,6932
24/07/2016 22:15;1,1978;1,1961;0,10525;0,10519;0,6939;0,6933
24/07/2016 22:30;1,1975;1,1969;0,10526;0,1052;0,6942;0,6939
24/07/2016 22:45;1,1978;1,1969;0,10524;0,10517;0,6942;0,6939
24/07/2016 23:00;1,1978;1,1962;0,10529;0,10523;0,6942;0,6939
24/07/2016 23:15;1,197;1,1955;0,10525;0,10523;0,694;0,6937
24/07/2016 23:30;1,1966;1,1963;0,10525;0,1052;0,6937;0,6934
24/07/2016 23:45;1,1965;1,1961;0,10522;0,1052;0,6937;0,6934
25/07/2016;1,1972;1,1958;0,10528;0,1052;0,6935;0,6932
25/07/2016 00:15;1,1979;1,1968;0,10528;0,10524;0,6939;0,6933
25/07/2016 00:30;1,1977;1,1972;0,10526;0,10524;0,6937;0,6933
25/07/2016 00:45;1,198;1,1974;0,10527;0,10525;0,6941;0,6937
25/07/2016 01:00;1,1982;1,1977;0,10527;0,10525;0,6944;0,694
25/07/2016 01:15;1,1983;1,1974;0,10529;0,10525;0,694;0,6939
25/07/2016 01:30;1,1984;1,1972;0,10528;0,10526;0,6947;0,6941
25/07/2016 01:45;1,1974;1,1962;0,10528;0,10526;0,6943;0,694
25/07/2016 02:00;1,1974;1,1961;0,10529;0,10526;0,6945;0,694
25/07/2016 02:15;1,198;1,1971;0,10529;0,10528;0,6947;0,6943
25/07/2016 02:30;1,1977;1,1963;0,1053;0,10528;0,6948;0,6945
25/07/2016 02:45;1,198;1,1964;0,10533;0,10529;0,6947;0,6944
25/07/2016 03:00;1,1986;1,1976;0,10532;0,10531;0,6945;0,6941
25/07/2016 03:15;1,1983;1,1969;0,10532;0,1053;0,6945;0,6943
25/07/2016 03:30;1,1973;1,1966;0,10531;0,1053;0,6944;0,6941
25/07/2016 03:45;1,1972;1,1967;0,10531;0,1053;0,6942;0,6938
25/07/2016 04:00;1,1972;1,1963;0,10531;0,1053;0,694;0,6938
25/07/2016 04:15;1,1968;1,1963;0,10531;0,1053;0,694;0,6938
25/07/2016 04:30;1,1973;1,1967;0,10532;0,1053;0,6939;0,6937
25/07/2016 04:45;1,1976;1,197;0,10532;0,10531;0,6941;0,6938
25/07/2016 05:00;1,1973;1,1962;0,10531;0,10531;0,6939;0,6937
25/07/2016 05:15;1,1963;1,1959;0,10531;0,1053;0,6939;0,6937
25/07/2016 05:30;1,1962;1,1952;0,10531;0,1053;0,6938;0,6932
25/07/2016 05:45;1,1957;1,1953;0,10532;0,1053;0,6938;0,6933
25/07/2016 06:00;1,1961;1,1956;0,10532;0,10531;0,6938;0,6937
25/07/2016 06:15;1,1962;1,1959;0,10531;0,10531;0,6938;0,6937
25/07/2016 06:30;1,1962;1,196;0,10531;0,10531;0,6938;0,6934
25/07/2016 06:45;1,1964;1,196;0,10531;0,1053;0,6935;0,6932
25/07/2016 07:00;1,1971;1,1963;0,1054;0,10531;0,6936;0,6935
25/07/2016 07:15;1,1967;1,1961;0,10539;0,10534;0,6936;0,6933
25/07/2016 07:30;1,1972;1,1962;0,10536;0,10535;0,6935;0,6934
25/07/2016 07:45;1,1969;1,1962;0,10537;0,10531;0,6936;0,6935
25/07/2016 08:00;1,1978;1,1967;0,10534;0,10528;0,6938;0,6934
25/07/2016 08:15;1,1976;1,1963;0,1053;0,10528;0,6935;0,6932
25/07/2016 08:30;1,1972;1,1961;0,10533;0,1053;0,6935;0,6931
25/07/2016 08:45;1,197;1,1962;0,10534;0,10533;0,6935;0,6932
25/07/2016 09:00;1,1989;1,1967;0,10535;0,1053;0,6935;0,693
25/07/2016 09:15;1,1994;1,1975;0,10532;0,10524;0,6934;0,6929
25/07/2016 09:30;1,1984;1,1972;0,10525;0,10519;0,6933;0,693
25/07/2016 09:45;1,198;1,1964;0,10523;0,10521;0,693;0,6925
25/07/2016 10:00;1,1976;1,1965;0,10524;0,10518;0,6929;0,6925
25/07/2016 10:15;1,1979;1,1963;0,10529;0,10524;0,6928;0,6921
25/07/2016 10:30;1,1973;1,1965;0,10531;0,10528;0,6924;0,6921
25/07/2016 10:45;1,1986;1,1963;0,10531;0,10528;0,6923;0,692
25/07/2016 11:00;1,1982;1,1967;0,1053;0,10527;0,6922;0,6915
25/07/2016 11:15;1,1981;1,1969;0,10529;0,10525;0,6915;0,691
25/07/2016 11:30;1,1979;1,1967;0,10529;0,10526;0,6913;0,691
25/07/2016 11:45;1,1974;1,1964;0,10526;0,10521;0,6912;0,6907
25/07/2016 12:00;1,1972;1,1952;0,1053;0,10521;0,6915;0,6908
25/07/2016 12:15;1,1969;1,1958;0,10529;0,10523;0,6917;0,6912
25/07/2016 12:30;1,1961;1,1945;0,10527;0,10523;0,6912;0,6909
25/07/2016 12:45;1,1955;1,1945;0,10527;0,10524;0,6913;0,6908
25/07/2016 13:00;1,1958;1,1947;0,10526;0,10521;0,6914;0,6912
25/07/2016 13:15;1,1952;1,1942;0,10521;0,10515;0,6914;0,6908
25/07/2016 13:30;1,1952;1,1947;0,10517;0,10513;0,6911;0,6908
25/07/2016 13:45;1,1954;1,1945;0,10519;0,10515;0,6913;0,6911
25/07/2016 14:00;1,1953;1,1946;0,10519;0,10514;0,6913;0,691
25/07/2016 14:15;1,1953;1,194;0,10519;0,10514;0,6912;0,6906
25/07/2016 14:30;1,1944;1,1929;0,10518;0,10514;0,6907;0,6891
25/07/2016 14:45;1,1943;1,1929;0,1052;0,10516;0,6899;0,6893
25/07/2016 15:00;1,1942;1,1935;0,10523;0,10517;0,6903;0,6897
25/07/2016 15:15;1,1946;1,1939;0,10527;0,10521;0,6898;0,6891
25/07/2016 15:30;1,1949;1,1939;0,10528;0,10524;0,6896;0,6891
25/07/2016 15:45;1,1948;1,1942;0,10529;0,10525;0,6898;0,6892
25/07/2016 16:00;1,1956;1,1945;0,10532;0,10529;0,6897;0,6891
25/07/2016 16:15;1,1954;1,1934;0,1053;0,10526;0,6893;0,6884
25/07/2016 16:30;1,1942;1,1931;0,10529;0,1052;0,6886;0,6882
25/07/2016 16:45;1,1962;1,1932;0,10537;0,10523;0,689;0,6878
25/07/2016 17:00;1,1967;1,1954;0,10537;0,10532;0,6892;0,6883
25/07/2016 17:15;1,1967;1,1954;0,10533;0,10528;0,6893;0,6887
25/07/2016 17:30;1,1964;1,195;0,10528;0,10522;0,6891;0,6886
25/07/2016 17:45;1,1965;1,1955;0,10526;0,10521;0,6889;0,6885
25/07/2016 18:00;1,1963;1,1953;0,10527;0,10523;0,689;0,6886
25/07/2016 18:15;1,1962;1,1957;0,10526;0,10524;0,6887;0,6882
25/07/2016 18:30;1,1962;1,1956;0,10527;0,10524;0,6884;0,6882
25/07/2016 18:45;1,1958;1,1954;0,10528;0,10526;0,6889;0,6883
25/07/2016 19:00;1,196;1,1954;0,10528;0,10527;0,6889;0,6885
25/07/2016 19:15;1,1962;1,1957;0,10527;0,10524;0,6889;0,6883
25/07/2016 19:30;1,1963;1,1956;0,10525;0,10524;0,6888;0,6886
25/07/2016 19:45;1,1962;1,1951;0,10525;0,10522;0,6887;0,6883
25/07/2016 20:00;1,1953;1,1945;0,10524;0,10523;0,6887;0,6883
25/07/2016 20:15;1,1948;1,1944;0,10524;0,10523;0,6884;0,688
25/07/2016 20:30;1,1945;1,1939;0,10525;0,10523;0,6882;0,6879
25/07/2016 20:45;1,1945;1,1936;0,10526;0,10522;0,6884;0,688
25/07/2016 21:00;1,1946;1,1943;0,10523;0,10522;0,6884;0,688
25/07/2016 21:15;1,1947;1,1941;0,10523;0,10522;0,6881;0,6878
25/07/2016 21:30;1,1952;1,1946;0,10523;0,10522;0,6883;0,6881
25/07/2016 21:45;1,195;1,1947;0,10524;0,10522;0,6883;0,6881
25/07/2016 22:00;1,1951;1,1947;0,10524;0,1052;0,6883;0,6881
25/07/2016 22:15;1,195;1,1948;0,10521;0,1052;0,6886;0,6883
25/07/2016 22:30;1,195;1,1947;0,10521;0,1052;0,6887;0,6885
25/07/2016 22:45;1,1952;1,1947;0,10524;0,1052;0,6885;0,688
25/07/2016 23:00;1,1959;1,1949;0,1053;0,10523;0,6883;0,6882
25/07/2016 23:15;1,1953;1,195;0,10526;0,10524;0,6884;0,6881
25/07/2016 23:30;1,1953;1,1951;0,10525;0,10524;0,6881;0,688
25/07/2016 23:45;1,1953;1,195;0,10526;0,10524;0,6882;0,688
26/07/2016;1,1954;1,195;0,10526;0,10523;0,6883;0,6881
26/07/2016 00:15;1,1956;1,1946;0,10525;0,10523;0,6883;0,6882
26/07/2016 00:30;1,1949;1,1922;0,10525;0,10523;0,6885;0,6882
26/07/2016 00:45;1,1932;1,1917;0,10525;0,10524;0,6883;0,6882
26/07/2016 01:00;1,1925;1,191;0,10525;0,10523;0,6885;0,6881
26/07/2016 01:15;1,192;1,1911;0,10526;0,10523;0,6882;0,6881
26/07/2016 01:30;1,1926;1,1917;0,10526;0,10524;0,6882;0,6881
26/07/2016 01:45;1,1925;1,192;0,10528;0,10524;0,6882;0,6881
26/07/2016 02:00;1,1927;1,191;0,10529;0,10524;0,6883;0,6878
26/07/2016 02:15;1,1915;1,1905;0,10529;0,10525;0,688;0,6877
26/07/2016 02:30;1,1922;1,191;0,10529;0,10527;0,6882;0,6879
26/07/2016 02:45;1,1922;1,1913;0,1053;0,10529;0,6883;0,6881
26/07/2016 03:00;1,1925;1,1916;0,1053;0,10528;0,6884;0,6881
26/07/2016 03:15;1,1925;1,192;0,10529;0,10526;0,6882;0,6881
26/07/2016 03:30;1,193;1,1922;0,10531;0,10527;0,6885;0,6881
26/07/2016 03:45;1,193;1,1926;0,10531;0,1053;0,6887;0,6884
26/07/2016 04:00;1,1932;1,1923;0,1053;0,10525;0,6887;0,6884
26/07/2016 04:15;1,1932;1,1927;0,10527;0,10525;0,6889;0,6886
26/07/2016 04:30;1,1933;1,1928;0,10528;0,10526;0,689;0,6888
26/07/2016 04:45;1,1936;1,1929;0,1053;0,10528;0,689;0,6888
26/07/2016 05:00;1,194;1,1929;0,10529;0,10528;0,6888;0,6886
26/07/2016 05:15;1,1938;1,1934;0,10528;0,10527;0,6886;0,6885
26/07/2016 05:30;1,1938;1,1935;0,10529;0,10527;0,6886;0,6886
26/07/2016 05:45;1,1938;1,1936;0,10529;0,10527;0,6889;0,6885
26/07/2016 06:00;1,194;1,1935;0,10529;0,10527;0,689;0,6888
26/07/2016 06:15;1,1935;1,1924;0,10529;0,10526;0,6892;0,6888
26/07/2016 06:30;1,193;1,1921;0,10531;0,10527;0,6895;0,6892
26/07/2016 06:45;1,1923;1,1915;0,1053;0,10529;0,6892;0,6888
26/07/2016 07:00;1,1923;1,1917;0,10531;0,10529;0,689;0,6888
26/07/2016 07:15;1,1927;1,1918;0,10531;0,10525;0,6889;0,6886
26/07/2016 07:30;1,192;1,1906;0,10532;0,10525;0,6891;0,6882
26/07/2016 07:45;1,1917;1,1908;0,10531;0,10529;0,6886;0,6883
26/07/2016 08:00;1,1912;1,1897;0,1053;0,10528;0,6886;0,688
26/07/2016 08:15;1,1905;1,1883;0,10528;0,10525;0,6883;0,6879
26/07/2016 08:30;1,1893;1,1881;0,10529;0,10524;0,6883;0,6877
26/07/2016 08:45;1,1894;1,1868;0,1053;0,10523;0,6879;0,6875
26/07/2016 09:00;1,1887;1,1867;0,10523;0,10517;0,6879;0,6873
26/07/2016 09:15;1,1895;1,1877;0,10518;0,10516;0,6882;0,6875
26/07/2016 09:30;1,1903;1,1886;0,10524;0,10517;0,6881;0,6875
26/07/2016 09:45;1,1897;1,1879;0,1052;0,10515;0,6875;0,687
26/07/2016 10:00;1,1893;1,1879;0,10516;0,10511;0,6875;0,6866
26/07/2016 10:15;1,1895;1,1883;0,10517;0,10514;0,687;0,6865
26/07/2016 10:30;1,192;1,1889;0,10522;0,10512;0,687;0,6867
26/07/2016 10:45;1,1914;1,1899;0,10522;0,10516;0,6874;0,6867
26/07/2016 11:00;1,1933;1,1914;0,10525;0,10519;0,6874;0,6869
26/07/2016 11:15;1,1929;1,192;0,1052;0,10515;0,6879;0,6873
26/07/2016 11:30;1,1924;1,1913;0,10517;0,10512;0,6876;0,687
26/07/2016 11:45;1,1916;1,1908;0,10518;0,10513;0,6876;0,687
26/07/2016 12:00;1,1922;1,1909;0,10517;0,10513;0,687;0,6866
26/07/2016 12:15;1,1922;1,1915;0,10514;0,10509;0,6869;0,6866
26/07/2016 12:30;1,1931;1,1919;0,10512;0,10509;0,687;0,6867
26/07/2016 12:45;1,1932;1,1916;0,10516;0,1051;0,6871;0,6866
26/07/2016 13:00;1,1931;1,1921;0,10523;0,10516;0,6873;0,6869
26/07/2016 13:15;1,193;1,1919;0,10519;0,10517;0,6871;0,6869
26/07/2016 13:30;1,1933;1,192;0,10519;0,10514;0,6874;0,6867
26/07/2016 13:45;1,1938;1,1921;0,10515;0,1051;0,687;0,6867
26/07/2016 14:00;1,1951;1,1935;0,10517;0,10511;0,6874;0,6868
26/07/2016 14:15;1,1954;1,1945;0,10516;0,10511;0,6875;0,687
26/07/2016 14:30;1,1951;1,1938;0,10516;0,10512;0,6878;0,6873
26/07/2016 14:45;1,1945;1,1939;0,10521;0,10514;0,6877;0,6871
26/07/2016 15:00;1,1945;1,1934;0,10519;0,10515;0,688;0,687
26/07/2016 15:15;1,1946;1,1935;0,10524;0,10515;0,6885;0,6878
26/07/2016 15:30;1,1965;1,1934;0,10526;0,10519;0,6887;0,6881
26/07/2016 15:45;1,1973;1,1952;0,10531;0,10525;0,6885;0,688
26/07/2016 16:00;1,1967;1,1941;0,10527;0,10522;0,6888;0,6879
26/07/2016 16:15;1,1952;1,194;0,10525;0,1052;0,6883;0,6876
26/07/2016 16:30;1,1949;1,1934;0,10524;0,1052;0,6882;0,6874
26/07/2016 16:45;1,1947;1,1926;0,10525;0,10519;0,6892;0,688
26/07/2016 17:00;1,1945;1,1934;0,10525;0,10516;0,6892;0,6885
26/07/2016 17:15;1,1953;1,1941;0,10522;0,10516;0,6898;0,6891
26/07/2016 17:30;1,1959;1,1949;0,10521;0,10516;0,6897;0,6894
26/07/2016 17:45;1,1962;1,1951;0,10517;0,10517;0,6896;0,6891
26/07/2016 18:00;1,1969;1,1953;0,10517;0,10516;0,6895;0,6887
26/07/2016 18:15;1,1966;1,1956;0,1052;0,10516;0,689;0,6885
26/07/2016 18:30;1,1964;1,1957;0,10521;0,10517;0,6888;0,6885
26/07/2016 18:45;1,1961;1,1957;0,10521;0,10515;0,689;0,6886
26/07/2016 19:00;1,1964;1,1953;0,10516;0,10515;0,6895;0,6889
26/07/2016 19:15;1,1964;1,1955;0,10515;0,10515;0,6897;0,689
26/07/2016 19:30;1,1971;1,196;0,10515;0,10515;0,6891;0,6888
26/07/2016 19:45;1,1964;1,1961;0,10517;0,10515;0,6895;0,6888
26/07/2016 20:00;1,1966;1,1956;0,10517;0,10515;0,6895;0,6889
26/07/2016 20:15;1,1965;1,1961;0,10515;0,10514;0,6895;0,6889
26/07/2016 20:30;1,1964;1,1957;0,10517;0,10515;0,6897;0,6894
26/07/2016 20:45;1,1959;1,1952;0,10519;0,10516;0,69;0,6896
26/07/2016 21:00;1,1955;1,195;0,10516;0,10515;0,6905;0,6898
26/07/2016 21:15;1,196;1,1953;0,10516;0,10514;0,6908;0,6902
26/07/2016 21:30;1,1957;1,1952;0,10515;0,10514;0,6903;0,6901
26/07/2016 21:45;1,1954;1,1947;0,10515;0,10514;0,6903;0,69
26/07/2016 22:00;1,1954;1,1947;0,10514;0,10512;0,6903;0,69
26/07/2016 22:15;1,1956;1,1954;0,10515;0,10512;0,6908;0,6902
26/07/2016 22:30;1,1958;1,1955;0,10517;0,10512;0,6906;0,6901
26/07/2016 22:45;1,1957;1,1948;0,10513;0,10511;0,6904;0,6902
26/07/2016 23:00;1,1953;1,1949;0,10512;0,1051;0,6903;0,69
26/07/2016 23:15;1,1956;1,1951;0,10512;0,10511;0,6903;0,69
26/07/2016 23:30;1,1956;1,1951;0,10512;0,10511;0,6903;0,69
26/07/2016 23:45;1,1961;1,1954;0,10514;0,10511;0,6903;0,6901
27/07/2016;1,1962;1,1954;0,10516;0,10512;0,6904;0,6902
27/07/2016 00:15;1,1956;1,195;0,10515;0,10513;0,6903;0,6902
27/07/2016 00:30;1,1958;1,1951;0,10515;0,10511;0,6904;0,6902
27/07/2016 00:45;1,196;1,1956;0,10516;0,10513;0,6908;0,6904
27/07/2016 01:00;1,1963;1,1958;0,10515;0,10513;0,6908;0,6906
27/07/2016 01:15;1,1971;1,1961;0,10515;0,10514;0,6909;0,6908
27/07/2016 01:30;1,1968;1,196;0,10514;0,10513;0,691;0,6907
27/07/2016 01:45;1,1973;1,196;0,10515;0,10513;0,691;0,6908
27/07/2016 02:00;1,1976;1,1967;0,10515;0,10513;0,6916;0,6907
27/07/2016 02:15;1,1976;1,1959;0,10515;0,10513;0,6914;0,6912
27/07/2016 02:30;1,1965;1,1958;0,10514;0,10513;0,6912;0,6909
27/07/2016 02:45;1,1964;1,1953;0,10514;0,10512;0,6911;0,6904
27/07/2016 03:00;1,1955;1,1949;0,10513;0,10512;0,6909;0,6905
27/07/2016 03:15;1,1958;1,1951;0,10514;0,10512;0,6911;0,6908
27/07/2016 03:30;1,1956;1,195;0,10515;0,10512;0,6913;0,6908
27/07/2016 03:45;1,1954;1,1948;0,10514;0,10513;0,6911;0,6908
27/07/2016 04:00;1,1952;1,1933;0,10513;0,10512;0,6911;0,6905
27/07/2016 04:15;1,1934;1,1923;0,10513;0,10511;0,6905;0,6903
27/07/2016 04:30;1,1935;1,1931;0,10514;0,10512;0,6905;0,6903
27/07/2016 04:45;1,1938;1,1932;0,10514;0,10513;0,6905;0,6902
27/07/2016 05:00;1,1949;1,1935;0,10514;0,10508;0,6902;0,6896
27/07/2016 05:15;1,1947;1,1936;0,10513;0,1051;0,6897;0,6895
27/07/2016 05:30;1,1946;1,1925;0,10513;0,10511;0,6898;0,6894
27/07/2016 05:45;1,194;1,1924;0,10512;0,10511;0,6898;0,6897
27/07/2016 06:00;1,1943;1,1925;0,10513;0,10511;0,69;0,6896
27/07/2016 06:15;1,1942;1,1929;0,10513;0,10512;0,6901;0,6899
27/07/2016 06:30;1,1944;1,193;0,10513;0,10512;0,6899;0,6897
27/07/2016 06:45;1,1943;1,1932;0,10513;0,10512;0,69;0,6897
27/07/2016 07:00;1,1945;1,1934;0,10514;0,10512;0,69;0,6899
27/07/2016 07:15;1,1945;1,1938;0,10514;0,10512;0,6901;0,6899
27/07/2016 07:30;1,1943;1,1936;0,10512;0,10508;0,6901;0,6899
27/07/2016 07:45;1,1947;1,1935;0,10514;0,1051;0,6901;0,6898
27/07/2016 08:00;1,1957;1,1946;0,10513;0,10512;0,6901;0,6898
27/07/2016 08:15;1,1958;1,1948;0,10513;0,1051;0,6899;0,6897
27/07/2016 08:30;1,195;1,1933;0,10511;0,10508;0,6898;0,6894
27/07/2016 08:45;1,194;1,1925;0,10511;0,10507;0,6895;0,6891
27/07/2016 09:00;1,194;1,1926;0,10511;0,10505;0,6894;0,6887
27/07/2016 09:15;1,1942;1,1927;0,1051;0,10505;0,6895;0,689
27/07/2016 09:30;1,193;1,1916;0,10506;0,10487;0,6895;0,6893
27/07/2016 09:45;1,1927;1,1917;0,10495;0,10492;0,6898;0,6894
27/07/2016 10:00;1,1935;1,1921;0,10492;0,10488;0,6896;0,6892
27/07/2016 10:15;1,1947;1,1916;0,1049;0,10485;0,6893;0,689
27/07/2016 10:30;1,1946;1,1913;0,10489;0,10479;0,6894;0,6891
27/07/2016 10:45;1,1923;1,1909;0,10489;0,10487;0,6893;0,6889
27/07/2016 11:00;1,1921;1,1907;0,10489;0,10485;0,6892;0,6888
27/07/2016 11:15;1,1913;1,19;0,10487;0,10484;0,6889;0,6886
27/07/2016 11:30;1,1917;1,1901;0,10491;0,10485;0,6893;0,6887
27/07/2016 11:45;1,1916;1,1902;0,10491;0,10488;0,6895;0,6892
27/07/2016 12:00;1,1903;1,1887;0,10492;0,1049;0,6893;0,689
27/07/2016 12:15;1,1908;1,1887;0,10491;0,10485;0,6894;0,689
27/07/2016 12:30;1,1912;1,1902;0,10487;0,10485;0,6896;0,6893
27/07/2016 12:45;1,1919;1,1903;0,10488;0,10486;0,6894;0,6892
27/07/2016 13:00;1,1916;1,1904;0,10488;0,10486;0,6897;0,6892
27/07/2016 13:15;1,192;1,1913;0,10488;0,10486;0,6899;0,6894
27/07/2016 13:30;1,1924;1,1913;0,10487;0,10485;0,6899;0,6896
27/07/2016 13:45;1,1923;1,1914;0,10487;0,10485;0,69;0,6893
27/07/2016 14:00;1,1923;1,1917;0,10487;0,10484;0,6899;0,6897
27/07/2016 14:15;1,1927;1,1914;0,10488;0,10485;0,6899;0,6892
27/07/2016 14:30;1,1931;1,1915;0,10487;0,10484;0,6897;0,6892
27/07/2016 14:45;1,1929;1,1924;0,10487;0,10482;0,6897;0,6895
27/07/2016 15:00;1,1937;1,1921;0,10495;0,10487;0,69;0,6893
27/07/2016 15:15;1,1938;1,1927;0,10495;0,10487;0,69;0,6896
27/07/2016 15:30;1,1941;1,1935;0,10489;0,10487;0,69;0,6896
27/07/2016 15:45;1,1943;1,1932;0,10488;0,10484;0,6899;0,6896
27/07/2016 16:00;1,1945;1,1937;0,10487;0,10484;0,6902;0,6896
27/07/2016 16:15;1,1941;1,1933;0,1049;0,10485;0,6906;0,6901
27/07/2016 16:30;1,1936;1,1923;0,10484;0,1048;0,6897;0,6878
27/07/2016 16:45;1,1941;1,1925;0,10487;0,1048;0,6888;0,688
27/07/2016 17:00;1,1942;1,1929;0,10485;0,10479;0,6889;0,6884
27/07/2016 17:15;1,1937;1,1927;0,10483;0,10478;0,6887;0,6882
27/07/2016 17:30;1,1944;1,191;0,10483;0,10481;0,6889;0,6882
27/07/2016 17:45;1,1928;1,1914;0,10484;0,10481;0,6886;0,6883
27/07/2016 18:00;1,1931;1,1915;0,10484;0,10482;0,6886;0,688
27/07/2016 18:15;1,1937;1,1924;0,10493;0,10483;0,6885;0,6883
27/07/2016 18:30;1,1941;1,1928;0,10495;0,10491;0,6888;0,6883
27/07/2016 18:45;1,1953;1,1933;0,10495;0,1049;0,6889;0,6885
27/07/2016 19:00;1,195;1,1942;0,1049;0,10487;0,6886;0,6885
27/07/2016 19:15;1,1953;1,1935;0,10489;0,10488;0,6887;0,6885
27/07/2016 19:30;1,1952;1,1932;0,10489;0,10488;0,6887;0,6884
27/07/2016 19:45;1,1952;1,194;0,10487;0,10483;0,6884;0,6874
27/07/2016 20:00;1,1977;1,1943;0,10487;0,10482;0,6884;0,6879
27/07/2016 20:15;1,1975;1,1956;0,10491;0,10485;0,6883;0,687
27/07/2016 20:30;1,1973;1,1957;0,10493;0,10488;0,6877;0,6871
27/07/2016 20:45;1,1972;1,1962;0,10496;0,10489;0,6877;0,6872
27/07/2016 21:00;1,1978;1,1954;0,10497;0,10489;0,6876;0,6866
27/07/2016 21:15;1,1966;1,1949;0,10496;0,10489;0,687;0,6864
27/07/2016 21:30;1,1956;1,1938;0,10492;0,10489;0,6867;0,6865
27/07/2016 21:45;1,1946;1,1935;0,10491;0,10484;0,6866;0,686
27/07/2016 22:00;1,1941;1,1935;0,10486;0,10483;0,6861;0,6858
27/07/2016 22:15;1,195;1,1933;0,10483;0,10481;0,6859;0,6854
27/07/2016 22:30;1,1964;1,1941;0,10481;0,1048;0,6858;0,6855
27/07/2016 22:45;1,1967;1,1952;0,10481;0,1048;0,6859;0,6856
27/07/2016 23:00;1,1958;1,1948;0,1048;0,10478;0,6856;0,6849
27/07/2016 23:15;1,1959;1,1953;0,1048;0,10479;0,686;0,6855
27/07/2016 23:30;1,1954;1,1944;0,10479;0,10478;0,6861;0,6859
27/07/2016 23:45;1,1953;1,1947;0,10484;0,1048;0,6864;0,6861
28/07/2016;1,1955;1,1948;0,10483;0,1048;0,6864;0,6863
28/07/2016 00:15;1,1955;1,1951;0,10481;0,1048;0,6866;0,6863
28/07/2016 00:30;1,1954;1,1951;0,10481;0,10479;0,6868;0,6865
28/07/2016 00:45;1,1954;1,1948;0,1048;0,10479;0,6866;0,6865
28/07/2016 01:00;1,1957;1,1951;0,1048;0,10478;0,6866;0,6864
28/07/2016 01:15;1,1958;1,1951;0,10481;0,1048;0,6866;0,6864
28/07/2016 01:30;1,1955;1,1948;0,10481;0,1048;0,6866;0,6863
28/07/2016 01:45;1,1959;1,1949;0,10481;0,1048;0,6876;0,6867
28/07/2016 02:00;1,1965;1,195;0,10482;0,1048;0,688;0,6876
28/07/2016 02:15;1,1964;1,1953;0,10481;0,1048;0,6877;0,6876
28/07/2016 02:30;1,1965;1,1956;0,10481;0,10479;0,6879;0,6876
28/07/2016 02:45;1,1959;1,1951;0,1048;0,10477;0,6878;0,6875
28/07/2016 03:00;1,1957;1,1944;0,10477;0,10477;0,6877;0,6874
28/07/2016 03:15;1,1951;1,1947;0,10477;0,10476;0,6878;0,6875
28/07/2016 03:30;1,1952;1,1947;0,10477;0,10476;0,6878;0,6875
28/07/2016 03:45;1,1951;1,1946;0,10477;0,10476;0,6876;0,6874
28/07/2016 04:00;1,1951;1,1947;0,10477;0,10476;0,6877;0,6874
28/07/2016 04:15;1,195;1,1946;0,10477;0,10476;0,6877;0,6875
28/07/2016 04:30;1,1948;1,1938;0,10477;0,10476;0,6875;0,6874
28/07/2016 04:45;1,194;1,1936;0,10476;0,10475;0,6875;0,6873
28/07/2016 05:00;1,1945;1,194;0,10476;0,10475;0,6875;0,6873
28/07/2016 05:15;1,1945;1,1937;0,10477;0,10476;0,6878;0,6875
28/07/2016 05:30;1,1942;1,1934;0,10477;0,10476;0,6879;0,6876
28/07/2016 05:45;1,1945;1,1937;0,10477;0,10477;0,688;0,6878
28/07/2016 06:00;1,1939;1,1934;0,10477;0,10476;0,6879;0,6878
28/07/2016 06:15;1,1937;1,193;0,10477;0,10476;0,6881;0,6878
28/07/2016 06:30;1,1933;1,1909;0,10477;0,10477;0,6879;0,6878
28/07/2016 06:45;1,1914;1,1899;0,10478;0,10476;0,688;0,6878
28/07/2016 07:00;1,1913;1,19;0,10477;0,10476;0,6881;0,6879
28/07/2016 07:15;1,1917;1,1905;0,10478;0,10476;0,6882;0,688
28/07/2016 07:30;1,1918;1,1906;0,10478;0,10477;0,6882;0,6879
28/07/2016 07:45;1,1921;1,1907;0,10478;0,10476;0,6883;0,6874
28/07/2016 08:00;1,1913;1,1882;0,1048;0,10476;0,6875;0,6865
28/07/2016 08:15;1,1904;1,1885;0,10478;0,10474;0,687;0,6864
28/07/2016 08:30;1,1904;1,1883;0,10482;0,10475;0,6866;0,6861
28/07/2016 08:45;1,1898;1,1887;0,10483;0,10481;0,6865;0,6862
28/07/2016 09:00;1,1903;1,1892;0,10483;0,10478;0,6869;0,686
28/07/2016 09:15;1,1898;1,1875;0,1048;0,10473;0,6868;0,686
28/07/2016 09:30;1,1899;1,1881;0,10494;0,10477;0,6867;0,6861
28/07/2016 09:45;1,1901;1,1884;0,1049;0,10485;0,6866;0,6861
28/07/2016 10:00;1,1899;1,1883;0,10486;0,10484;0,6861;0,6856
28/07/2016 10:15;1,1897;1,1883;0,10488;0,10484;0,686;0,6853
28/07/2016 10:30;1,1895;1,1886;0,10488;0,10486;0,6858;0,6856
28/07/2016 10:45;1,1898;1,1874;0,1049;0,10487;0,6861;0,6858
28/07/2016 11:00;1,1881;1,1852;0,10493;0,10488;0,686;0,6855
28/07/2016 11:15;1,1878;1,1867;0,1049;0,10487;0,6858;0,6853
28/07/2016 11:30;1,1883;1,1863;0,10491;0,10489;0,6855;0,6852
28/07/2016 11:45;1,1885;1,1868;0,1049;0,10485;0,6856;0,6852
28/07/2016 12:00;1,1883;1,1867;0,1049;0,10486;0,6855;0,6853
28/07/2016 12:15;1,1877;1,1866;0,10492;0,10488;0,6856;0,6852
28/07/2016 12:30;1,1877;1,1867;0,10489;0,10486;0,6857;0,6852
28/07/2016 12:45;1,1873;1,1854;0,10486;0,1048;0,6858;0,6852
28/07/2016 13:00;1,1873;1,1863;0,10482;0,10476;0,6856;0,685
28/07/2016 13:15;1,1878;1,1867;0,1048;0,10476;0,6856;0,6849
28/07/2016 13:30;1,1883;1,1869;0,1048;0,10473;0,6856;0,6848
28/07/2016 13:45;1,1879;1,187;0,10476;0,10473;0,6851;0,6847
28/07/2016 14:00;1,1875;1,1866;0,10474;0,10471;0,6854;0,6846
28/07/2016 14:15;1,1884;1,1867;0,10473;0,1047;0,6858;0,6849
28/07/2016 14:30;1,1869;1,1853;0,1047;0,10463;0,6856;0,6845
28/07/2016 14:45;1,1856;1,1846;0,10466;0,10459;0,6849;0,6844
28/07/2016 15:00;1,1859;1,1845;0,10465;0,10459;0,6847;0,6841
28/07/2016 15:15;1,186;1,1844;0,1046;0,10448;0,6846;0,6842
28/07/2016 15:30;1,1853;1,1843;0,10449;0,10444;0,6845;0,6839
28/07/2016 15:45;1,1852;1,1846;0,1045;0,10446;0,6852;0,6844
28/07/2016 16:00;1,185;1,1838;0,10447;0,10441;0,6846;0,684
28/07/2016 16:15;1,1844;1,1836;0,10442;0,10434;0,6844;0,6836
28/07/2016 16:30;1,1843;1,1834;0,10438;0,10432;0,6848;0,6838
28/07/2016 16:45;1,1845;1,1833;0,10438;0,10429;0,6843;0,6837
28/07/2016 17:00;1,1849;1,1837;0,10441;0,10437;0,6845;0,684
28/07/2016 17:15;1,1851;1,1839;0,10443;0,1044;0,6846;0,684
28/07/2016 17:30;1,1852;1,1842;0,10449;0,10442;0,6844;0,684
28/07/2016 17:45;1,1859;1,1847;0,10451;0,10447;0,6844;0,6841
28/07/2016 18:00;1,1861;1,1849;0,10451;0,10448;0,6846;0,6844
28/07/2016 18:15;1,1861;1,1849;0,10451;0,10447;0,6847;0,6841
28/07/2016 18:30;1,1867;1,186;0,10451;0,10449;0,6847;0,6843
28/07/2016 18:45;1,1872;1,1861;0,10451;0,1045;0,6854;0,6847
28/07/2016 19:00;1,1873;1,1863;0,10451;0,1045;0,6851;0,6847
28/07/2016 19:15;1,1875;1,1868;0,10452;0,1045;0,6853;0,685
28/07/2016 19:30;1,1876;1,187;0,10452;0,10451;0,6855;0,685
28/07/2016 19:45;1,1881;1,1873;0,10453;0,10452;0,6854;0,6852
28/07/2016 20:00;1,1879;1,1872;0,10453;0,10452;0,6855;0,6851
28/07/2016 20:15;1,1878;1,1872;0,10454;0,10452;0,6857;0,6851
28/07/2016 20:30;1,1879;1,1873;0,10454;0,10453;0,6858;0,6853
28/07/2016 20:45;1,1876;1,187;0,10454;0,10451;0,6862;0,6858
28/07/2016 21:00;1,1875;1,1866;0,10453;0,10452;0,6861;0,6859
28/07/2016 21:15;1,1876;1,1872;0,10454;0,10453;0,6861;0,6858
28/07/2016 21:30;1,1878;1,1871;0,10453;0,10451;0,6863;0,6859
28/07/2016 21:45;1,1882;1,1877;0,10451;0,1045;0,6862;0,6859
28/07/2016 22:00;1,1883;1,1881;0,1045;0,1045;0,6862;0,686
28/07/2016 22:15;1,1885;1,1881;0,10451;0,10448;0,686;0,6859
28/07/2016 22:30;1,1902;1,1884;0,10449;0,10448;0,6863;0,686
28/07/2016 22:45;1,1889;1,1882;0,1045;0,10448;0,6866;0,6861
28/07/2016 23:00;1,1889;1,188;0,10451;0,10448;0,6862;0,6861
28/07/2016 23:15;1,1882;1,188;0,10451;0,1045;0,6861;0,686
28/07/2016 23:30;1,1884;1,188;0,10451;0,1045;0,6863;0,686
28/07/2016 23:45;1,1884;1,1882;0,10451;0,1045;0,6864;0,6862
29/07/2016;1,1883;1,1879;0,10452;0,1045;0,6863;0,6862
29/07/2016 00:15;1,1883;1,1879;0,10452;0,10451;0,6862;0,686
29/07/2016 00:30;1,1887;1,1875;0,10452;0,10449;0,6864;0,6861
29/07/2016 00:45;1,1885;1,188;0,10454;0,10448;0,6864;0,6862
29/07/2016 01:00;1,1883;1,1876;0,10454;0,10452;0,6863;0,6861
29/07/2016 01:15;1,1878;1,1866;0,10453;0,10452;0,6861;0,6859
29/07/2016 01:30;1,1873;1,1864;0,10453;0,10451;0,686;0,6858
29/07/2016 01:45;1,1877;1,1867;0,10452;0,10451;0,686;0,6859
29/07/2016 02:00;1,1882;1,1877;0,10453;0,10451;0,6863;0,686
29/07/2016 02:15;1,1889;1,1877;0,10453;0,10452;0,6862;0,686
29/07/2016 02:30;1,1891;1,1887;0,10453;0,10451;0,6863;0,686
29/07/2016 02:45;1,1894;1,1883;0,10452;0,10451;0,6865;0,6862
29/07/2016 03:00;1,1894;1,1889;0,10453;0,10451;0,6864;0,6862
29/07/2016 03:15;1,19;1,1892;0,10453;0,10452;0,6869;0,6864
29/07/2016 03:30;1,1904;1,1897;0,10453;0,10452;0,687;0,6868
29/07/2016 03:45;1,1899;1,1894;0,10453;0,10452;0,687;0,6867
29/07/2016 04:00;1,1902;1,189;0,10453;0,10451;0,6871;0,6867
29/07/2016 04:15;1,1904;1,1898;0,10453;0,10452;0,6869;0,6867
29/07/2016 04:30;1,1922;1,1896;0,10457;0,10452;0,6871;0,6867
29/07/2016 04:45;1,191;1,19;0,10457;0,10457;0,6868;0,6867
29/07/2016 05:00;1,191;1,1899;0,10457;0,10457;0,6868;0,6864
29/07/2016 05:15;1,191;1,1896;0,10457;0,10456;0,6867;0,6863
29/07/2016 05:30;1,1917;1,1903;0,10457;0,10456;0,6867;0,686
29/07/2016 05:45;1,1917;1,1894;0,10458;0,10456;0,6861;0,6856
29/07/2016 06:00;1,1906;1,1887;0,10458;0,10457;0,6866;0,6859
29/07/2016 06:15;1,189;1,1883;0,10457;0,10455;0,6861;0,6856
29/07/2016 06:30;1,1891;1,1884;0,10456;0,10455;0,6857;0,6853
29/07/2016 06:45;1,1896;1,1889;0,10456;0,10455;0,6857;0,6855
29/07/2016 07:00;1,1899;1,1894;0,10456;0,10455;0,6857;0,6855
29/07/2016 07:15;1,1899;1,1893;0,10457;0,10456;0,6861;0,6857
29/07/2016 07:30;1,1901;1,1897;0,10458;0,10455;0,6863;0,6862
29/07/2016 07:45;1,1902;1,1894;0,10456;0,10452;0,6865;0,6862
29/07/2016 08:00;1,1896;1,1885;0,10455;0,10452;0,6863;0,6855
29/07/2016 08:15;1,1901;1,1886;0,10454;0,10451;0,6856;0,6849
29/07/2016 08:30;1,1905;1,1893;0,10457;0,10454;0,6852;0,6848
29/07/2016 08:45;1,1899;1,1883;0,1046;0,10455;0,6851;0,6845
29/07/2016 09:00;1,1902;1,1887;0,1046;0,10456;0,6849;0,6844
29/07/2016 09:15;1,1907;1,1893;0,10472;0,1046;0,6852;0,6844
29/07/2016 09:30;1,1906;1,189;0,10473;0,10445;0,6852;0,685
29/07/2016 09:45;1,1897;1,1877;0,1045;0,10443;0,6851;0,6844
29/07/2016 10:00;1,1896;1,1882;0,10446;0,10435;0,6845;0,6838
29/07/2016 10:15;1,189;1,1879;0,10445;0,10437;0,6842;0,6839
29/07/2016 10:30;1,1893;1,1876;0,10438;0,10429;0,6844;0,6838
29/07/2016 10:45;1,1888;1,1851;0,10443;0,10429;0,6843;0,6837
29/07/2016 11:00;1,1868;1,1851;0,10445;0,10439;0,6841;0,6836
29/07/2016 11:15;1,1866;1,1846;0,10448;0,10442;0,6838;0,6835
29/07/2016 11:30;1,1865;1,1854;0,10448;0,10442;0,6838;0,6834
29/07/2016 11:45;1,1864;1,1856;0,10447;0,10445;0,6838;0,6834
29/07/2016 12:00;1,1863;1,1848;0,1045;0,10445;0,6841;0,6837
29/07/2016 12:15;1,1855;1,1839;0,10452;0,10449;0,684;0,6834
29/07/2016 12:30;1,1847;1,1839;0,10452;0,10447;0,6839;0,6833
29/07/2016 12:45;1,1859;1,184;0,10454;0,1045;0,6838;0,6833
29/07/2016 13:00;1,1862;1,1854;0,10455;0,10452;0,6839;0,6836
29/07/2016 13:15;1,186;1,1853;0,10462;0,10455;0,6841;0,6837
29/07/2016 13:30;1,1864;1,1857;0,10459;0,10453;0,6843;0,6838
29/07/2016 13:45;1,1864;1,1852;0,10456;0,10451;0,6839;0,6835
29/07/2016 14:00;1,1859;1,1845;0,10458;0,10451;0,6835;0,6829
29/07/2016 14:15;1,1862;1,1842;0,10454;0,10451;0,6836;0,6827
29/07/2016 14:30;1,1857;1,1835;0,10465;0,10451;0,6832;0,682
29/07/2016 14:45;1,1863;1,1842;0,10479;0,10459;0,6835;0,6827
29/07/2016 15:00;1,1871;1,1855;0,10483;0,10475;0,6839;0,6833
29/07/2016 15:15;1,1869;1,1847;0,10476;0,10471;0,685;0,6835
29/07/2016 15:30;1,1853;1,1835;0,10474;0,10469;0,6843;0,6833
29/07/2016 15:45;1,1838;1,1806;0,10469;0,10466;0,6838;0,6831
29/07/2016 16:00;1,1821;1,1795;0,10482;0,10468;0,6836;0,6829
29/07/2016 16:15;1,183;1,1811;0,10486;0,10477;0,6839;0,6833
29/07/2016 16:30;1,1854;1,1819;0,10496;0,10481;0,6844;0,683
29/07/2016 16:45;1,1879;1,1853;0,10496;0,1048;0,6857;0,6842
29/07/2016 17:00;1,1895;1,1866;0,10479;0,10466;0,6872;0,6855
29/07/2016 17:15;1,1899;1,1875;0,10475;0,1047;0,6873;0,6867
29/07/2016 17:30;1,1885;1,1874;0,10472;0,10468;0,6869;0,6863
29/07/2016 17:45;1,19;1,188;0,10469;0,10466;0,6871;0,6865
29/07/2016 18:00;1,1883;1,1866;0,10472;0,10462;0,6867;0,6863
29/07/2016 18:15;1,1872;1,1856;0,10475;0,10464;0,6865;0,6859
29/07/2016 18:30;1,1867;1,1853;0,1047;0,10467;0,6861;0,6859
29/07/2016 18:45;1,1865;1,1855;0,10467;0,10462;0,6861;0,6856
29/07/2016 19:00;1,1858;1,1851;0,10463;0,10462;0,6859;0,6853
29/07/2016 19:15;1,1857;1,1851;0,10463;0,10462;0,6867;0,6858
29/07/2016 19:30;1,1858;1,1853;0,10463;0,10461;0,6866;0,6858
29/07/2016 19:45;1,1854;1,1848;0,10466;0,10461;0,6862;0,6858
29/07/2016 20:00;1,1855;1,1849;0,10463;0,10462;0,6862;0,6859
29/07/2016 20:15;1,1859;1,1848;0,10463;0,10462;0,6867;0,6859
29/07/2016 20:30;1,1857;1,1841;0,10463;0,10462;0,6866;0,6859
29/07/2016 20:45;1,1846;1,1839;0,10463;0,10462;0,6859;0,6855
29/07/2016 21:00;1,1847;1,184;0,10462;0,10461;0,686;0,6856
29/07/2016 21:15;1,1841;1,1826;0,10461;0,10455;0,6858;0,6853
29/07/2016 21:30;1,1839;1,1829;0,10459;0,10457;0,6856;0,6853
29/07/2016 21:45;1,1839;1,183;0,10458;0,10454;0,6858;0,6851
29/07/2016 22:00;1,1845;1,1832;0,10454;0,10444;0,686;0,6849
29/07/2016 22:15;1,1838;1,183;0,10454;0,10448;0,6859;0,6856
29/07/2016 22:30;1,1838;1,1832;0,10455;0,10452;0,6866;0,6856
29/07/2016 22:45;1,1841;1,183;0,10455;0,10451;0,6864;0,6851
31/07/2016 21:00;1,1846;1,1835;0,10466;0,10458;0,6862;0,6852
31/07/2016 21:15;1,1845;1,184;0,10475;0,10464;0,6855;0,6849
31/07/2016 21:30;1,1842;1,1837;0,10465;0,10456;0,6855;0,6855
31/07/2016 21:45;1,1846;1,1838;0,1047;0,10461;0,6868;0,6861
31/07/2016 22:00;1,1847;1,1845;0,10466;0,10463;0,6868;0,6867
31/07/2016 22:15;1,1849;1,1845;0,10469;0,10464;0,6868;0,6868
31/07/2016 22:30;1,1847;1,1843;0,10465;0,10462;0,6868;0,6866
31/07/2016 22:45;1,1848;1,1843;0,10467;0,10462;0,6869;0,6865
31/07/2016 23:00;1,1847;1,1834;0,10471;0,10462;0,687;0,6866
31/07/2016 23:15;1,184;1,1834;0,10467;0,10462;0,687;0,6865
31/07/2016 23:30;1,1842;1,184;0,10465;0,1046;0,687;0,6865
31/07/2016 23:45;1,1847;1,1838;0,1047;0,1046;0,6866;0,6859
01/08/2016;1,1841;1,1832;0,10469;0,10454;0,6863;0,6859
01/08/2016 00:15;1,1842;1,1838;0,10466;0,10462;0,6862;0,686
01/08/2016 00:30;1,1844;1,1838;0,10465;0,10462;0,6862;0,686
01/08/2016 00:45;1,1845;1,1833;0,10464;0,10463;0,6861;0,6859
01/08/2016 01:00;1,1835;1,1821;0,10464;0,10461;0,686;0,6858
01/08/2016 01:15;1,1829;1,1824;0,10462;0,10456;0,686;0,6857
01/08/2016 01:30;1,1831;1,1821;0,10457;0,10456;0,6858;0,6856
01/08/2016 01:45;1,1835;1,1829;0,10458;0,10457;0,6858;0,6855
01/08/2016 02:00;1,1837;1,1831;0,10457;0,10453;0,6857;0,6852
01/08/2016 02:15;1,1839;1,1833;0,10454;0,10453;0,6859;0,6857
01/08/2016 02:30;1,1842;1,1833;0,10459;0,10453;0,6861;0,6858
01/08/2016 02:45;1,1846;1,1838;0,10461;0,10457;0,6859;0,6856
01/08/2016 03:00;1,1849;1,1837;0,1046;0,10458;0,686;0,6856
01/08/2016 03:15;1,1857;1,1848;0,10459;0,10458;0,6862;0,6858
01/08/2016 03:30;1,1858;1,185;0,10458;0,10457;0,686;0,6855
01/08/2016 03:45;1,186;1,1854;0,10458;0,10457;0,6862;0,686
01/08/2016 04:00;1,1869;1,1852;0,10458;0,10458;0,6863;0,6859
01/08/2016 04:15;1,1874;1,186;0,10458;0,10457;0,6865;0,6862
01/08/2016 04:30;1,188;1,1872;0,10458;0,10458;0,6868;0,6865
01/08/2016 04:45;1,1874;1,1868;0,10458;0,10458;0,687;0,6866
01/08/2016 05:00;1,1871;1,1863;0,10461;0,10458;0,6867;0,6865
01/08/2016 05:15;1,1868;1,1863;0,1046;0,10459;0,6868;0,6865
01/08/2016 05:30;1,1869;1,1863;0,10459;0,10458;0,6869;0,6865
01/08/2016 05:45;1,1866;1,1859;0,1046;0,10457;0,6867;0,6864
01/08/2016 06:00;1,1859;1,1852;0,1046;0,10459;0,6865;0,6862
01/08/2016 06:15;1,1859;1,1853;0,10461;0,10459;0,6865;0,6863
01/08/2016 06:30;1,1856;1,1851;0,10461;0,1046;0,6865;0,6863
01/08/2016 06:45;1,1862;1,1851;0,10461;0,1046;0,6865;0,6863
01/08/2016 07:00;1,1859;1,1852;0,10462;0,1046;0,6865;0,6863
01/08/2016 07:15;1,1853;1,1849;0,10466;0,10463;0,6863;0,6862
01/08/2016 07:30;1,1856;1,185;0,10466;0,10465;0,6866;0,6862
01/08/2016 07:45;1,186;1,1854;0,10466;0,10464;0,6866;0,6865
01/08/2016 08:00;1,1868;1,1856;0,1047;0,10466;0,6867;0,6865
01/08/2016 08:15;1,1868;1,186;0,1047;0,10461;0,6866;0,6864
01/08/2016 08:30;1,1866;1,1859;0,10471;0,10464;0,6865;0,6861
01/08/2016 08:45;1,1875;1,1863;0,10469;0,10465;0,6865;0,6863
01/08/2016 09:00;1,1869;1,1856;0,10465;0,1046;0,6865;0,686
01/08/2016 09:15;1,1862;1,185;0,10469;0,10462;0,6863;0,6859
01/08/2016 09:30;1,1855;1,1847;0,10469;0,10462;0,6862;0,686
01/08/2016 09:45;1,1854;1,1838;0,10466;0,10461;0,6862;0,6859
01/08/2016 10:00;1,1841;1,1833;0,1047;0,10463;0,6861;0,6859
01/08/2016 10:15;1,1852;1,1834;0,10467;0,10463;0,6864;0,6858
01/08/2016 10:30;1,1844;1,1817;0,10464;0,10461;0,6862;0,6859
01/08/2016 10:45;1,1837;1,1818;0,10462;0,10447;0,6861;0,6856
01/08/2016 11:00;1,1821;1,1812;0,1045;0,10443;0,6857;0,6852
01/08/2016 11:15;1,1814;1,1797;0,10448;0,10444;0,6854;0,6851
01/08/2016 11:30;1,181;1,1799;0,10444;0,1044;0,6854;0,6847
01/08/2016 11:45;1,1807;1,1789;0,10449;0,10443;0,6852;0,6846
01/08/2016 12:00;1,1797;1,1782;0,10451;0,10445;0,6849;0,6847
01/08/2016 12:15;1,18;1,179;0,10445;0,10441;0,6852;0,6847
01/08/2016 12:30;1,1803;1,1795;0,10445;0,10442;0,6853;0,685
01/08/2016 12:45;1,1809;1,1798;0,10446;0,10443;0,6853;0,685
01/08/2016 13:00;1,1808;1,1801;0,10445;0,10442;0,6852;0,6849
01/08/2016 13:15;1,1812;1,1802;0,10442;0,10438;0,6853;0,6849
01/08/2016 13:30;1,1813;1,1801;0,10437;0,10434;0,6854;0,685
01/08/2016 13:45;1,1821;1,1806;0,10439;0,1043;0,686;0,6854
01/08/2016 14:00;1,1831;1,1811;0,10436;0,10431;0,6859;0,6854
01/08/2016 14:15;1,1832;1,1818;0,10438;0,10433;0,6856;0,6853
01/08/2016 14:30;1,1831;1,1816;0,10434;0,10428;0,6852;0,6849
01/08/2016 14:45;1,1829;1,1808;0,10431;0,10427;0,685;0,6844
01/08/2016 15:00;1,1832;1,1818;0,10431;0,10421;0,6849;0,6845
01/08/2016 15:15;1,1831;1,1819;0,10431;0,1042;0,6848;0,6841
01/08/2016 15:30;1,1831;1,1817;0,10429;0,10418;0,6843;0,684
01/08/2016 15:45;1,1832;1,1812;0,10426;0,10419;0,6845;0,684
01/08/2016 16:00;1,1823;1,1812;0,10429;0,10425;0,6846;0,6838
01/08/2016 16:15;1,1826;1,181;0,10428;0,10422;0,6847;0,6837
01/08/2016 16:30;1,1821;1,1811;0,10423;0,10421;0,6839;0,6831
01/08/2016 16:45;1,1826;1,181;0,10431;0,1042;0,6836;0,6829
01/08/2016 17:00;1,183;1,1812;0,10445;0,10427;0,684;0,6831
01/08/2016 17:15;1,1825;1,1813;0,10454;0,10438;0,6841;0,6832
01/08/2016 17:30;1,1822;1,1814;0,10446;0,10436;0,6835;0,6828
01/08/2016 17:45;1,1823;1,1816;0,10442;0,10435;0,6838;0,6832
01/08/2016 18:00;1,1819;1,1809;0,10445;0,10439;0,6834;0,683
01/08/2016 18:15;1,1825;1,181;0,10441;0,10438;0,6834;0,6829
01/08/2016 18:30;1,1824;1,1816;0,10438;0,10435;0,6837;0,683
01/08/2016 18:45;1,1823;1,1815;0,1044;0,10435;0,6837;0,6834
01/08/2016 19:00;1,182;1,1813;0,10437;0,10435;0,6836;0,6833
01/08/2016 19:15;1,1823;1,1811;0,10437;0,10429;0,684;0,6835
01/08/2016 19:30;1,1817;1,1813;0,10435;0,10434;0,6839;0,6834
01/08/2016 19:45;1,182;1,1816;0,10435;0,10433;0,6838;0,6836
01/08/2016 20:00;1,1823;1,1814;0,10434;0,10433;0,6839;0,6832
01/08/2016 20:15;1,1816;1,1809;0,10434;0,10433;0,6834;0,6831
01/08/2016 20:30;1,1813;1,1808;0,10434;0,10429;0,6838;0,6833
01/08/2016 20:45;1,1814;1,1806;0,10432;0,10425;0,6837;0,6834
01/08/2016 21:00;1,1815;1,181;0,10429;0,10427;0,6836;0,6834
01/08/2016 21:15;1,1815;1,1809;0,10427;0,10425;0,6835;0,6833
01/08/2016 21:30;1,1817;1,1812;0,10426;0,10424;0,6836;0,6833
01/08/2016 21:45;1,1812;1,1799;0,10425;0,10422;0,6834;0,6827
01/08/2016 22:00;1,1809;1,1798;0,10422;0,10419;0,6829;0,6825
01/08/2016 22:15;1,1811;1,1801;0,1042;0,10419;0,6829;0,6825
01/08/2016 22:30;1,1814;1,1807;0,1042;0,10418;0,6829;0,6826
01/08/2016 22:45;1,1811;1,1803;0,10422;0,10417;0,6829;0,6825
01/08/2016 23:00;1,1811;1,1805;0,10423;0,10422;0,6829;0,6825
01/08/2016 23:15;1,1814;1,1804;0,10423;0,10422;0,6829;0,6825
01/08/2016 23:30;1,181;1,1806;0,10423;0,10421;0,6829;0,6823
01/08/2016 23:45;1,1809;1,1805;0,10422;0,10419;0,6827;0,6824
02/08/2016;1,181;1,1803;0,10424;0,10421;0,6825;0,6823
02/08/2016 00:15;1,1811;1,1806;0,10423;0,10422;0,6825;0,6823
02/08/2016 00:30;1,181;1,1806;0,10423;0,10422;0,6825;0,6823
02/08/2016 00:45;1,1813;1,1807;0,10423;0,10422;0,6825;0,6823
02/08/2016 01:00;1,1811;1,1805;0,10423;0,10422;0,6824;0,6821
02/08/2016 01:15;1,1813;1,1804;0,10423;0,10422;0,6824;0,6823
02/08/2016 01:30;1,1808;1,1804;0,10422;0,10422;0,6825;0,6823
02/08/2016 01:45;1,1808;1,1804;0,10422;0,10421;0,6824;0,6823
02/08/2016 02:00;1,1811;1,1804;0,10424;0,10421;0,6823;0,6821
02/08/2016 02:15;1,1812;1,1804;0,10424;0,10422;0,6822;0,6819
02/08/2016 02:30;1,1814;1,1809;0,10423;0,10423;0,6822;0,682
02/08/2016 02:45;1,1815;1,1811;0,10423;0,1042;0,6822;0,6821
02/08/2016 03:00;1,1815;1,181;0,10422;0,10422;0,6823;0,6818
02/08/2016 03:15;1,1811;1,1806;0,10422;0,10422;0,6821;0,6817
02/08/2016 03:30;1,181;1,1804;0,10422;0,10421;0,682;0,6817
02/08/2016 03:45;1,181;1,1803;0,10424;0,10421;0,682;0,6818
02/08/2016 04:00;1,1812;1,1807;0,10425;0,10423;0,682;0,6816
02/08/2016 04:15;1,1809;1,1805;0,10424;0,10423;0,6817;0,6815
02/08/2016 04:30;1,1808;1,1805;0,10424;0,10423;0,6818;0,6816
02/08/2016 04:45;1,181;1,1806;0,10423;0,10423;0,6818;0,6816
02/08/2016 05:00;1,181;1,1807;0,10423;0,10423;0,6818;0,6817
02/08/2016 05:15;1,1809;1,1806;0,10424;0,10423;0,6819;0,6818
02/08/2016 05:30;1,1808;1,1805;0,10423;0,10423;0,6821;0,6819
02/08/2016 05:45;1,1806;1,1803;0,10423;0,10422;0,6821;0,682
02/08/2016 06:00;1,1806;1,1799;0,10423;0,10422;0,6822;0,682
02/08/2016 06:15;1,1808;1,1803;0,10422;0,10421;0,6821;0,6819
02/08/2016 06:30;1,1813;1,1804;0,10422;0,10421;0,6819;0,6815
02/08/2016 06:45;1,1809;1,1802;0,10423;0,10422;0,6819;0,6816
02/08/2016 07:00;1,1811;1,1799;0,10423;0,10421;0,6818;0,6814
02/08/2016 07:15;1,1803;1,1798;0,10422;0,10422;0,6817;0,6814
02/08/2016 07:30;1,1801;1,1793;0,10423;0,10422;0,6817;0,6815
02/08/2016 07:45;1,1807;1,1798;0,10424;0,10423;0,6823;0,6817
02/08/2016 08:00;1,1803;1,1782;0,10428;0,10424;0,6821;0,6818
02/08/2016 08:15;1,1801;1,1789;0,1043;0,10427;0,6822;0,6819
02/08/2016 08:30;1,1814;1,1798;0,10429;0,10425;0,6821;0,6818
02/08/2016 08:45;1,182;1,1811;0,10433;0,10423;0,6822;0,6818
02/08/2016 09:00;1,183;1,1813;0,10433;0,10425;0,682;0,6813
02/08/2016 09:15;1,1817;1,1803;0,10428;0,10424;0,6814;0,6808
02/08/2016 09:30;1,1807;1,1791;0,1043;0,10426;0,6812;0,6807
02/08/2016 09:45;1,1795;1,1784;0,10429;0,10423;0,681;0,6807
02/08/2016 10:00;1,1792;1,1775;0,10432;0,10425;0,6809;0,6806
02/08/2016 10:15;1,1791;1,1783;0,10441;0,10433;0,6809;0,6806
02/08/2016 10:30;1,1812;1,1785;0,10438;0,10435;0,681;0,6804
02/08/2016 10:45;1,1815;1,1802;0,10437;0,10433;0,681;0,6807
02/08/2016 11:00;1,182;1,1809;0,10439;0,10435;0,6816;0,6808
02/08/2016 11:15;1,1836;1,1813;0,10446;0,10435;0,682;0,6815
02/08/2016 11:30;1,1835;1,1826;0,1045;0,10444;0,6831;0,682
02/08/2016 11:45;1,1829;1,1814;0,10447;0,10443;0,6831;0,6826
02/08/2016 12:00;1,1824;1,181;0,10446;0,10442;0,6832;0,6827
02/08/2016 12:15;1,1824;1,1814;0,10449;0,10446;0,6837;0,6832
02/08/2016 12:30;1,183;1,1812;0,10453;0,10447;0,684;0,6834
02/08/2016 12:45;1,1832;1,1825;0,10453;0,1045;0,6841;0,6839
02/08/2016 13:00;1,1835;1,1824;0,1046;0,10453;0,6844;0,6839
02/08/2016 13:15;1,1835;1,1828;0,10462;0,10455;0,6842;0,6839
02/08/2016 13:30;1,1836;1,1826;0,1046;0,10454;0,6841;0,6838
02/08/2016 13:45;1,1833;1,1824;0,10462;0,10459;0,6841;0,6838
02/08/2016 14:00;1,1869;1,1833;0,10466;0,10462;0,6845;0,6842
02/08/2016 14:15;1,1874;1,1853;0,10466;0,10461;0,6845;0,6839
02/08/2016 14:30;1,1862;1,185;0,10472;0,1046;0,6848;0,6838
02/08/2016 14:45;1,1866;1,1851;0,10473;0,10469;0,6848;0,6841
02/08/2016 15:00;1,1854;1,1841;0,10474;0,10468;0,6843;0,6837
02/08/2016 15:15;1,1852;1,1842;0,10476;0,1047;0,6841;0,6837
02/08/2016 15:30;1,1851;1,1842;0,10483;0,10471;0,6849;0,684
02/08/2016 15:45;1,1853;1,1842;0,10488;0,10482;0,6855;0,6847
02/08/2016 16:00;1,1876;1,1844;0,10489;0,10481;0,6854;0,6842
02/08/2016 16:15;1,1873;1,1856;0,10481;0,10472;0,6843;0,6834
02/08/2016 16:30;1,1864;1,1848;0,10472;0,10468;0,6838;0,6832
02/08/2016 16:45;1,1865;1,1844;0,10467;0,10459;0,6832;0,6822
02/08/2016 17:00;1,1865;1,1853;0,10458;0,10455;0,6822;0,6816
02/08/2016 17:15;1,1871;1,1856;0,1046;0,10457;0,6817;0,6807
02/08/2016 17:30;1,1867;1,1855;0,1046;0,10455;0,6807;0,6797
02/08/2016 17:45;1,1873;1,1863;0,10465;0,10456;0,6806;0,6796
02/08/2016 18:00;1,1878;1,1867;0,10471;0,10465;0,6807;0,6803
02/08/2016 18:15;1,1898;1,1871;0,1047;0,10469;0,6808;0,6804
02/08/2016 18:30;1,1894;1,1886;0,10468;0,10466;0,6805;0,6801
02/08/2016 18:45;1,1893;1,1883;0,10466;0,1046;0,6803;0,6796
02/08/2016 19:00;1,1886;1,188;0,10461;0,10459;0,6797;0,6793
02/08/2016 19:15;1,1886;1,1879;0,10464;0,10461;0,68;0,6796
02/08/2016 19:30;1,1883;1,1872;0,10465;0,10463;0,68;0,6797
02/08/2016 19:45;1,1883;1,1876;0,1047;0,10465;0,6798;0,6794
02/08/2016 20:00;1,1894;1,1883;0,10471;0,10468;0,6797;0,6793
02/08/2016 20:15;1,1898;1,189;0,10474;0,10471;0,6803;0,6795
02/08/2016 20:30;1,1892;1,1885;0,10471;0,1047;0,6805;0,6801
02/08/2016 20:45;1,1896;1,1884;0,10473;0,1047;0,6807;0,6805
02/08/2016 21:00;1,1892;1,1887;0,10473;0,1047;0,6809;0,6805
02/08/2016 21:15;1,1903;1,1888;0,10472;0,10471;0,6805;0,6802
02/08/2016 21:30;1,1901;1,1895;0,10471;0,1047;0,6804;0,6802
02/08/2016 21:45;1,1901;1,1892;0,10473;0,1047;0,6803;0,6801
02/08/2016 22:00;1,1893;1,1889;0,10473;0,10472;0,6803;0,6801
02/08/2016 22:15;1,1891;1,1887;0,10473;0,10472;0,6803;0,6798
02/08/2016 22:30;1,1897;1,1887;0,10473;0,10472;0,6803;0,6798
02/08/2016 22:45;1,1903;1,1896;0,10473;0,10467;0,68;0,6795
02/08/2016 23:00;1,1904;1,1896;0,10467;0,10458;0,6803;0,6796
02/08/2016 23:15;1,1902;1,1895;0,10462;0,1046;0,6803;0,6798
02/08/2016 23:30;1,1901;1,1896;0,10469;0,10465;0,6801;0,68
02/08/2016 23:45;1,1899;1,1897;0,1047;0,10467;0,6801;0,68
03/08/2016;1,1899;1,1895;0,10472;0,10468;0,6801;0,6799
03/08/2016 00:15;1,1897;1,1893;0,10475;0,10472;0,6801;0,6799
03/08/2016 00:30;1,1896;1,189;0,10474;0,1047;0,6801;0,6799
03/08/2016 00:45;1,1894;1,1886;0,10474;0,10472;0,68;0,6799
03/08/2016 01:00;1,1896;1,1891;0,10475;0,10473;0,68;0,68
03/08/2016 01:15;1,1897;1,189;0,10478;0,10471;0,6802;0,68
03/08/2016 01:30;1,1895;1,1889;0,10484;0,10476;0,6803;0,6801
03/08/2016 01:45;1,1894;1,1885;0,10481;0,10472;0,6803;0,6801
03/08/2016 02:00;1,1889;1,1884;0,10477;0,10474;0,6802;0,6798
03/08/2016 02:15;1,1892;1,1884;0,10477;0,10476;0,68;0,6798
03/08/2016 02:30;1,1893;1,1887;0,10477;0,10476;0,68;0,6798
03/08/2016 02:45;1,1891;1,1882;0,10478;0,10477;0,6801;0,6799
03/08/2016 03:00;1,1886;1,188;0,10478;0,10477;0,6801;0,6798
03/08/2016 03:15;1,1884;1,188;0,10478;0,10476;0,6801;0,6799
03/08/2016 03:30;1,1885;1,1882;0,10478;0,10477;0,6801;0,6798
03/08/2016 03:45;1,1885;1,1882;0,10478;0,10477;0,6802;0,68
03/08/2016 04:00;1,1889;1,1883;0,10479;0,10477;0,6803;0,6802
03/08/2016 04:15;1,1889;1,1886;0,10479;0,10478;0,6806;0,6802
03/08/2016 04:30;1,1889;1,1885;0,1048;0,10479;0,6806;0,6802
03/08/2016 04:45;1,1889;1,1883;0,10479;0,10478;0,6803;0,6799
03/08/2016 05:00;1,1886;1,1882;0,10479;0,10478;0,6799;0,6798
03/08/2016 05:15;1,1887;1,1882;0,10479;0,10478;0,6799;0,6799
03/08/2016 05:30;1,1888;1,1885;0,10478;0,10478;0,6798;0,6797
03/08/2016 05:45;1,1885;1,1877;0,10478;0,10477;0,6798;0,6797
03/08/2016 06:00;1,188;1,1876;0,10478;0,10474;0,6798;0,6797
03/08/2016 06:15;1,1882;1,1873;0,10472;0,10468;0,6797;0,6795
03/08/2016 06:30;1,1883;1,1874;0,10473;0,1047;0,6796;0,6795
03/08/2016 06:45;1,1884;1,1879;0,10473;0,10472;0,6797;0,6795
03/08/2016 07:00;1,1883;1,1877;0,10473;0,10472;0,6798;0,6797
03/08/2016 07:15;1,1884;1,1877;0,10473;0,10472;0,6798;0,6797
03/08/2016 07:30;1,1887;1,1878;0,10473;0,10471;0,6798;0,6797
03/08/2016 07:45;1,1894;1,1886;0,10471;0,10463;0,6798;0,6796
03/08/2016 08:00;1,1893;1,1888;0,10468;0,10462;0,6799;0,6796
03/08/2016 08:15;1,1894;1,1882;0,10464;0,1046;0,68;0,6795
03/08/2016 08:30;1,1886;1,1868;0,10473;0,10461;0,68;0,6794
03/08/2016 08:45;1,1878;1,1868;0,10475;0,1047;0,6799;0,6797
03/08/2016 09:00;1,1878;1,1858;0,10478;0,10471;0,6797;0,6793
03/08/2016 09:15;1,1874;1,1865;0,10476;0,10468;0,6794;0,6788
03/08/2016 09:30;1,1887;1,1866;0,10476;0,10471;0,679;0,6788
03/08/2016 09:45;1,1885;1,1874;0,10475;0,10472;0,6791;0,6788
03/08/2016 10:00;1,1888;1,1876;0,10489;0,10475;0,6792;0,6789
03/08/2016 10:15;1,1903;1,1887;0,10503;0,10486;0,6795;0,679
03/08/2016 10:30;1,1922;1,1889;0,10503;0,10494;0,68;0,6794
03/08/2016 10:45;1,1925;1,1914;0,10504;0,10499;0,6804;0,6797
03/08/2016 11:00;1,1926;1,1915;0,10503;0,10498;0,6804;0,6802
03/08/2016 11:15;1,1924;1,1909;0,10501;0,10494;0,6807;0,6802
03/08/2016 11:30;1,1917;1,1909;0,10494;0,10492;0,6806;0,6804
03/08/2016 11:45;1,1923;1,1915;0,10501;0,10494;0,6806;0,6802
03/08/2016 12:00;1,193;1,1918;0,10502;0,10499;0,6805;0,6802
03/08/2016 12:15;1,1933;1,1923;0,10509;0,10501;0,6806;0,6802
03/08/2016 12:30;1,1936;1,1924;0,10512;0,10509;0,6806;0,6803
03/08/2016 12:45;1,193;1,1911;0,10513;0,10501;0,6807;0,6803
03/08/2016 13:00;1,1925;1,1917;0,10511;0,10502;0,6804;0,6801
03/08/2016 13:15;1,1928;1,1919;0,10512;0,10508;0,6806;0,6803
03/08/2016 13:30;1,1926;1,1917;0,10512;0,10504;0,681;0,6804
03/08/2016 13:45;1,1928;1,1922;0,10513;0,10504;0,6817;0,681
03/08/2016 14:00;1,1923;1,1913;0,10513;0,10508;0,6816;0,6811
03/08/2016 14:15;1,1919;1,1905;0,10514;0,10505;0,6823;0,6812
03/08/2016 14:30;1,1914;1,1906;0,10505;0,10499;0,6822;0,6818
03/08/2016 14:45;1,192;1,1906;0,10505;0,10495;0,6828;0,6818
03/08/2016 15:00;1,192;1,191;0,10502;0,10494;0,6829;0,682
03/08/2016 15:15;1,1917;1,1907;0,10494;0,1049;0,6827;0,682
03/08/2016 15:30;1,1916;1,1904;0,10491;0,10486;0,6831;0,682
03/08/2016 15:45;1,1911;1,1896;0,10494;0,10489;0,6831;0,6826
03/08/2016 16:00;1,1914;1,1901;0,10498;0,10491;0,684;0,6826
03/08/2016 16:15;1,1914;1,1905;0,10498;0,10486;0,6841;0,6835
03/08/2016 16:30;1,1929;1,1896;0,10498;0,10483;0,6848;0,6825
03/08/2016 16:45;1,193;1,192;0,105;0,10486;0,6843;0,6836
03/08/2016 17:00;1,1934;1,1919;0,10501;0,10489;0,6835;0,6828
03/08/2016 17:15;1,1928;1,1917;0,10507;0,10501;0,6845;0,6834
03/08/2016 17:30;1,193;1,1921;0,10506;0,10499;0,6845;0,6839
03/08/2016 17:45;1,1936;1,1919;0,10504;0,10497;0,6845;0,6839
03/08/2016 18:00;1,1937;1,193;0,10504;0,105;0,685;0,6844
03/08/2016 18:15;1,1937;1,1929;0,10504;0,10502;0,6847;0,6843
03/08/2016 18:30;1,1942;1,1935;0,10502;0,105;0,685;0,6846
03/08/2016 18:45;1,1941;1,1926;0,10502;0,105;0,685;0,6847
03/08/2016 19:00;1,1932;1,1927;0,10499;0,10495;0,6849;0,6845
03/08/2016 19:15;1,1938;1,1928;0,10497;0,10496;0,685;0,6846
03/08/2016 19:30;1,195;1,1937;0,10501;0,10493;0,6852;0,6847
03/08/2016 19:45;1,1951;1,1937;0,105;0,10499;0,6857;0,6849
03/08/2016 20:00;1,1949;1,1944;0,10499;0,10493;0,6859;0,6855
03/08/2016 20:15;1,1951;1,1945;0,10497;0,10496;0,686;0,6857
03/08/2016 20:30;1,1951;1,1948;0,10498;0,10493;0,6858;0,6856
03/08/2016 20:45;1,1954;1,1946;0,10495;0,10492;0,6861;0,6857
03/08/2016 21:00;1,1947;1,1943;0,10494;0,10491;0,686;0,6857
03/08/2016 21:15;1,1947;1,1941;0,10493;0,10491;0,6859;0,6857
03/08/2016 21:30;1,1945;1,194;0,10494;0,10491;0,6863;0,6859
03/08/2016 21:45;1,1945;1,194;0,10492;0,1049;0,6863;0,6861
03/08/2016 22:00;1,1944;1,194;0,10492;0,1049;0,6863;0,6862
03/08/2016 22:15;1,1943;1,1941;0,10496;0,10491;0,6863;0,6861
03/08/2016 22:30;1,1949;1,1942;0,10498;0,10493;0,6862;0,686
03/08/2016 22:45;1,1953;1,1947;0,10495;0,10491;0,6864;0,6861
03/08/2016 23:00;1,1953;1,1951;0,10495;0,10491;0,6865;0,6863
03/08/2016 23:15;1,1953;1,195;0,10494;0,10491;0,6865;0,6863
03/08/2016 23:30;1,1952;1,1949;0,10494;0,10492;0,6866;0,6863
03/08/2016 23:45;1,195;1,1945;0,10495;0,10493;0,6863;0,6859
04/08/2016;1,1949;1,1945;0,10495;0,10487;0,6862;0,6858
04/08/2016 00:15;1,1951;1,1946;0,10492;0,10488;0,6864;0,6861
04/08/2016 00:30;1,1954;1,1949;0,10494;0,10489;0,6865;0,6863
04/08/2016 00:45;1,1956;1,1951;0,10499;0,10491;0,6865;0,6863
04/08/2016 01:00;1,1955;1,1951;0,10497;0,10496;0,6864;0,6863
04/08/2016 01:15;1,1953;1,1951;0,10497;0,10495;0,6864;0,6861
04/08/2016 01:30;1,1954;1,195;0,10496;0,10495;0,6863;0,6861
04/08/2016 01:45;1,1954;1,1949;0,10496;0,10494;0,6863;0,686
04/08/2016 02:00;1,1962;1,1952;0,10496;0,10494;0,687;0,6861
04/08/2016 02:15;1,1969;1,1959;0,10496;0,10496;0,6876;0,687
04/08/2016 02:30;1,1968;1,1963;0,10499;0,10496;0,688;0,6875
04/08/2016 02:45;1,1969;1,1964;0,10501;0,105;0,6881;0,6876
04/08/2016 03:00;1,1968;1,1963;0,10501;0,10498;0,6878;0,6876
04/08/2016 03:15;1,1967;1,1961;0,10501;0,10496;0,6877;0,6874
04/08/2016 03:30;1,1963;1,1956;0,10497;0,10495;0,6879;0,6874
04/08/2016 03:45;1,1961;1,1956;0,10496;0,10495;0,6876;0,687
04/08/2016 04:00;1,1963;1,1957;0,10497;0,10495;0,6871;0,6869
04/08/2016 04:15;1,1966;1,1962;0,10497;0,10496;0,687;0,6868
04/08/2016 04:30;1,197;1,1964;0,10497;0,10496;0,687;0,6868
04/08/2016 04:45;1,1977;1,1965;0,10497;0,10495;0,6869;0,6865
04/08/2016 05:00;1,1968;1,1964;0,10495;0,10494;0,687;0,6864
04/08/2016 05:15;1,1965;1,1961;0,10495;0,10494;0,6869;0,6867
04/08/2016 05:30;1,1968;1,1962;0,10495;0,10494;0,6869;0,6868
04/08/2016 05:45;1,1967;1,196;0,10495;0,10492;0,687;0,6869
04/08/2016 06:00;1,1964;1,196;0,10493;0,10492;0,687;0,6869
04/08/2016 06:15;1,1963;1,196;0,10493;0,10492;0,687;0,6869
04/08/2016 06:30;1,1962;1,1958;0,10492;0,1049;0,687;0,6869
04/08/2016 06:45;1,1961;1,1957;0,10492;0,1049;0,687;0,6869
04/08/2016 07:00;1,1961;1,1957;0,10493;0,10492;0,687;0,6868
04/08/2016 07:15;1,1959;1,1956;0,10493;0,1049;0,6868;0,6867
04/08/2016 07:30;1,1959;1,1948;0,10493;0,10492;0,6871;0,6868
04/08/2016 07:45;1,1949;1,1941;0,10492;0,1049;0,6871;0,6867
04/08/2016 08:00;1,1947;1,1937;0,10493;0,10491;0,6871;0,6867
04/08/2016 08:15;1,1944;1,1938;0,10494;0,1049;0,6869;0,6864
04/08/2016 08:30;1,194;1,1923;0,10494;0,10488;0,6866;0,6863
04/08/2016 08:45;1,1944;1,1931;0,1049;0,10485;0,6868;0,6864
04/08/2016 09:00;1,1948;1,1939;0,10494;0,10488;0,687;0,6865
04/08/2016 09:15;1,195;1,1935;0,10499;0,10494;0,6871;0,6868
04/08/2016 09:30;1,1949;1,1931;0,10498;0,10494;0,687;0,6868
04/08/2016 09:45;1,194;1,1928;0,10498;0,10491;0,6869;0,6866
04/08/2016 10:00;1,1945;1,1928;0,10498;0,10496;0,6871;0,6869
04/08/2016 10:15;1,1943;1,1933;0,10505;0,10499;0,6875;0,687
04/08/2016 10:30;1,1939;1,1928;0,10507;0,10502;0,6877;0,6868
04/08/2016 10:45;1,1944;1,1932;0,10502;0,10496;0,687;0,6868
04/08/2016 11:00;1,1948;1,194;0,105;0,10494;0,6872;0,6868
04/08/2016 11:15;1,195;1,194;0,10503;0,10498;0,6872;0,6869
04/08/2016 11:30;1,1949;1,194;0,10502;0,10497;0,6872;0,687
04/08/2016 11:45;1,1952;1,194;0,10499;0,10497;0,6873;0,6872
04/08/2016 12:00;1,197;1,1949;0,10501;0,10497;0,6876;0,6869
04/08/2016 12:15;1,1979;1,1959;0,10506;0,10499;0,6869;0,6866
04/08/2016 12:30;1,1984;1,1971;0,10505;0,10503;0,6869;0,6865
04/08/2016 12:45;1,1979;1,1924;0,10506;0,10503;0,6866;0,6863
04/08/2016 13:00;1,1959;1,1824;0,10509;0,10503;0,6875;0,6863
04/08/2016 13:15;1,1848;1,1827;0,10509;0,10505;0,6879;0,6876
04/08/2016 13:30;1,1831;1,1792;0,10509;0,10502;0,6883;0,6875
04/08/2016 13:45;1,1833;1,1798;0,10512;0,10507;0,6884;0,6879
04/08/2016 14:00;1,1828;1,1815;0,10512;0,10507;0,688;0,6876
04/08/2016 14:15;1,1837;1,1815;0,10535;0,10513;0,6879;0,6872
04/08/2016 14:30;1,1831;1,1796;0,10533;0,10524;0,6875;0,6871
04/08/2016 14:45;1,1805;1,1781;0,10541;0,10529;0,6874;0,6866
04/08/2016 15:00;1,1796;1,1777;0,1054;0,10533;0,6874;0,6868
04/08/2016 15:15;1,1794;1,1778;0,10542;0,10532;0,6873;0,6869
04/08/2016 15:30;1,1793;1,1783;0,10542;0,10533;0,6885;0,6873
04/08/2016 15:45;1,1788;1,177;0,10545;0,10541;0,6887;0,688
04/08/2016 16:00;1,1793;1,1772;0,10547;0,10542;0,6881;0,6876
04/08/2016 16:15;1,1798;1,1782;0,10547;0,10542;0,6882;0,6877
04/08/2016 16:30;1,1796;1,1782;0,10547;0,10543;0,6885;0,6881
04/08/2016 16:45;1,179;1,1774;0,10548;0,10544;0,6886;0,6881
04/08/2016 17:00;1,1793;1,178;0,10547;0,10536;0,6887;0,6881
04/08/2016 17:15;1,18;1,1787;0,10541;0,10534;0,689;0,6881
04/08/2016 17:30;1,18;1,1795;0,1054;0,10536;0,6889;0,6887
04/08/2016 17:45;1,1805;1,1792;0,10539;0,10537;0,6896;0,689
04/08/2016 18:00;1,1803;1,1784;0,10539;0,10537;0,6897;0,6894
04/08/2016 18:15;1,1791;1,1785;0,10539;0,10538;0,69;0,6897
04/08/2016 18:30;1,1793;1,1782;0,10539;0,10538;0,69;0,6897
04/08/2016 18:45;1,1789;1,1778;0,10543;0,10539;0,6904;0,6898
04/08/2016 19:00;1,1786;1,1777;0,10543;0,1054;0,6904;0,69
04/08/2016 19:15;1,1786;1,1774;0,10543;0,1054;0,6903;0,6901
04/08/2016 19:30;1,178;1,1771;0,10543;0,10541;0,6904;0,6901
04/08/2016 19:45;1,1778;1,1772;0,10543;0,10541;0,6905;0,6902
04/08/2016 20:00;1,1779;1,1773;0,10544;0,10542;0,6908;0,6904
04/08/2016 20:15;1,178;1,1774;0,10544;0,10543;0,6907;0,6905
04/08/2016 20:30;1,1781;1,1775;0,10544;0,10543;0,6907;0,6906
04/08/2016 20:45;1,1788;1,1777;0,10544;0,10543;0,6905;0,6904
04/08/2016 21:00;1,179;1,1784;0,10546;0,10543;0,6906;0,6904
04/08/2016 21:15;1,1797;1,1788;0,10543;0,10542;0,6905;0,6903
04/08/2016 21:30;1,1795;1,1792;0,10543;0,1054;0,6903;0,6899
04/08/2016 21:45;1,1798;1,1793;0,10544;0,10541;0,69;0,6899
04/08/2016 22:00;1,1796;1,1789;0,10544;0,10541;0,69;0,6897
04/08/2016 22:15;1,1793;1,1786;0,10543;0,10542;0,69;0,6895
04/08/2016 22:30;1,1788;1,1782;0,10542;0,10541;0,6902;0,6899
04/08/2016 22:45;1,1783;1,1774;0,10549;0,10541;0,6904;0,6899
04/08/2016 23:00;1,178;1,1775;0,10549;0,10546;0,6902;0,69
04/08/2016 23:15;1,1786;1,1779;0,10549;0,10547;0,6901;0,6899
04/08/2016 23:30;1,1783;1,1781;0,10549;0,10545;0,6901;0,69
04/08/2016 23:45;1,1785;1,1782;0,10546;0,10544;0,6902;0,69
05/08/2016;1,1787;1,1783;0,10545;0,10542;0,6902;0,69
05/08/2016 00:15;1,1788;1,1784;0,10545;0,10544;0,69;0,6899
05/08/2016 00:30;1,1788;1,1786;0,10546;0,10544;0,6899;0,6899
05/08/2016 00:45;1,1788;1,1784;0,10546;0,10544;0,6899;0,6898
05/08/2016 01:00;1,1789;1,178;0,10546;0,10545;0,6899;0,6897
05/08/2016 01:15;1,179;1,1786;0,10546;0,10545;0,69;0,6899
05/08/2016 01:30;1,1791;1,1785;0,10546;0,10545;0,69;0,6899
05/08/2016 01:45;1,1792;1,1785;0,10546;0,10545;0,6902;0,69
05/08/2016 02:00;1,1793;1,1788;0,10549;0,10546;0,6901;0,6898
05/08/2016 02:15;1,1797;1,1792;0,10548;0,10548;0,6901;0,6899
05/08/2016 02:30;1,1793;1,1789;0,10549;0,10547;0,6901;0,6898
05/08/2016 02:45;1,1794;1,1788;0,10549;0,10545;0,6899;0,6895
05/08/2016 03:00;1,1793;1,1789;0,10546;0,10544;0,6895;0,6892
05/08/2016 03:15;1,1795;1,1792;0,10546;0,10544;0,6894;0,6893
05/08/2016 03:30;1,1796;1,1792;0,10546;0,10544;0,6895;0,6893
05/08/2016 03:45;1,1795;1,1792;0,10545;0,10545;0,6894;0,6893
05/08/2016 04:00;1,1795;1,1792;0,10545;0,10544;0,6893;0,6891
05/08/2016 04:15;1,1795;1,1793;0,10545;0,10544;0,6894;0,6892
05/08/2016 04:30;1,1795;1,1794;0,10545;0,10544;0,6895;0,6893
05/08/2016 04:45;1,1797;1,1794;0,10545;0,10544;0,6897;0,6895
05/08/2016 05:00;1,1796;1,1793;0,10544;0,10543;0,6896;0,6893
05/08/2016 05:15;1,1794;1,1792;0,10544;0,10543;0,6895;0,6893
05/08/2016 05:30;1,1796;1,1792;0,10544;0,10543;0,6898;0,6894
05/08/2016 05:45;1,1797;1,1794;0,10544;0,10541;0,6898;0,6895
05/08/2016 06:00;1,1796;1,1793;0,10542;0,10541;0,6896;0,6894
05/08/2016 06:15;1,1795;1,1793;0,10542;0,10541;0,6894;0,6893
05/08/2016 06:30;1,1796;1,1793;0,10542;0,10541;0,6894;0,6894
05/08/2016 06:45;1,1796;1,1794;0,10541;0,1054;0,6894;0,6893
05/08/2016 07:00;1,1795;1,1794;0,10541;0,10539;0,6894;0,6894
05/08/2016 07:15;1,1794;1,1791;0,1054;0,1054;0,6894;0,6892
05/08/2016 07:30;1,1791;1,1779;0,10542;0,1054;0,6892;0,6891
05/08/2016 07:45;1,1789;1,178;0,10544;0,10541;0,6894;0,6893
05/08/2016 08:00;1,1788;1,1781;0,10544;0,10543;0,6895;0,6892
05/08/2016 08:15;1,179;1,1784;0,10546;0,10543;0,6894;0,6892
05/08/2016 08:30;1,1788;1,1782;0,10545;0,10537;0,6893;0,689
05/08/2016 08:45;1,1788;1,1783;0,10539;0,10536;0,6894;0,689
05/08/2016 09:00;1,179;1,1778;0,10541;0,10539;0,6894;0,6891
05/08/2016 09:15;1,1796;1,1782;0,10539;0,10535;0,69;0,6894
05/08/2016 09:30;1,1793;1,1786;0,10534;0,10531;0,6901;0,6898
05/08/2016 09:45;1,18;1,1792;0,10532;0,10527;0,6899;0,6894
05/08/2016 10:00;1,1803;1,1791;0,1053;0,10527;0,6894;0,6891
05/08/2016 10:15;1,1804;1,1796;0,10535;0,1053;0,6893;0,6892
05/08/2016 10:30;1,1805;1,1791;0,10534;0,10528;0,6894;0,6891
05/08/2016 10:45;1,1794;1,1779;0,10528;0,10527;0,6893;0,689
05/08/2016 11:00;1,1788;1,1781;0,10526;0,10524;0,6892;0,6889
05/08/2016 11:15;1,18;1,1786;0,10528;0,10524;0,6895;0,6892
05/08/2016 11:30;1,1802;1,1795;0,10527;0,10525;0,6897;0,6894
05/08/2016 11:45;1,1815;1,18;0,10529;0,10526;0,6896;0,6894
05/08/2016 12:00;1,1815;1,1805;0,10528;0,10525;0,6895;0,6889
05/08/2016 12:15;1,1806;1,1794;0,10527;0,10525;0,6891;0,6888
05/08/2016 12:30;1,1807;1,1786;0,10527;0,10524;0,6889;0,6887
05/08/2016 12:45;1,1807;1,1788;0,10526;0,10523;0,6889;0,6887
05/08/2016 13:00;1,1813;1,1797;0,10528;0,10526;0,6889;0,6885
05/08/2016 13:15;1,1805;1,1796;0,10527;0,10525;0,6886;0,688
05/08/2016 13:30;1,1805;1,1797;0,10526;0,1052;0,6881;0,6879
05/08/2016 13:45;1,1812;1,1801;0,10522;0,10519;0,6882;0,688
05/08/2016 14:00;1,1804;1,179;0,10524;0,1052;0,6887;0,6878
05/08/2016 14:15;1,1798;1,179;0,10525;0,10514;0,6886;0,688
05/08/2016 14:30;1,1812;1,1776;0,10533;0,10516;0,6897;0,6856
05/08/2016 14:45;1,1813;1,1768;0,1054;0,10526;0,6864;0,685
05/08/2016 15:00;1,1781;1,1758;0,10527;0,10521;0,686;0,6852
05/08/2016 15:15;1,1781;1,1766;0,10548;0,10524;0,6863;0,6857
05/08/2016 15:30;1,1793;1,1773;0,10548;0,1054;0,6865;0,6859
05/08/2016 15:45;1,18;1,1789;0,10545;0,10538;0,6862;0,6858
05/08/2016 16:00;1,1801;1,1794;0,10543;0,10539;0,6866;0,6863
05/08/2016 16:15;1,1799;1,1791;0,10543;0,10536;0,6863;0,6853
05/08/2016 16:30;1,1798;1,1787;0,10539;0,10535;0,6854;0,6846
05/08/2016 16:45;1,1797;1,1782;0,10541;0,10531;0,6855;0,6848
05/08/2016 17:00;1,18;1,1792;0,10544;0,10541;0,6856;0,6849
05/08/2016 17:15;1,18;1,1794;0,10545;0,1054;0,6849;0,6842
05/08/2016 17:30;1,18;1,1795;0,1054;0,10534;0,6848;0,6843
05/08/2016 17:45;1,1801;1,179;0,1054;0,10537;0,6849;0,6845
05/08/2016 18:00;1,1796;1,1789;0,10539;0,10535;0,6849;0,6842
05/08/2016 18:15;1,1797;1,1786;0,10539;0,10537;0,6845;0,6841
05/08/2016 18:30;1,1795;1,1785;0,10538;0,10536;0,6844;0,6841
05/08/2016 18:45;1,1796;1,1789;0,10538;0,1053;0,6846;0,6842
05/08/2016 19:00;1,1796;1,1793;0,10532;0,1053;0,6845;0,6839
05/08/2016 19:15;1,1795;1,1792;0,10535;0,10531;0,684;0,6837
05/08/2016 19:30;1,1796;1,1793;0,10535;0,10532;0,6843;0,6839
05/08/2016 19:45;1,1795;1,1791;0,10533;0,10533;0,6845;0,6842
05/08/2016 20:00;1,1795;1,1792;0,10533;0,10531;0,6848;0,6844
05/08/2016 20:15;1,1794;1,179;0,10531;0,10531;0,685;0,6847
05/08/2016 20:30;1,1795;1,179;0,10531;0,1053;0,6854;0,685
05/08/2016 20:45;1,1795;1,179;0,10531;0,1053;0,6853;0,6851
05/08/2016 21:00;1,1795;1,1791;0,1053;0,10529;0,6854;0,6851
05/08/2016 21:15;1,1795;1,1791;0,1053;0,10529;0,6853;0,685
05/08/2016 21:30;1,1794;1,1792;0,1053;0,10529;0,6852;0,685
05/08/2016 21:45;1,1794;1,1787;0,1053;0,10524;0,6852;0,6851
05/08/2016 22:00;1,1792;1,1786;0,10523;0,1052;0,6853;0,685
05/08/2016 22:15;1,1795;1,1791;0,10525;0,10522;0,685;0,6846
05/08/2016 22:30;1,1794;1,1786;0,10526;0,10522;0,6846;0,6843
05/08/2016 22:45;1,1791;1,1784;0,10529;0,10524;0,685;0,6844
07/08/2016 21:00;1,1806;1,1782;0,10535;0,10521;0,6846;0,6843
07/08/2016 21:15;1,1807;1,18;0,10537;0,10526;0,685;0,6846
07/08/2016 21:30;1,1801;1,1795;0,10533;0,10527;0,6847;0,6842
07/08/2016 21:45;1,1804;1,1799;0,10535;0,1053;0,6848;0,6845
07/08/2016 22:00;1,1806;1,1802;0,10532;0,10531;0,6847;0,6845
07/08/2016 22:15;1,1808;1,18;0,10532;0,1053;0,6847;0,6845
07/08/2016 22:30;1,1804;1,1803;0,10531;0,10531;0,6847;0,6846
07/08/2016 22:45;1,1806;1,1801;0,10535;0,10529;0,6847;0,6846
07/08/2016 23:00;1,1803;1,1794;0,10536;0,10529;0,6847;0,6843
07/08/2016 23:15;1,1797;1,179;0,10533;0,10529;0,6845;0,6839
07/08/2016 23:30;1,1796;1,1787;0,10535;0,10526;0,6843;0,6839
07/08/2016 23:45;1,1799;1,1795;0,10533;0,10528;0,6845;0,684
08/08/2016;1,1797;1,179;0,10534;0,10525;0,6842;0,6839
08/08/2016 00:15;1,1794;1,179;0,10527;0,10525;0,6842;0,684
08/08/2016 00:30;1,1795;1,1791;0,10529;0,10526;0,6844;0,6841
08/08/2016 00:45;1,1793;1,1787;0,10529;0,10528;0,6843;0,6838
08/08/2016 01:00;1,179;1,1788;0,1053;0,10529;0,6841;0,6838
08/08/2016 01:15;1,1796;1,179;0,1053;0,10529;0,6843;0,6841
08/08/2016 01:30;1,1795;1,1793;0,1053;0,10529;0,6841;0,684
08/08/2016 01:45;1,1802;1,179;0,10529;0,10525;0,6843;0,6841
08/08/2016 02:00;1,1801;1,1792;0,10526;0,10523;0,6846;0,6842
08/08/2016 02:15;1,1805;1,1796;0,10524;0,1052;0,6845;0,6844
08/08/2016 02:30;1,1807;1,1802;0,10521;0,1052;0,6845;0,6843
08/08/2016 02:45;1,1806;1,1801;0,10522;0,10521;0,6843;0,6842
08/08/2016 03:00;1,1806;1,18;0,10523;0,10521;0,6846;0,6843
08/08/2016 03:15;1,1803;1,1797;0,10521;0,10521;0,6845;0,6842
08/08/2016 03:30;1,1801;1,1798;0,10522;0,10521;0,6842;0,684
08/08/2016 03:45;1,1802;1,1796;0,10524;0,10521;0,6842;0,684
08/08/2016 04:00;1,1803;1,1797;0,10523;0,10522;0,6845;0,6842
08/08/2016 04:15;1,18;1,1798;0,10524;0,10521;0,6846;0,6844
08/08/2016 04:30;1,1799;1,1794;0,10526;0,10524;0,6846;0,6842
08/08/2016 04:45;1,1796;1,1793;0,10526;0,10526;0,6843;0,6842
08/08/2016 05:00;1,1794;1,1789;0,10527;0,10525;0,6843;0,684
08/08/2016 05:15;1,1792;1,1789;0,10526;0,10526;0,6842;0,6841
08/08/2016 05:30;1,1791;1,1787;0,10526;0,10526;0,6842;0,684
08/08/2016 05:45;1,1788;1,1786;0,10526;0,10525;0,6841;0,6839
08/08/2016 06:00;1,1788;1,1786;0,10526;0,10525;0,6841;0,684
08/08/2016 06:15;1,1788;1,1787;0,10526;0,10525;0,6841;0,684
08/08/2016 06:30;1,1788;1,1784;0,10526;0,10525;0,6842;0,6841
08/08/2016 06:45;1,1786;1,1782;0,10526;0,1052;0,6842;0,684
08/08/2016 07:00;1,1785;1,1782;0,10521;0,1052;0,6841;0,684
08/08/2016 07:15;1,1786;1,1784;0,10521;0,1052;0,6841;0,6839
08/08/2016 07:30;1,1794;1,1785;0,10521;0,1052;0,6845;0,6839
08/08/2016 07:45;1,1796;1,1791;0,10523;0,1052;0,6845;0,6841
08/08/2016 08:00;1,1791;1,1788;0,10526;0,10523;0,6843;0,684
08/08/2016 08:15;1,1792;1,1781;0,10527;0,10525;0,6843;0,6841
08/08/2016 08:30;1,1783;1,1766;0,10527;0,10522;0,6843;0,6841
08/08/2016 08:45;1,178;1,1769;0,10521;0,10516;0,6847;0,6844
08/08/2016 09:00;1,1784;1,177;0,10519;0,10514;0,685;0,6847
08/08/2016 09:15;1,1781;1,1771;0,10517;0,10511;0,6855;0,6849
08/08/2016 09:30;1,1775;1,1765;0,10522;0,10513;0,6855;0,6851
08/08/2016 09:45;1,1771;1,1766;0,10523;0,10513;0,6852;0,685
08/08/2016 10:00;1,1771;1,176;0,10518;0,1051;0,6856;0,6852
08/08/2016 10:15;1,1771;1,1761;0,10514;0,1051;0,6856;0,6854
08/08/2016 10:30;1,1776;1,1769;0,10513;0,10511;0,6856;0,6852
08/08/2016 10:45;1,1777;1,1765;0,10511;0,1051;0,6856;0,6854
08/08/2016 11:00;1,1771;1,176;0,10516;0,10511;0,6855;0,6848
08/08/2016 11:15;1,1762;1,1754;0,10517;0,10511;0,685;0,6846
08/08/2016 11:30;1,1758;1,1753;0,10515;0,10512;0,6851;0,6849
08/08/2016 11:45;1,1766;1,1753;0,10516;0,10513;0,6853;0,6851
08/08/2016 12:00;1,177;1,1761;0,10516;0,10514;0,6853;0,6849
08/08/2016 12:15;1,1797;1,1768;0,10515;0,10514;0,6853;0,685
08/08/2016 12:30;1,1795;1,1785;0,10515;0,10511;0,6854;0,6849
08/08/2016 12:45;1,1793;1,1782;0,10517;0,10511;0,6855;0,6852
08/08/2016 13:00;1,1793;1,1786;0,10512;0,10511;0,6857;0,6854
08/08/2016 13:15;1,1791;1,1783;0,10514;0,10511;0,6854;0,685
08/08/2016 13:30;1,1787;1,1781;0,10514;0,10511;0,6855;0,6853
08/08/2016 13:45;1,1786;1,1782;0,10513;0,10508;0,6858;0,6854
08/08/2016 14:00;1,1783;1,1767;0,1051;0,10498;0,6863;0,6859
08/08/2016 14:15;1,1777;1,1767;0,10504;0,10499;0,6863;0,686
08/08/2016 14:30;1,1773;1,1766;0,10504;0,10501;0,6863;0,6859
08/08/2016 14:45;1,1772;1,1763;0,10504;0,10501;0,6864;0,686
08/08/2016 15:00;1,1772;1,1761;0,10504;0,105;0,686;0,6856
08/08/2016 15:15;1,1777;1,177;0,10502;0,105;0,6859;0,6855
08/08/2016 15:30;1,1781;1,1771;0,10504;0,10496;0,6868;0,6856
08/08/2016 15:45;1,1793;1,1774;0,10505;0,10497;0,6871;0,6869
08/08/2016 16:00;1,1788;1,1771;0,10506;0,10499;0,6872;0,6866
08/08/2016 16:15;1,1774;1,1768;0,10512;0,10506;0,6867;0,6861
08/08/2016 16:30;1,1773;1,1767;0,10512;0,10511;0,6862;0,6858
08/08/2016 16:45;1,1774;1,1768;0,10514;0,10507;0,686;0,6852
08/08/2016 17:00;1,1775;1,1767;0,10514;0,10507;0,686;0,6855
08/08/2016 17:15;1,1778;1,1764;0,10509;0,10506;0,6859;0,6855
08/08/2016 17:30;1,1779;1,1773;0,10513;0,10509;0,6862;0,6858
08/08/2016 17:45;1,1777;1,1769;0,10513;0,10511;0,6862;0,6859
08/08/2016 18:00;1,1774;1,1772;0,10514;0,10511;0,6858;0,6855
08/08/2016 18:15;1,1774;1,1771;0,10513;0,1051;0,6861;0,6856
08/08/2016 18:30;1,1773;1,1769;0,10511;0,10509;0,6863;0,686
08/08/2016 18:45;1,1771;1,1768;0,10512;0,10509;0,6862;0,686
08/08/2016 19:00;1,1773;1,177;0,10514;0,10512;0,6862;0,6859
08/08/2016 19:15;1,1772;1,1763;0,10515;0,10514;0,6863;0,686
08/08/2016 19:30;1,1766;1,1761;0,10515;0,10514;0,6862;0,686
08/08/2016 19:45;1,1768;1,176;0,10517;0,10514;0,6869;0,686
08/08/2016 20:00;1,1769;1,1766;0,10519;0,10517;0,6868;0,6866
08/08/2016 20:15;1,1769;1,1763;0,10518;0,10517;0,6866;0,6856
08/08/2016 20:30;1,1771;1,1762;0,10519;0,10517;0,6858;0,6853
08/08/2016 20:45;1,1767;1,1762;0,10519;0,10518;0,6856;0,6853
08/08/2016 21:00;1,1768;1,1764;0,10519;0,10517;0,6854;0,6851
08/08/2016 21:15;1,1768;1,1763;0,10517;0,10515;0,6853;0,6851
08/08/2016 21:30;1,1764;1,1762;0,10516;0,10515;0,6856;0,6853
08/08/2016 21:45;1,1766;1,1763;0,10515;0,10515;0,6856;0,6855
08/08/2016 22:00;1,1772;1,1766;0,10514;0,10512;0,6855;0,6854
08/08/2016 22:15;1,1772;1,177;0,10513;0,10512;0,6856;0,6854
08/08/2016 22:30;1,1771;1,1767;0,10512;0,10511;0,6856;0,6855
08/08/2016 22:45;1,1768;1,1761;0,10511;0,1051;0,6855;0,6853
08/08/2016 23:00;1,1769;1,1761;0,1051;0,10508;0,6858;0,6856
08/08/2016 23:15;1,1769;1,1767;0,10511;0,10509;0,6856;0,6851
08/08/2016 23:30;1,1768;1,1763;0,10511;0,10509;0,6858;0,6855
08/08/2016 23:45;1,1768;1,1765;0,1051;0,10507;0,6857;0,6855
09/08/2016;1,1768;1,1763;0,10508;0,10507;0,6856;0,6853
09/08/2016 00:15;1,1766;1,1763;0,10509;0,10508;0,6855;0,6853
09/08/2016 00:30;1,1764;1,1762;0,10509;0,10508;0,6855;0,6852
09/08/2016 00:45;1,1763;1,1762;0,10509;0,10508;0,6854;0,6852
09/08/2016 01:00;1,1765;1,1762;0,10508;0,10507;0,6854;0,6853
09/08/2016 01:15;1,1767;1,1764;0,10508;0,10507;0,6855;0,6854
09/08/2016 01:30;1,1764;1,1757;0,10508;0,10507;0,6855;0,6854
09/08/2016 01:45;1,1761;1,1756;0,10508;0,10507;0,6858;0,6854
09/08/2016 02:00;1,1756;1,1745;0,10508;0,10508;0,6857;0,6855
09/08/2016 02:15;1,175;1,1747;0,10509;0,10508;0,6857;0,6855
09/08/2016 02:30;1,175;1,1741;0,10508;0,10507;0,6856;0,6853
09/08/2016 02:45;1,1742;1,1726;0,10508;0,10507;0,6856;0,6852
09/08/2016 03:00;1,1734;1,1725;0,10507;0,10507;0,6853;0,685
09/08/2016 03:15;1,1732;1,1723;0,10507;0,10507;0,685;0,6849
09/08/2016 03:30;1,1732;1,172;0,10509;0,10506;0,685;0,6847
09/08/2016 03:45;1,1732;1,1722;0,10509;0,10507;0,6851;0,6848
09/08/2016 04:00;1,1732;1,1719;0,10509;0,10508;0,6851;0,6848
09/08/2016 04:15;1,1725;1,1719;0,10509;0,10508;0,6848;0,6846
09/08/2016 04:30;1,1723;1,1714;0,10509;0,10508;0,6848;0,6846
09/08/2016 04:45;1,1722;1,1714;0,10509;0,10508;0,6847;0,6844
09/08/2016 05:00;1,1723;1,172;0,10509;0,10508;0,6845;0,6844
09/08/2016 05:15;1,1722;1,172;0,10509;0,10508;0,6845;0,6844
09/08/2016 05:30;1,1725;1,172;0,10509;0,10508;0,6844;0,6842
09/08/2016 05:45;1,1726;1,172;0,10508;0,10506;0,6844;0,6842
09/08/2016 06:00;1,1727;1,1722;0,10507;0,10506;0,6845;0,6844
09/08/2016 06:15;1,1727;1,1721;0,10507;0,10506;0,6844;0,6843
09/08/2016 06:30;1,1726;1,1723;0,10507;0,10506;0,6845;0,6842
09/08/2016 06:45;1,1729;1,1725;0,10507;0,10506;0,6846;0,6845
09/08/2016 07:00;1,1729;1,1726;0,10506;0,10506;0,6847;0,6845
09/08/2016 07:15;1,1728;1,1721;0,10507;0,10506;0,6849;0,6847
09/08/2016 07:30;1,1724;1,172;0,10507;0,10507;0,6849;0,6847
09/08/2016 07:45;1,1724;1,172;0,10508;0,10507;0,6849;0,6848
09/08/2016 08:00;1,173;1,1714;0,10509;0,10507;0,6852;0,6848
09/08/2016 08:15;1,1731;1,1724;0,10511;0,10508;0,6849;0,6846
09/08/2016 08:30;1,1731;1,1719;0,10515;0,10512;0,6848;0,6844
09/08/2016 08:45;1,1721;1,1709;0,10518;0,10514;0,6847;0,6845
09/08/2016 09:00;1,172;1,1711;0,10522;0,10511;0,6849;0,6846
09/08/2016 09:15;1,1735;1,1718;0,10522;0,10511;0,6854;0,6849
09/08/2016 09:30;1,1735;1,1723;0,10521;0,10511;0,6853;0,6849
09/08/2016 09:45;1,1735;1,1724;0,10516;0,10511;0,6855;0,685
09/08/2016 10:00;1,1737;1,1727;0,10523;0,10515;0,6856;0,6851
09/08/2016 10:15;1,1734;1,1719;0,10521;0,10515;0,6857;0,6854
09/08/2016 10:30;1,173;1,1711;0,10524;0,10518;0,6855;0,6851
09/08/2016 10:45;1,1731;1,1721;0,10529;0,10521;0,6853;0,6851
09/08/2016 11:00;1,1728;1,171;0,10533;0,10527;0,6852;0,6846
09/08/2016 11:15;1,1717;1,1711;0,10536;0,10529;0,6848;0,6846
09/08/2016 11:30;1,1719;1,171;0,10539;0,10535;0,685;0,6847
09/08/2016 11:45;1,1713;1,1702;0,10541;0,10535;0,6852;0,685
09/08/2016 12:00;1,1707;1,1701;0,10542;0,10538;0,6853;0,6849
09/08/2016 12:15;1,1704;1,1693;0,10549;0,10542;0,6855;0,6853
09/08/2016 12:30;1,1709;1,1696;0,10555;0,10547;0,6857;0,6854
09/08/2016 12:45;1,1717;1,1706;0,1055;0,10547;0,6859;0,6855
09/08/2016 13:00;1,1713;1,1703;0,10548;0,10546;0,6861;0,6856
09/08/2016 13:15;1,1717;1,1703;0,10548;0,10544;0,6865;0,6861
09/08/2016 13:30;1,1713;1,1708;0,10545;0,1054;0,6864;0,6862
09/08/2016 13:45;1,1714;1,1705;0,10545;0,10539;0,6864;0,686
09/08/2016 14:00;1,1714;1,1707;0,10543;0,10539;0,6866;0,6863
09/08/2016 14:15;1,1715;1,1704;0,10546;0,10539;0,6864;0,6858
09/08/2016 14:30;1,1713;1,1709;0,10544;0,1054;0,6859;0,6851
09/08/2016 14:45;1,1715;1,1706;0,10544;0,10539;0,6855;0,685
09/08/2016 15:00;1,1715;1,1693;0,10546;0,10543;0,6861;0,6854
09/08/2016 15:15;1,1699;1,1688;0,10547;0,10543;0,686;0,6857
09/08/2016 15:30;1,1691;1,168;0,10546;0,10543;0,6859;0,6857
09/08/2016 15:45;1,1688;1,1675;0,10551;0,10542;0,6865;0,6857
09/08/2016 16:00;1,169;1,1673;0,10547;0,1054;0,6862;0,6854
09/08/2016 16:15;1,1698;1,1684;0,10555;0,10544;0,6863;0,6855
09/08/2016 16:30;1,1697;1,1684;0,10555;0,10546;0,6855;0,6847
09/08/2016 16:45;1,1696;1,1683;0,10559;0,10549;0,6862;0,6851
09/08/2016 17:00;1,1705;1,1688;0,10561;0,10553;0,6862;0,6857
09/08/2016 17:15;1,1706;1,17;0,10554;0,10551;0,6861;0,6858
09/08/2016 17:30;1,1706;1,17;0,10551;0,10548;0,6861;0,6859
09/08/2016 17:45;1,1715;1,1702;0,1055;0,10547;0,6863;0,686
09/08/2016 18:00;1,1712;1,1704;0,1055;0,10549;0,6864;0,6859
09/08/2016 18:15;1,1709;1,1697;0,10549;0,10547;0,6865;0,6861
09/08/2016 18:30;1,1707;1,17;0,10549;0,10548;0,6865;0,6861
09/08/2016 18:45;1,1717;1,1702;0,10548;0,10545;0,6864;0,6861
09/08/2016 19:00;1,172;1,1711;0,10545;0,10544;0,6862;0,6859
09/08/2016 19:15;1,1715;1,1709;0,10546;0,10544;0,6859;0,6854
09/08/2016 19:30;1,1711;1,1703;0,10544;0,10543;0,6855;0,6851
09/08/2016 19:45;1,1707;1,1703;0,10544;0,10543;0,6856;0,6853
09/08/2016 20:00;1,1708;1,1705;0,10545;0,10543;0,6854;0,6852
09/08/2016 20:15;1,1708;1,1698;0,10544;0,10543;0,6854;0,6851
09/08/2016 20:30;1,1701;1,1694;0,10545;0,10543;0,6853;0,6847
09/08/2016 20:45;1,1703;1,1697;0,10549;0,10544;0,6852;0,6847
09/08/2016 21:00;1,1705;1,1701;0,10548;0,10546;0,6853;0,6852
09/08/2016 21:15;1,1704;1,1701;0,10548;0,10547;0,6855;0,6852
09/08/2016 21:30;1,1703;1,17;0,10548;0,10547;0,6853;0,685
09/08/2016 21:45;1,1703;1,17;0,10548;0,10546;0,6858;0,6853
09/08/2016 22:00;1,1704;1,17;0,10546;0,10541;0,6859;0,6855
09/08/2016 22:15;1,1703;1,1702;0,10543;0,10541;0,6862;0,6858
09/08/2016 22:30;1,1703;1,1694;0,10543;0,10541;0,686;0,6854
09/08/2016 22:45;1,1698;1,1692;0,10543;0,10542;0,6859;0,6857
09/08/2016 23:00;1,17;1,1695;0,10543;0,10541;0,6859;0,6856
09/08/2016 23:15;1,1702;1,1695;0,10543;0,10542;0,6859;0,6857
09/08/2016 23:30;1,1697;1,1693;0,10543;0,10541;0,6859;0,6857
09/08/2016 23:45;1,1695;1,1693;0,10543;0,10542;0,686;0,6856
10/08/2016;1,1698;1,1692;0,10542;0,10535;0,6859;0,6856
10/08/2016 00:15;1,1701;1,1698;0,1054;0,10538;0,6857;0,6856
10/08/2016 00:30;1,1704;1,1698;0,10539;0,10537;0,6859;0,6856
10/08/2016 00:45;1,1702;1,1699;0,10538;0,10537;0,6858;0,6857
10/08/2016 01:00;1,1701;1,1699;0,10538;0,10536;0,6858;0,6857
10/08/2016 01:15;1,1701;1,1699;0,10537;0,10536;0,686;0,6857
10/08/2016 01:30;1,1701;1,1698;0,10538;0,10536;0,686;0,6857
10/08/2016 01:45;1,1704;1,1698;0,10539;0,10536;0,6858;0,6857
10/08/2016 02:00;1,1715;1,1702;0,1054;0,10539;0,6857;0,6854
10/08/2016 02:15;1,1741;1,1713;0,10547;0,10539;0,6868;0,6855
10/08/2016 02:30;1,1731;1,1718;0,10548;0,10547;0,6864;0,686
10/08/2016 02:45;1,1726;1,1717;0,10547;0,10546;0,6865;0,6861
10/08/2016 03:00;1,1723;1,1712;0,10546;0,10544;0,6869;0,6864
10/08/2016 03:15;1,1722;1,1708;0,10545;0,10544;0,6868;0,6865
10/08/2016 03:30;1,172;1,1708;0,10545;0,10544;0,6867;0,6865
10/08/2016 03:45;1,1725;1,1716;0,10545;0,10543;0,6866;0,6865
10/08/2016 04:00;1,1736;1,1724;0,10545;0,10541;0,6868;0,6865
10/08/2016 04:15;1,1728;1,1719;0,10542;0,10541;0,6865;0,6864
10/08/2016 04:30;1,1725;1,1718;0,10542;0,10541;0,6866;0,6863
10/08/2016 04:45;1,1722;1,1719;0,10542;0,10541;0,6866;0,6863
10/08/2016 05:00;1,1721;1,1719;0,10541;0,1054;0,6865;0,6862
10/08/2016 05:15;1,1722;1,1718;0,10541;0,10538;0,6864;0,6862
10/08/2016 05:30;1,1719;1,1714;0,10539;0,10538;0,6863;0,6862
10/08/2016 05:45;1,1718;1,1715;0,10538;0,10537;0,6864;0,6862
10/08/2016 06:00;1,172;1,1715;0,10538;0,10537;0,6865;0,6863
10/08/2016 06:15;1,1722;1,1714;0,10538;0,10537;0,6866;0,6864
10/08/2016 06:30;1,1722;1,1718;0,10538;0,10537;0,6866;0,6864
10/08/2016 06:45;1,1721;1,1717;0,10538;0,10537;0,6866;0,6864
10/08/2016 07:00;1,1719;1,1714;0,10537;0,10537;0,6865;0,6863
10/08/2016 07:15;1,1718;1,1712;0,10537;0,10536;0,6865;0,6863
10/08/2016 07:30;1,1717;1,1712;0,10537;0,10537;0,6865;0,6863
10/08/2016 07:45;1,1714;1,1707;0,10538;0,10537;0,6864;0,6862
10/08/2016 08:00;1,1713;1,1704;0,10542;0,10539;0,6865;0,6862
10/08/2016 08:15;1,1713;1,1709;0,10543;0,10535;0,6865;0,6862
10/08/2016 08:30;1,1712;1,1701;0,10538;0,10535;0,6867;0,6864
10/08/2016 08:45;1,1705;1,1693;0,10539;0,10537;0,6866;0,6861
10/08/2016 09:00;1,1699;1,169;0,10539;0,10535;0,6865;0,6859
10/08/2016 09:15;1,17;1,1686;0,10539;0,10536;0,6863;0,686
10/08/2016 09:30;1,1702;1,1688;0,10538;0,10531;0,6867;0,686
10/08/2016 09:45;1,1698;1,169;0,10536;0,10531;0,6865;0,6863
10/08/2016 10:00;1,1713;1,1692;0,10552;0,10537;0,6871;0,6863
10/08/2016 10:15;1,1707;1,1698;0,10547;0,10535;0,6872;0,6869
10/08/2016 10:30;1,1704;1,1696;0,10541;0,10535;0,6872;0,687
10/08/2016 10:45;1,171;1,1702;0,1054;0,10537;0,6871;0,6869
10/08/2016 11:00;1,1708;1,1692;0,10538;0,10531;0,687;0,6864
10/08/2016 11:15;1,1697;1,1682;0,10538;0,10529;0,6866;0,686
10/08/2016 11:30;1,1685;1,1674;0,10536;0,10528;0,6864;0,686
10/08/2016 11:45;1,1685;1,1677;0,10537;0,10535;0,6864;0,6862
10/08/2016 12:00;1,1691;1,1682;0,10545;0,10536;0,6865;0,6862
10/08/2016 12:15;1,1696;1,1686;0,10545;0,10535;0,6868;0,6863
10/08/2016 12:30;1,1696;1,1683;0,10536;0,10535;0,6869;0,6864
10/08/2016 12:45;1,1696;1,1687;0,1054;0,10536;0,6872;0,6866
10/08/2016 13:00;1,1702;1,1694;0,10541;0,10538;0,6873;0,6869
10/08/2016 13:15;1,1703;1,1691;0,10541;0,1054;0,6871;0,6869
10/08/2016 13:30;1,1702;1,169;0,10541;0,10539;0,688;0,6871
10/08/2016 13:45;1,1701;1,1689;0,10545;0,10541;0,6878;0,6869
10/08/2016 14:00;1,1696;1,1687;0,10549;0,10544;0,6875;0,687
10/08/2016 14:15;1,1696;1,1688;0,10554;0,10547;0,6876;0,6869
10/08/2016 14:30;1,17;1,1683;0,10554;0,1055;0,6878;0,6869
10/08/2016 14:45;1,1692;1,1684;0,10554;0,10551;0,6872;0,687
10/08/2016 15:00;1,1691;1,1685;0,10556;0,10553;0,6875;0,6871
10/08/2016 15:15;1,169;1,1679;0,10555;0,10552;0,6873;0,6871
10/08/2016 15:30;1,1684;1,1662;0,1057;0,10552;0,687;0,6862
10/08/2016 15:45;1,1662;1,165;0,10574;0,10567;0,6867;0,6857
10/08/2016 16:00;1,1663;1,1653;0,10578;0,10567;0,6864;0,6856
10/08/2016 16:15;1,1665;1,166;0,10587;0,10578;0,6869;0,6859
10/08/2016 16:30;1,1669;1,166;0,10589;0,10582;0,6874;0,686
10/08/2016 16:45;1,1666;1,1649;0,10588;0,1058;0,6865;0,6858
10/08/2016 17:00;1,1657;1,164;0,10587;0,10581;0,6865;0,6856
10/08/2016 17:15;1,1646;1,1635;0,10579;0,10572;0,6856;0,6849
10/08/2016 17:30;1,1645;1,1635;0,10577;0,10575;0,6856;0,6848
10/08/2016 17:45;1,1642;1,1631;0,10576;0,10567;0,6854;0,6845
10/08/2016 18:00;1,1642;1,1634;0,10567;0,10561;0,686;0,6855
10/08/2016 18:15;1,1642;1,1638;0,10569;0,10563;0,6862;0,6857
10/08/2016 18:30;1,1645;1,164;0,10574;0,10569;0,6865;0,686
10/08/2016 18:45;1,1648;1,164;0,10581;0,10573;0,6865;0,6861
10/08/2016 19:00;1,1647;1,1642;0,10584;0,10582;0,6863;0,6861
10/08/2016 19:15;1,1646;1,1634;0,10585;0,10582;0,6863;0,686
10/08/2016 19:30;1,164;1,1633;0,10584;0,10579;0,6862;0,686
10/08/2016 19:45;1,1641;1,1635;0,10586;0,1058;0,6862;0,686
10/08/2016 20:00;1,1643;1,1637;0,10588;0,10585;0,6863;0,6859
10/08/2016 20:15;1,164;1,1635;0,10588;0,10581;0,6862;0,6855
10/08/2016 20:30;1,164;1,1634;0,10582;0,1058;0,6856;0,6854
10/08/2016 20:45;1,1645;1,1636;0,10582;0,1058;0,6855;0,685
10/08/2016 21:00;1,1645;1,1642;0,10579;0,10575;0,6856;0,6852
10/08/2016 21:15;1,1644;1,1639;0,10576;0,10574;0,6856;0,6854
10/08/2016 21:30;1,1645;1,1638;0,10574;0,10571;0,6855;0,6851
10/08/2016 21:45;1,1642;1,1637;0,10572;0,1057;0,6851;0,6849
10/08/2016 22:00;1,1647;1,1637;0,1057;0,10567;0,6852;0,6849
10/08/2016 22:15;1,1652;1,1646;0,10572;0,10568;0,6853;0,6849
10/08/2016 22:30;1,1651;1,1645;0,10572;0,1057;0,6852;0,685
10/08/2016 22:45;1,1646;1,1637;0,10573;0,10569;0,6853;0,685
10/08/2016 23:00;1,1647;1,1633;0,10579;0,10566;0,6857;0,6849
10/08/2016 23:15;1,1646;1,1637;0,1058;0,10576;0,6853;0,685
10/08/2016 23:30;1,1645;1,1638;0,10579;0,10578;0,6852;0,6849
10/08/2016 23:45;1,164;1,1635;0,10579;0,10577;0,6852;0,6849
11/08/2016;1,1642;1,1635;0,10577;0,10572;0,6854;0,6848
11/08/2016 00:15;1,1642;1,1638;0,10576;0,10573;0,6853;0,6851
11/08/2016 00:30;1,1641;1,1635;0,10573;0,10572;0,6851;0,6848
11/08/2016 00:45;1,1641;1,1636;0,10575;0,10572;0,685;0,6848
11/08/2016 01:00;1,1641;1,1636;0,10575;0,10573;0,6849;0,6848
11/08/2016 01:15;1,1641;1,1635;0,10574;0,10572;0,6849;0,6848
11/08/2016 01:30;1,1639;1,1634;0,10574;0,10572;0,6848;0,6846
11/08/2016 01:45;1,1641;1,1635;0,10574;0,10573;0,6847;0,6845
11/08/2016 02:00;1,1642;1,1638;0,10575;0,10574;0,6852;0,6848
11/08/2016 02:15;1,164;1,1633;0,10575;0,10572;0,6851;0,6847
11/08/2016 02:30;1,1636;1,1632;0,10573;0,10572;0,6847;0,6845
11/08/2016 02:45;1,164;1,1633;0,10573;0,10572;0,6846;0,6844
11/08/2016 03:00;1,1638;1,1633;0,10574;0,10572;0,6848;0,6844
11/08/2016 03:15;1,1642;1,1638;0,10576;0,10573;0,6847;0,6846
11/08/2016 03:30;1,1646;1,1639;0,10579;0,10575;0,6849;0,6846
11/08/2016 03:45;1,1649;1,1639;0,10579;0,10577;0,6851;0,6849
11/08/2016 04:00;1,1652;1,1647;0,10578;0,10577;0,6851;0,685
11/08/2016 04:15;1,1651;1,1644;0,10576;0,10575;0,6852;0,6851
11/08/2016 04:30;1,1651;1,1647;0,10576;0,10574;0,6852;0,6851
11/08/2016 04:45;1,1648;1,1644;0,10577;0,10575;0,6851;0,685
11/08/2016 05:00;1,1645;1,1642;0,10577;0,10576;0,685;0,6849
11/08/2016 05:15;1,1644;1,1642;0,10578;0,10573;0,6851;0,6849
11/08/2016 05:30;1,1647;1,1642;0,10575;0,10572;0,685;0,6848
11/08/2016 05:45;1,1645;1,164;0,10574;0,10572;0,6849;0,6847
11/08/2016 06:00;1,1649;1,1641;0,10574;0,10573;0,6849;0,6848
11/08/2016 06:15;1,165;1,1646;0,10573;0,10573;0,6849;0,6847
11/08/2016 06:30;1,1648;1,1645;0,10573;0,10571;0,6849;0,6848
11/08/2016 06:45;1,1649;1,1646;0,10572;0,10571;0,685;0,6848
11/08/2016 07:00;1,165;1,1647;0,10572;0,10571;0,6851;0,685
11/08/2016 07:15;1,1649;1,1641;0,10573;0,1057;0,6851;0,6849
11/08/2016 07:30;1,1647;1,1639;0,10573;0,10572;0,685;0,6849
11/08/2016 07:45;1,1646;1,1644;0,10578;0,10572;0,6853;0,685
11/08/2016 08:00;1,165;1,1643;0,10583;0,10578;0,6856;0,6852
11/08/2016 08:15;1,1653;1,1648;0,1058;0,10577;0,6856;0,6853
11/08/2016 08:30;1,1658;1,1651;0,10586;0,1058;0,6857;0,6853
11/08/2016 08:45;1,1659;1,1649;0,10591;0,10583;0,6858;0,6856
11/08/2016 09:00;1,1658;1,1646;0,10594;0,10586;0,6861;0,6858
11/08/2016 09:15;1,1652;1,1638;0,10587;0,10585;0,6864;0,6859
11/08/2016 09:30;1,165;1,1634;0,10626;0,10605;0,6866;0,6863
11/08/2016 09:45;1,1643;1,1627;0,10614;0,10597;0,6866;0,6863
11/08/2016 10:00;1,1633;1,162;0,10612;0,10602;0,6871;0,6863
11/08/2016 10:15;1,163;1,1614;0,10615;0,10612;0,687;0,6866
11/08/2016 10:30;1,1629;1,1619;0,10616;0,10612;0,6869;0,6866
11/08/2016 10:45;1,163;1,162;0,10615;0,10608;0,687;0,6867
11/08/2016 11:00;1,1634;1,1622;0,10614;0,10607;0,687;0,6868
11/08/2016 11:15;1,1631;1,1624;0,10612;0,10609;0,6874;0,6867
11/08/2016 11:30;1,1632;1,1625;0,1061;0,10607;0,6878;0,6874
11/08/2016 11:45;1,1637;1,1629;0,1061;0,10605;0,6881;0,6875
11/08/2016 12:00;1,1649;1,1636;0,10608;0,10605;0,6882;0,6879
11/08/2016 12:15;1,1643;1,1629;0,10607;0,10604;0,6885;0,6882
11/08/2016 12:30;1,1639;1,163;0,10604;0,10602;0,6885;0,6882
11/08/2016 12:45;1,1645;1,1638;0,10602;0,10594;0,6884;0,6881
11/08/2016 13:00;1,1652;1,1641;0,10596;0,10593;0,6881;0,6876
11/08/2016 13:15;1,1648;1,1643;0,10596;0,10595;0,6876;0,6874
11/08/2016 13:30;1,1651;1,1638;0,10597;0,10596;0,6878;0,6875
11/08/2016 13:45;1,1642;1,1631;0,10604;0,10598;0,6875;0,6871
11/08/2016 14:00;1,1636;1,1622;0,10609;0,10602;0,6877;0,6868
11/08/2016 14:15;1,1627;1,1618;0,1061;0,10602;0,687;0,6866
11/08/2016 14:30;1,1623;1,1615;0,1061;0,10607;0,6873;0,6867
11/08/2016 14:45;1,1628;1,1616;0,10611;0,10605;0,687;0,6865
11/08/2016 15:00;1,164;1,1627;0,10609;0,10605;0,6877;0,6871
11/08/2016 15:15;1,164;1,1634;0,10613;0,10609;0,6878;0,6875
11/08/2016 15:30;1,1635;1,1625;0,1063;0,10613;0,6883;0,6875
11/08/2016 15:45;1,1635;1,1623;0,1063;0,10624;0,6882;0,6874
11/08/2016 16:00;1,1625;1,1614;0,10629;0,10607;0,6876;0,6868
11/08/2016 16:15;1,1619;1,1613;0,10614;0,10609;0,6875;0,6871
11/08/2016 16:30;1,1616;1,1603;0,10614;0,1061;0,6877;0,6872
11/08/2016 16:45;1,1607;1,1598;0,10624;0,10613;0,6877;0,6869
11/08/2016 17:00;1,1606;1,1596;0,10626;0,10622;0,6874;0,6868
11/08/2016 17:15;1,1607;1,16;0,10628;0,10623;0,6878;0,6873
11/08/2016 17:30;1,1606;1,1599;0,10627;0,10616;0,6882;0,6878
11/08/2016 17:45;1,1608;1,16;0,10618;0,10613;0,6883;0,688
11/08/2016 18:00;1,1611;1,1603;0,10619;0,10617;0,6893;0,6882
11/08/2016 18:15;1,1613;1,1605;0,10619;0,10615;0,6912;0,6896
11/08/2016 18:30;1,1619;1,1611;0,10616;0,10612;0,6911;0,6906
11/08/2016 18:45;1,1627;1,1618;0,10613;0,10611;0,6913;0,6908
11/08/2016 19:00;1,1627;1,1622;0,10612;0,1061;0,6914;0,6909
11/08/2016 19:15;1,163;1,1624;0,1061;0,10609;0,6915;0,6912
11/08/2016 19:30;1,1631;1,1623;0,1061;0,10609;0,6922;0,6914
11/08/2016 19:45;1,163;1,1625;0,1061;0,10609;0,6926;0,6919
11/08/2016 20:00;1,1633;1,163;0,10608;0,10608;0,6928;0,6926
11/08/2016 20:15;1,1634;1,1629;0,10611;0,10608;0,6926;0,692
11/08/2016 20:30;1,1637;1,163;0,10609;0,10607;0,6921;0,6918
11/08/2016 20:45;1,1639;1,1635;0,10608;0,10607;0,692;0,6917
11/08/2016 21:00;1,1637;1,1631;0,10608;0,10599;0,692;0,6916
11/08/2016 21:15;1,1637;1,1633;0,10599;0,10597;0,6918;0,6914
11/08/2016 21:30;1,1637;1,1634;0,10598;0,10597;0,6916;0,6912
11/08/2016 21:45;1,1638;1,1634;0,10598;0,10597;0,6916;0,6913
11/08/2016 22:00;1,1635;1,1631;0,10597;0,1059;0,6916;0,6914
11/08/2016 22:15;1,1633;1,1631;0,106;0,1059;0,6914;0,6913
11/08/2016 22:30;1,1632;1,1629;0,10598;0,10593;0,6913;0,6911
11/08/2016 22:45;1,1634;1,163;0,10598;0,10593;0,6912;0,6908
11/08/2016 23:00;1,1635;1,1633;0,1061;0,10593;0,6914;0,691
11/08/2016 23:15;1,1636;1,1634;0,10607;0,10591;0,6914;0,6912
11/08/2016 23:30;1,1638;1,1634;0,106;0,1059;0,6912;0,6911
11/08/2016 23:45;1,1637;1,1631;0,10601;0,10595;0,6913;0,691
12/08/2016;1,1636;1,1632;0,10604;0,10598;0,6915;0,6912
12/08/2016 00:15;1,1635;1,1632;0,10598;0,10594;0,6917;0,6914
12/08/2016 00:30;1,1634;1,1628;0,10595;0,10592;0,6917;0,6916
12/08/2016 00:45;1,1633;1,1629;0,10595;0,10594;0,6919;0,6915
12/08/2016 01:00;1,1634;1,1631;0,10595;0,10593;0,6916;0,6913
12/08/2016 01:15;1,1635;1,1631;0,10595;0,10593;0,6916;0,6912
12/08/2016 01:30;1,1636;1,1629;0,10596;0,10595;0,6916;0,6914
12/08/2016 01:45;1,1631;1,1626;0,10596;0,10594;0,6914;0,6912
12/08/2016 02:00;1,1632;1,1627;0,10596;0,10594;0,6914;0,6911
12/08/2016 02:15;1,1632;1,1627;0,10596;0,10594;0,6916;0,6912
12/08/2016 02:30;1,1639;1,1631;0,10596;0,10594;0,6918;0,6915
12/08/2016 02:45;1,1642;1,1638;0,10595;0,10593;0,6918;0,6914
12/08/2016 03:00;1,1647;1,1637;0,10597;0,10593;0,6915;0,6913
12/08/2016 03:15;1,1646;1,1643;0,10596;0,10595;0,6915;0,6912
12/08/2016 03:30;1,1644;1,1639;0,10595;0,10595;0,6914;0,6912
12/08/2016 03:45;1,1648;1,1639;0,10597;0,10595;0,6915;0,6913
12/08/2016 04:00;1,1648;1,1645;0,10599;0,10596;0,6914;0,6911
12/08/2016 04:15;1,1647;1,1645;0,10598;0,10597;0,6915;0,6912
12/08/2016 04:30;1,1649;1,1646;0,10597;0,10597;0,6916;0,6915
12/08/2016 04:45;1,1648;1,1646;0,10597;0,10597;0,6917;0,6916
12/08/2016 05:00;1,1648;1,1646;0,10597;0,10597;0,6917;0,6916
12/08/2016 05:15;1,1646;1,1644;0,10597;0,10597;0,6916;0,6915
12/08/2016 05:30;1,1645;1,1643;0,10598;0,10597;0,6916;0,6914
12/08/2016 05:45;1,1646;1,1644;0,10597;0,10597;0,6916;0,6915
12/08/2016 06:00;1,1647;1,1645;0,10597;0,10595;0,6917;0,6914
12/08/2016 06:15;1,1647;1,1645;0,10596;0,10595;0,6917;0,6916
12/08/2016 06:30;1,1646;1,1643;0,10596;0,10595;0,6919;0,6917
12/08/2016 06:45;1,1644;1,1641;0,10596;0,10595;0,6923;0,692
12/08/2016 07:00;1,1645;1,1641;0,10596;0,10595;0,6923;0,6922
12/08/2016 07:15;1,1647;1,1644;0,10598;0,10595;0,6922;0,6918
12/08/2016 07:30;1,1648;1,1647;0,10597;0,10595;0,6921;0,6919
12/08/2016 07:45;1,1649;1,1643;0,10598;0,10597;0,6922;0,692
12/08/2016 08:00;1,1644;1,1632;0,10596;0,10592;0,6922;0,6919
12/08/2016 08:15;1,1638;1,1631;0,10595;0,10592;0,6922;0,6917
12/08/2016 08:30;1,1637;1,1627;0,10597;0,10592;0,6921;0,6918
12/08/2016 08:45;1,1634;1,1627;0,10601;0,10595;0,692;0,6918
12/08/2016 09:00;1,1633;1,1618;0,10611;0,106;0,692;0,6916
12/08/2016 09:15;1,1631;1,1623;0,10605;0,10601;0,6919;0,6912
12/08/2016 09:30;1,1627;1,1619;0,10618;0,10605;0,6916;0,6912
12/08/2016 09:45;1,1625;1,1617;0,1062;0,10614;0,6918;0,6912
12/08/2016 10:00;1,1623;1,1619;0,10621;0,10618;0,6918;0,6916
12/08/2016 10:15;1,1624;1,161;0,10618;0,10613;0,6917;0,6913
12/08/2016 10:30;1,1625;1,1611;0,10614;0,10608;0,6914;0,691
12/08/2016 10:45;1,1623;1,1612;0,1061;0,10606;0,6911;0,6908
12/08/2016 11:00;1,1623;1,1603;0,10609;0,10608;0,6911;0,6906
12/08/2016 11:15;1,1612;1,1599;0,1061;0,10606;0,6912;0,6906
12/08/2016 11:30;1,1618;1,1611;0,10608;0,10597;0,6913;0,6911
12/08/2016 11:45;1,1621;1,1614;0,10598;0,10595;0,6912;0,6907
12/08/2016 12:00;1,1624;1,1618;0,10601;0,10594;0,6908;0,6905
12/08/2016 12:15;1,1624;1,1616;0,106;0,10599;0,691;0,6907
12/08/2016 12:30;1,1622;1,1617;0,10601;0,106;0,691;0,6906
12/08/2016 12:45;1,1624;1,1616;0,10601;0,10599;0,6913;0,6905
12/08/2016 13:00;1,1622;1,1614;0,10602;0,10601;0,6912;0,6909
12/08/2016 13:15;1,1622;1,1614;0,10601;0,10594;0,691;0,6906
12/08/2016 13:30;1,163;1,1617;0,106;0,106;0,6913;0,6909
12/08/2016 13:45;1,163;1,1619;0,10604;0,106;0,6915;0,6912
12/08/2016 14:00;1,1623;1,1619;0,10604;0,10603;0,6913;0,6907
12/08/2016 14:15;1,162;1,1611;0,10604;0,10597;0,6909;0,6903
12/08/2016 14:30;1,164;1,1611;0,10602;0,10599;0,6905;0,6893
12/08/2016 14:45;1,1614;1,16;0,10605;0,10602;0,6895;0,6887
12/08/2016 15:00;1,1613;1,1602;0,10605;0,10602;0,69;0,689
12/08/2016 15:15;1,1606;1,1588;0,10615;0,10604;0,6899;0,6896
12/08/2016 15:30;1,1599;1,1591;0,10615;0,10611;0,6904;0,6899
12/08/2016 15:45;1,1599;1,1578;0,10617;0,10614;0,6903;0,6899
12/08/2016 16:00;1,1596;1,1582;0,10614;0,10604;0,6909;0,6898
12/08/2016 16:15;1,1598;1,158;0,1061;0,10598;0,6911;0,6907
12/08/2016 16:30;1,1582;1,1573;0,10604;0,10603;0,691;0,6907
12/08/2016 16:45;1,158;1,1565;0,10609;0,10603;0,6913;0,6908
12/08/2016 17:00;1,1576;1,1565;0,10608;0,10603;0,6918;0,691
12/08/2016 17:15;1,1581;1,157;0,10608;0,10604;0,6921;0,6917
12/08/2016 17:30;1,1578;1,1569;0,10609;0,10607;0,6921;0,6917
12/08/2016 17:45;1,1579;1,157;0,10608;0,10604;0,692;0,6915
12/08/2016 18:00;1,1577;1,1565;0,10604;0,10596;0,6916;0,6913
12/08/2016 18:15;1,157;1,1563;0,106;0,10596;0,6912;0,6908
12/08/2016 18:30;1,1567;1,1557;0,10598;0,10596;0,6916;0,6909
12/08/2016 18:45;1,157;1,1559;0,10598;0,10594;0,6918;0,6912
12/08/2016 19:00;1,1569;1,156;0,10598;0,10592;0,6916;0,691
12/08/2016 19:15;1,1564;1,1561;0,10599;0,10593;0,6912;0,691
12/08/2016 19:30;1,1566;1,156;0,10595;0,10595;0,6912;0,6908
12/08/2016 19:45;1,1566;1,156;0,10595;0,10592;0,6911;0,6908
12/08/2016 20:00;1,1565;1,1558;0,10591;0,10589;0,691;0,6908
12/08/2016 20:15;1,1565;1,1558;0,10593;0,1059;0,6911;0,6908
12/08/2016 20:30;1,157;1,1558;0,10592;0,1059;0,6915;0,6908
12/08/2016 20:45;1,1573;1,157;0,10593;0,10592;0,6916;0,6913
12/08/2016 21:00;1,158;1,1571;0,10593;0,10591;0,6914;0,6908
12/08/2016 21:15;1,1575;1,1568;0,10595;0,10592;0,6911;0,6908
12/08/2016 21:30;1,1578;1,1573;0,10596;0,10595;0,6913;0,6911
12/08/2016 21:45;1,1577;1,1566;0,10598;0,10596;0,6913;0,6911
12/08/2016 22:00;1,1568;1,1566;0,10598;0,10597;0,6913;0,6911
12/08/2016 22:15;1,1568;1,1566;0,10598;0,10597;0,6914;0,6912
12/08/2016 22:30;1,1568;1,1563;0,10597;0,10594;0,6913;0,691
12/08/2016 22:45;1,1572;1,1559;0,10598;0,10594;0,6913;0,691
14/08/2016 21:00;1,1589;1,1559;0,10594;0,10591;0,6914;0,6911
14/08/2016 21:15;1,1588;1,1565;0,10603;0,10592;0,6911;0,6909
14/08/2016 21:30;1,158;1,1569;0,106;0,10589;0,6914;0,6908
14/08/2016 21:45;1,1577;1,1575;0,10602;0,10596;0,6913;0,6909
14/08/2016 22:00;1,1577;1,1575;0,106;0,10598;0,6912;0,6911
14/08/2016 22:15;1,1583;1,1568;0,10602;0,10598;0,6912;0,6912
14/08/2016 22:30;1,1577;1,1568;0,106;0,10599;0,6912;0,691
14/08/2016 22:45;1,1582;1,1575;0,10603;0,10601;0,6911;0,6908
14/08/2016 23:00;1,1575;1,1569;0,10606;0,10601;0,6913;0,6909
14/08/2016 23:15;1,1571;1,1567;0,10603;0,10602;0,6914;0,6912
14/08/2016 23:30;1,1571;1,1569;0,10603;0,10602;0,6914;0,6913
14/08/2016 23:45;1,1571;1,1569;0,10603;0,10601;0,6914;0,6911
15/08/2016;1,1571;1,1563;0,10603;0,10597;0,6913;0,6907
15/08/2016 00:15;1,157;1,1562;0,10599;0,10598;0,6915;0,691
15/08/2016 00:30;1,1565;1,1561;0,10598;0,10596;0,6915;0,6913
15/08/2016 00:45;1,1565;1,1561;0,10598;0,10596;0,6914;0,6912
15/08/2016 01:00;1,1565;1,156;0,10597;0,10596;0,6914;0,6911
15/08/2016 01:15;1,1565;1,156;0,10597;0,10596;0,6912;0,6911
15/08/2016 01:30;1,1565;1,1562;0,10596;0,10595;0,6913;0,6911
15/08/2016 01:45;1,1565;1,1561;0,10597;0,10595;0,6913;0,6911
15/08/2016 02:00;1,1569;1,1563;0,10595;0,10595;0,6915;0,6912
15/08/2016 02:15;1,1569;1,1565;0,10595;0,10595;0,6915;0,6912
15/08/2016 02:30;1,1571;1,1565;0,10595;0,10595;0,6912;0,691
15/08/2016 02:45;1,1574;1,157;0,10595;0,1059;0,6911;0,6909
15/08/2016 03:00;1,158;1,1574;0,10594;0,1059;0,6912;0,691
15/08/2016 03:15;1,1588;1,1578;0,10591;0,1059;0,6912;0,6911
15/08/2016 03:30;1,1591;1,1586;0,10591;0,1059;0,6912;0,6911
15/08/2016 03:45;1,1599;1,1587;0,10591;0,10589;0,6915;0,6911
15/08/2016 04:00;1,1599;1,1589;0,1059;0,10589;0,6915;0,6911
15/08/2016 04:15;1,1591;1,1587;0,1059;0,10589;0,6912;0,6909
15/08/2016 04:30;1,1588;1,1583;0,1059;0,10589;0,691;0,6909
15/08/2016 04:45;1,1588;1,1585;0,1059;0,10589;0,6912;0,691
15/08/2016 05:00;1,1588;1,1585;0,1059;0,10589;0,6912;0,6911
15/08/2016 05:15;1,159;1,1587;0,1059;0,10589;0,6911;0,691
15/08/2016 05:30;1,1591;1,1589;0,1059;0,10589;0,6912;0,6911
15/08/2016 05:45;1,1592;1,159;0,1059;0,10589;0,6913;0,6911
15/08/2016 06:00;1,1591;1,1586;0,1059;0,10588;0,6914;0,6912
15/08/2016 06:15;1,1587;1,1582;0,1059;0,10589;0,6915;0,6912
15/08/2016 06:30;1,1583;1,1581;0,1059;0,10589;0,6914;0,6913
15/08/2016 06:45;1,1584;1,1578;0,1059;0,10589;0,6913;0,6912
15/08/2016 07:00;1,158;1,1578;0,1059;0,10589;0,6914;0,6913
15/08/2016 07:15;1,158;1,1575;0,1059;0,10589;0,6915;0,6914
15/08/2016 07:30;1,1582;1,1575;0,10591;0,1059;0,6915;0,6914
15/08/2016 07:45;1,1587;1,158;0,10591;0,1059;0,6915;0,6914
15/08/2016 08:00;1,1585;1,1577;0,10593;0,10591;0,6916;0,6914
15/08/2016 08:15;1,1586;1,1577;0,10592;0,10589;0,6916;0,6914
15/08/2016 08:30;1,159;1,1583;0,10594;0,10589;0,6919;0,6915
15/08/2016 08:45;1,1589;1,1578;0,1059;0,10582;0,6917;0,6914
15/08/2016 09:00;1,1588;1,158;0,10587;0,10577;0,6917;0,6914
15/08/2016 09:15;1,1585;1,1576;0,10582;0,10572;0,6921;0,6916
15/08/2016 09:30;1,1581;1,1565;0,10577;0,10571;0,6923;0,692
15/08/2016 09:45;1,1573;1,1562;0,10572;0,10567;0,6923;0,692
15/08/2016 10:00;1,1578;1,1568;0,10572;0,1057;0,6922;0,6919
15/08/2016 10:15;1,1573;1,1562;0,10577;0,10572;0,6925;0,6922
15/08/2016 10:30;1,1571;1,1564;0,1058;0,10574;0,6928;0,6922
15/08/2016 10:45;1,1573;1,1562;0,1058;0,10577;0,6928;0,6925
15/08/2016 11:00;1,1567;1,1558;0,10581;0,10577;0,6926;0,6922
15/08/2016 11:15;1,1565;1,1556;0,10578;0,10573;0,6924;0,6919
15/08/2016 11:30;1,1565;1,1557;0,10576;0,10575;0,692;0,6918
15/08/2016 11:45;1,1566;1,1554;0,10576;0,10574;0,6919;0,6917
15/08/2016 12:00;1,1571;1,156;0,10583;0,10575;0,6919;0,6917
15/08/2016 12:15;1,157;1,1563;0,10582;0,1058;0,6921;0,6919
15/08/2016 12:30;1,1565;1,1557;0,10582;0,10576;0,6929;0,6919
15/08/2016 12:45;1,1567;1,1559;0,10579;0,10574;0,6929;0,6927
15/08/2016 13:00;1,1568;1,1553;0,10578;0,10575;0,693;0,6924
15/08/2016 13:15;1,1553;1,1542;0,10577;0,10575;0,6927;0,6923
15/08/2016 13:30;1,1549;1,1543;0,10578;0,10573;0,6926;0,6921
15/08/2016 13:45;1,1546;1,153;0,10576;0,10575;0,6922;0,6916
15/08/2016 14:00;1,1538;1,1529;0,10576;0,1057;0,6922;0,6915
15/08/2016 14:15;1,1539;1,1524;0,10575;0,1057;0,6923;0,6918
15/08/2016 14:30;1,1528;1,1515;0,10576;0,10567;0,692;0,6914
15/08/2016 14:45;1,1525;1,1515;0,10569;0,10557;0,6921;0,6917
15/08/2016 15:00;1,1527;1,1517;0,10559;0,10553;0,6923;0,6918
15/08/2016 15:15;1,152;1,1513;0,10559;0,10549;0,692;0,6916
15/08/2016 15:30;1,1518;1,1508;0,10566;0,10552;0,6921;0,6913
15/08/2016 15:45;1,1512;1,1499;0,10564;0,10558;0,6917;0,6912
15/08/2016 16:00;1,1511;1,1502;0,10561;0,10558;0,6917;0,6912
15/08/2016 16:15;1,1512;1,1501;0,10564;0,10556;0,692;0,6916
15/08/2016 16:30;1,1506;1,1496;0,10575;0,10563;0,6921;0,6918
15/08/2016 16:45;1,1501;1,1491;0,10578;0,1057;0,6919;0,6914
15/08/2016 17:00;1,151;1,1497;0,1057;0,10559;0,6919;0,6912
15/08/2016 17:15;1,1509;1,1497;0,10566;0,1056;0,6916;0,6911
15/08/2016 17:30;1,1501;1,1495;0,10566;0,10561;0,6915;0,6912
15/08/2016 17:45;1,15;1,149;0,10562;0,10558;0,6913;0,6909
15/08/2016 18:00;1,1501;1,1493;0,10561;0,10558;0,6916;0,691
15/08/2016 18:15;1,1505;1,1501;0,10559;0,10556;0,6918;0,6915
15/08/2016 18:30;1,1509;1,1502;0,10557;0,10556;0,6919;0,6915
15/08/2016 18:45;1,1515;1,1506;0,10563;0,10556;0,6923;0,6919
15/08/2016 19:00;1,1516;1,1511;0,10563;0,10563;0,6923;0,692
15/08/2016 19:15;1,1517;1,1512;0,10565;0,10563;0,6922;0,692
15/08/2016 19:30;1,1516;1,1511;0,10566;0,10565;0,6922;0,692
15/08/2016 19:45;1,1517;1,1514;0,10565;0,10565;0,6922;0,6921
15/08/2016 20:00;1,1519;1,1515;0,10567;0,10565;0,6924;0,6922
15/08/2016 20:15;1,152;1,1515;0,10567;0,10565;0,6925;0,6923
15/08/2016 20:30;1,1516;1,151;0,10566;0,10565;0,6925;0,6924
15/08/2016 20:45;1,1514;1,151;0,10567;0,10565;0,6925;0,6923
15/08/2016 21:00;1,1515;1,1512;0,10567;0,10566;0,6925;0,6922
15/08/2016 21:15;1,1518;1,1514;0,10567;0,10567;0,6923;0,6921
15/08/2016 21:30;1,1517;1,1513;0,10568;0,10567;0,6923;0,6922
15/08/2016 21:45;1,1516;1,1511;0,10569;0,10567;0,6923;0,692
15/08/2016 22:00;1,1515;1,1511;0,10571;0,10567;0,6921;0,692
15/08/2016 22:15;1,1516;1,1514;0,1057;0,10567;0,6922;0,6919
15/08/2016 22:30;1,1521;1,1516;0,10573;0,10569;0,6922;0,6919
15/08/2016 22:45;1,1524;1,1515;0,10575;0,10569;0,6922;0,6918
15/08/2016 23:00;1,1519;1,1515;0,10575;0,10572;0,692;0,6916
15/08/2016 23:15;1,1518;1,1514;0,10573;0,1057;0,6916;0,6915
15/08/2016 23:30;1,1519;1,1517;0,10571;0,10569;0,6916;0,6915
15/08/2016 23:45;1,1519;1,1516;0,1057;0,10568;0,6917;0,6915
16/08/2016;1,1519;1,1517;0,1057;0,10568;0,6918;0,6917
16/08/2016 00:15;1,152;1,1518;0,1057;0,10569;0,6918;0,6917
16/08/2016 00:30;1,1525;1,1519;0,10571;0,10569;0,6918;0,6917
16/08/2016 00:45;1,1525;1,1521;0,10571;0,1057;0,6918;0,6918
16/08/2016 01:00;1,1527;1,1522;0,10572;0,10571;0,6919;0,6917
16/08/2016 01:15;1,1527;1,1523;0,10572;0,10571;0,692;0,6919
16/08/2016 01:30;1,1523;1,1519;0,10572;0,1057;0,692;0,6919
16/08/2016 01:45;1,1523;1,1518;0,10572;0,10571;0,6919;0,6917
16/08/2016 02:00;1,1521;1,1517;0,10572;0,10571;0,6922;0,6917
16/08/2016 02:15;1,1523;1,152;0,10572;0,10571;0,6921;0,692
16/08/2016 02:30;1,1526;1,1522;0,10573;0,10572;0,6921;0,6918
16/08/2016 02:45;1,153;1,1524;0,10573;0,10572;0,6919;0,6918
16/08/2016 03:00;1,1528;1,1523;0,10573;0,10572;0,6918;0,6917
16/08/2016 03:15;1,1525;1,1522;0,10573;0,10572;0,6918;0,6917
16/08/2016 03:30;1,1523;1,1522;0,10573;0,10573;0,6918;0,6917
16/08/2016 03:45;1,1523;1,1519;0,10574;0,10571;0,6919;0,6916
16/08/2016 04:00;1,1521;1,1519;0,10573;0,10571;0,6916;0,6915
16/08/2016 04:15;1,1523;1,1519;0,10576;0,10573;0,6917;0,6916
16/08/2016 04:30;1,1526;1,152;0,10575;0,10573;0,6919;0,6916
16/08/2016 04:45;1,153;1,1524;0,10575;0,10574;0,6917;0,6916
16/08/2016 05:00;1,1527;1,1523;0,10575;0,10574;0,6917;0,6916
16/08/2016 05:15;1,153;1,1521;0,10576;0,10575;0,6917;0,6914
16/08/2016 05:30;1,153;1,1521;0,10576;0,10575;0,6916;0,6914
16/08/2016 05:45;1,1528;1,1526;0,10576;0,10575;0,6917;0,6915
16/08/2016 06:00;1,153;1,1527;0,10576;0,10575;0,6917;0,6916
16/08/2016 06:15;1,1529;1,1526;0,10575;0,10575;0,6918;0,6916
16/08/2016 06:30;1,153;1,1524;0,10575;0,10574;0,6917;0,6916
16/08/2016 06:45;1,1526;1,1521;0,10574;0,10574;0,6916;0,6914
16/08/2016 07:00;1,1522;1,1513;0,10575;0,10574;0,6915;0,6911
16/08/2016 07:15;1,152;1,1514;0,10575;0,1057;0,6913;0,691
16/08/2016 07:30;1,1527;1,1516;0,10572;0,10569;0,691;0,6908
16/08/2016 07:45;1,1526;1,1516;0,1057;0,10566;0,691;0,6906
16/08/2016 08:00;1,1524;1,151;0,10568;0,10561;0,6908;0,6905
16/08/2016 08:15;1,1511;1,1501;0,10569;0,10561;0,6909;0,6907
16/08/2016 08:30;1,1505;1,1486;0,10569;0,10553;0,6907;0,6892
16/08/2016 08:45;1,1489;1,1469;0,10555;0,10552;0,6899;0,6892
16/08/2016 09:00;1,1482;1,1468;0,10555;0,10549;0,6894;0,689
16/08/2016 09:15;1,1482;1,147;0,10554;0,10549;0,6898;0,6892
16/08/2016 09:30;1,1491;1,1461;0,10556;0,10546;0,69;0,6892
16/08/2016 09:45;1,149;1,1469;0,10549;0,10545;0,6896;0,6891
16/08/2016 10:00;1,1482;1,1471;0,10558;0,10547;0,6895;0,689
16/08/2016 10:15;1,149;1,1476;0,10558;0,10555;0,6895;0,6891
16/08/2016 10:30;1,1535;1,1479;0,10559;0,10556;0,6893;0,6888
16/08/2016 10:45;1,1531;1,1513;0,10558;0,10552;0,6894;0,6891
16/08/2016 11:00;1,1523;1,1513;0,10572;0,10556;0,6898;0,6894
16/08/2016 11:15;1,1524;1,1511;0,10573;0,10569;0,6901;0,6897
16/08/2016 11:30;1,1527;1,1514;0,10574;0,10568;0,6901;0,6897
16/08/2016 11:45;1,1528;1,1517;0,10586;0,10568;0,6914;0,69
16/08/2016 12:00;1,1527;1,1513;0,10586;0,10577;0,6917;0,6914
16/08/2016 12:15;1,152;1,151;0,10582;0,10577;0,6918;0,6914
16/08/2016 12:30;1,1517;1,1502;0,10579;0,10578;0,6921;0,6915
16/08/2016 12:45;1,151;1,1499;0,1058;0,10575;0,692;0,6914
16/08/2016 13:00;1,1517;1,1499;0,10577;0,10574;0,6915;0,6907
16/08/2016 13:15;1,1506;1,1495;0,10578;0,10573;0,691;0,6905
16/08/2016 13:30;1,1505;1,1489;0,10584;0,10578;0,6909;0,6904
16/08/2016 13:45;1,1493;1,1475;0,10587;0,1058;0,691;0,6906
16/08/2016 14:00;1,1487;1,1477;0,10579;0,10575;0,6909;0,6903
16/08/2016 14:15;1,1495;1,1485;0,10587;0,10579;0,691;0,6905
16/08/2016 14:30;1,1497;1,148;0,10585;0,10569;0,691;0,69
16/08/2016 14:45;1,15;1,1487;0,10578;0,10566;0,6912;0,6905
16/08/2016 15:00;1,151;1,1493;0,10573;0,10568;0,6912;0,6907
16/08/2016 15:15;1,152;1,1508;0,1057;0,10564;0,6913;0,6907
16/08/2016 15:30;1,1529;1,1514;0,10564;0,10552;0,6908;0,6901
16/08/2016 15:45;1,152;1,1512;0,10557;0,10553;0,6902;0,6895
16/08/2016 16:00;1,1528;1,1511;0,10563;0,10555;0,6906;0,6901
16/08/2016 16:15;1,1521;1,1513;0,10562;0,10552;0,6906;0,6899
16/08/2016 16:30;1,1523;1,1512;0,10552;0,10547;0,6898;0,689
16/08/2016 16:45;1,1519;1,1507;0,1055;0,10544;0,6899;0,6892
16/08/2016 17:00;1,1526;1,1513;0,10547;0,10544;0,6897;0,6887
16/08/2016 17:15;1,1531;1,1519;0,10546;0,10544;0,6896;0,6891
16/08/2016 17:30;1,1546;1,1521;0,10546;0,10544;0,6894;0,6889
16/08/2016 17:45;1,1553;1,1538;0,10545;0,10543;0,6896;0,689
16/08/2016 18:00;1,1553;1,1541;0,10544;0,10542;0,6896;0,6893
16/08/2016 18:15;1,1552;1,1547;0,10542;0,10541;0,6897;0,6895
16/08/2016 18:30;1,1571;1,1543;0,10541;0,10538;0,6902;0,6896
16/08/2016 18:45;1,1569;1,1564;0,10539;0,10538;0,6906;0,6902
16/08/2016 19:00;1,157;1,1559;0,10545;0,10538;0,6906;0,6901
16/08/2016 19:15;1,1573;1,1559;0,1054;0,10539;0,6907;0,6902
16/08/2016 19:30;1,1571;1,1562;0,1054;0,10539;0,6904;0,6897
16/08/2016 19:45;1,157;1,1561;0,10541;0,10539;0,6902;0,6897
16/08/2016 20:00;1,157;1,1565;0,1054;0,10539;0,6903;0,69
16/08/2016 20:15;1,157;1,1564;0,1054;0,1054;0,6905;0,6901
16/08/2016 20:30;1,1566;1,1563;0,1054;0,10539;0,6906;0,6904
16/08/2016 20:45;1,1564;1,156;0,10541;0,1054;0,6906;0,6904
16/08/2016 21:00;1,1567;1,1561;0,10542;0,10539;0,6905;0,6901
16/08/2016 21:15;1,1563;1,1559;0,10539;0,10538;0,6902;0,6898
16/08/2016 21:30;1,1564;1,1559;0,10538;0,10538;0,69;0,6898
16/08/2016 21:45;1,1562;1,1559;0,10538;0,10535;0,69;0,6899
16/08/2016 22:00;1,1568;1,1561;0,10537;0,10534;0,6901;0,6898
16/08/2016 22:15;1,1564;1,1561;0,10538;0,10535;0,69;0,6898
16/08/2016 22:30;1,1564;1,1561;0,10537;0,10536;0,69;0,6896
16/08/2016 22:45;1,1569;1,1564;0,10538;0,10536;0,6898;0,6893
16/08/2016 23:00;1,1573;1,1559;0,10553;0,10535;0,6895;0,6893
16/08/2016 23:15;1,1568;1,1565;0,10552;0,1055;0,6897;0,6894
16/08/2016 23:30;1,1568;1,1565;0,10553;0,1055;0,6899;0,6896
16/08/2016 23:45;1,1569;1,1566;0,10553;0,10549;0,6899;0,6897
17/08/2016;1,1568;1,1566;0,10553;0,1054;0,6898;0,6896
17/08/2016 00:15;1,157;1,1566;0,1054;0,10539;0,6896;0,6894
17/08/2016 00:30;1,1587;1,1567;0,1054;0,10538;0,6899;0,6895
17/08/2016 00:45;1,1587;1,1563;0,1054;0,10538;0,69;0,6895
17/08/2016 01:00;1,1567;1,1557;0,1054;0,10539;0,6897;0,6895
17/08/2016 01:15;1,156;1,1553;0,1054;0,10539;0,6896;0,6895
17/08/2016 01:30;1,1565;1,1554;0,1054;0,10539;0,6896;0,6894
17/08/2016 01:45;1,156;1,1554;0,1054;0,10539;0,6895;0,6893
17/08/2016 02:00;1,1561;1,1554;0,1054;0,10539;0,6894;0,6892
17/08/2016 02:15;1,1559;1,1553;0,10539;0,10538;0,6896;0,6891
17/08/2016 02:30;1,1562;1,1554;0,10539;0,10537;0,6892;0,689
17/08/2016 02:45;1,1569;1,1558;0,10537;0,10537;0,6892;0,6889
17/08/2016 03:00;1,1567;1,1561;0,10537;0,10535;0,6891;0,6887
17/08/2016 03:15;1,157;1,1561;0,10536;0,10534;0,6891;0,6888
17/08/2016 03:30;1,1573;1,1566;0,10535;0,10535;0,6891;0,6889
17/08/2016 03:45;1,1573;1,1564;0,10535;0,10535;0,6892;0,6891
17/08/2016 04:00;1,1569;1,1562;0,10536;0,10535;0,6895;0,6891
17/08/2016 04:15;1,1569;1,156;0,10536;0,10535;0,6896;0,6893
17/08/2016 04:30;1,1563;1,156;0,10535;0,10535;0,6896;0,6895
17/08/2016 04:45;1,1563;1,1559;0,10535;0,10535;0,6896;0,6894
17/08/2016 05:00;1,1563;1,1559;0,10535;0,10535;0,6895;0,6892
17/08/2016 05:15;1,1564;1,1559;0,10535;0,10535;0,6893;0,6892
17/08/2016 05:30;1,1567;1,1562;0,10536;0,10535;0,6893;0,6891
17/08/2016 05:45;1,1563;1,1561;0,10536;0,10535;0,6894;0,6892
17/08/2016 06:00;1,1563;1,156;0,10536;0,10535;0,6894;0,6891
17/08/2016 06:15;1,1562;1,156;0,10536;0,10535;0,6893;0,6892
17/08/2016 06:30;1,1564;1,1561;0,10536;0,10535;0,6893;0,6892
17/08/2016 06:45;1,1566;1,1558;0,10535;0,10535;0,6894;0,6891
17/08/2016 07:00;1,1578;1,156;0,10536;0,10535;0,6896;0,6892
17/08/2016 07:15;1,1572;1,1568;0,10535;0,10534;0,6895;0,6893
17/08/2016 07:30;1,1577;1,1572;0,10541;0,10535;0,6897;0,6895
17/08/2016 07:45;1,1576;1,157;0,10539;0,10539;0,6896;0,6894
17/08/2016 08:00;1,1583;1,1572;0,10543;0,10539;0,6897;0,6894
17/08/2016 08:15;1,1583;1,1577;0,10544;0,10542;0,6897;0,6894
17/08/2016 08:30;1,158;1,1568;0,10547;0,10539;0,6896;0,6893
17/08/2016 08:45;1,1573;1,1562;0,10545;0,10542;0,6896;0,6892
17/08/2016 09:00;1,1567;1,1555;0,10548;0,10542;0,6898;0,6894
17/08/2016 09:15;1,1562;1,1554;0,10557;0,10538;0,6896;0,6893
17/08/2016 09:30;1,1567;1,1558;0,10555;0,10541;0,6899;0,6897
17/08/2016 09:45;1,1562;1,1546;0,10547;0,10537;0,6898;0,6893
17/08/2016 10:00;1,1553;1,1543;0,1054;0,10534;0,6894;0,6891
17/08/2016 10:15;1,1568;1,1551;0,10542;0,10538;0,6892;0,689
17/08/2016 10:30;1,1589;1,1548;0,10541;0,10539;0,6892;0,6888
17/08/2016 10:45;1,1567;1,1551;0,10541;0,10537;0,6889;0,6885
17/08/2016 11:00;1,1558;1,1548;0,10541;0,10533;0,6885;0,6878
17/08/2016 11:15;1,1566;1,155;0,10542;0,10534;0,6881;0,6878
17/08/2016 11:30;1,1572;1,1554;0,1054;0,10534;0,6883;0,6878
17/08/2016 11:45;1,1575;1,1566;0,10539;0,10537;0,6882;0,688
17/08/2016 12:00;1,1574;1,1561;0,1054;0,10536;0,6882;0,6878
17/08/2016 12:15;1,1564;1,1553;0,1054;0,10535;0,688;0,6876
17/08/2016 12:30;1,156;1,1549;0,1054;0,10537;0,6879;0,6874
17/08/2016 12:45;1,1553;1,1535;0,10542;0,10537;0,6883;0,6877
17/08/2016 13:00;1,1545;1,1536;0,10542;0,10537;0,6886;0,6882
17/08/2016 13:15;1,1541;1,1532;0,10545;0,10541;0,6887;0,6884
17/08/2016 13:30;1,1542;1,153;0,10546;0,10542;0,6891;0,6887
17/08/2016 13:45;1,1549;1,1535;0,10541;0,10534;0,689;0,6887
17/08/2016 14:00;1,1543;1,1538;0,10536;0,10532;0,6888;0,6883
17/08/2016 14:15;1,1545;1,1541;0,10532;0,10529;0,6889;0,6883
17/08/2016 14:30;1,1552;1,1543;0,10536;0,10529;0,6892;0,6886
17/08/2016 14:45;1,1556;1,1548;0,10533;0,10529;0,6892;0,6886
17/08/2016 15:00;1,1558;1,1549;0,10538;0,10533;0,689;0,6885
17/08/2016 15:15;1,1556;1,1547;0,10537;0,10531;0,689;0,6886
17/08/2016 15:30;1,1552;1,1537;0,10533;0,10525;0,6887;0,6881
17/08/2016 15:45;1,1544;1,1535;0,10528;0,10526;0,6886;0,688
17/08/2016 16:00;1,1546;1,1539;0,10529;0,10527;0,6885;0,6879
17/08/2016 16:15;1,1552;1,1544;0,10527;0,10517;0,6883;0,6878
17/08/2016 16:30;1,1553;1,1541;0,10526;0,10519;0,6891;0,6884
17/08/2016 16:45;1,1545;1,1536;0,10534;0,10523;0,6897;0,6884
17/08/2016 17:00;1,1542;1,1534;0,10535;0,10527;0,69;0,6894
17/08/2016 17:15;1,1544;1,1536;0,10529;0,10526;0,6895;0,6889
17/08/2016 17:30;1,1549;1,1538;0,10529;0,10521;0,6892;0,6888
17/08/2016 17:45;1,1557;1,1547;0,10524;0,10519;0,6894;0,6889
17/08/2016 18:00;1,1554;1,1541;0,10522;0,10518;0,6892;0,6885
17/08/2016 18:15;1,1548;1,154;0,10522;0,10519;0,6891;0,6888
17/08/2016 18:30;1,1545;1,1538;0,1052;0,10519;0,6888;0,6885
17/08/2016 18:45;1,1546;1,1538;0,10521;0,10517;0,6891;0,6887
17/08/2016 19:00;1,1546;1,1541;0,1052;0,10517;0,6892;0,6889
17/08/2016 19:15;1,1548;1,1542;0,1052;0,10519;0,6893;0,689
17/08/2016 19:30;1,1554;1,1545;0,10521;0,10519;0,6899;0,6894
17/08/2016 19:45;1,1553;1,1544;0,10521;0,10519;0,6899;0,6894
17/08/2016 20:00;1,1564;1,154;0,10525;0,10518;0,6895;0,6886
17/08/2016 20:15;1,1567;1,1556;0,10525;0,10518;0,6893;0,6885
17/08/2016 20:30;1,1567;1,1558;0,1052;0,10515;0,6892;0,6889
17/08/2016 20:45;1,1566;1,1552;0,10517;0,10516;0,6895;0,689
17/08/2016 21:00;1,1556;1,1551;0,10517;0,10514;0,6895;0,6893
17/08/2016 21:15;1,1564;1,1552;0,10517;0,10514;0,6895;0,6893
17/08/2016 21:30;1,1563;1,1553;0,10517;0,10515;0,6894;0,6891
17/08/2016 21:45;1,1558;1,1551;0,10516;0,10515;0,6895;0,6892
17/08/2016 22:00;1,1554;1,1551;0,10515;0,10512;0,6895;0,6892
17/08/2016 22:15;1,1555;1,1551;0,10513;0,10513;0,6895;0,6892
17/08/2016 22:30;1,1554;1,155;0,10513;0,10512;0,6893;0,6891
17/08/2016 22:45;1,1552;1,1547;0,10521;0,10513;0,6896;0,6891
17/08/2016 23:00;1,1555;1,155;0,10521;0,10515;0,6898;0,6893
17/08/2016 23:15;1,1555;1,1552;0,10521;0,10515;0,6894;0,6892
17/08/2016 23:30;1,1556;1,1551;0,10522;0,10521;0,6895;0,6891
17/08/2016 23:45;1,1556;1,1553;0,10522;0,10521;0,6893;0,6891
18/08/2016;1,1554;1,1549;0,10521;0,10521;0,6894;0,689
18/08/2016 00:15;1,1556;1,1551;0,10521;0,10521;0,6895;0,6892
18/08/2016 00:30;1,1556;1,1551;0,10521;0,10521;0,6895;0,6893
18/08/2016 00:45;1,1554;1,1546;0,10521;0,1052;0,6895;0,6892
18/08/2016 01:00;1,1552;1,1548;0,10521;0,1052;0,6894;0,6892
18/08/2016 01:15;1,1549;1,1543;0,10521;0,1052;0,6894;0,6891
18/08/2016 01:30;1,1547;1,1541;0,10521;0,1052;0,6892;0,6889
18/08/2016 01:45;1,1546;1,154;0,10521;0,1052;0,6891;0,6888
18/08/2016 02:00;1,1553;1,1542;0,10522;0,10519;0,6894;0,689
18/08/2016 02:15;1,1555;1,1543;0,10521;0,1052;0,6892;0,6884
18/08/2016 02:30;1,1553;1,1547;0,1052;0,1052;0,6887;0,6883
18/08/2016 02:45;1,1552;1,1545;0,10521;0,1052;0,6887;0,6883
18/08/2016 03:00;1,156;1,1549;0,10521;0,10521;0,689;0,6886
18/08/2016 03:15;1,1565;1,1558;0,10522;0,1052;0,6891;0,6889
18/08/2016 03:30;1,1567;1,1556;0,10521;0,1052;0,6892;0,689
18/08/2016 03:45;1,1565;1,1551;0,10521;0,1052;0,6892;0,6889
18/08/2016 04:00;1,1555;1,155;0,10522;0,1052;0,6893;0,689
18/08/2016 04:15;1,1556;1,155;0,10522;0,10521;0,6893;0,6891
18/08/2016 04:30;1,1553;1,1546;0,10521;0,1052;0,6894;0,6891
18/08/2016 04:45;1,1552;1,1545;0,10523;0,1052;0,6896;0,6893
18/08/2016 05:00;1,1552;1,1543;0,10523;0,10522;0,6896;0,6895
18/08/2016 05:15;1,1547;1,1542;0,10522;0,10522;0,6895;0,6892
18/08/2016 05:30;1,1542;1,1539;0,10522;0,10521;0,6893;0,6892
18/08/2016 05:45;1,1543;1,1539;0,10522;0,10522;0,6893;0,6891
18/08/2016 06:00;1,1543;1,1539;0,10522;0,10522;0,6892;0,6891
18/08/2016 06:15;1,1546;1,1539;0,10522;0,10521;0,6894;0,6891
18/08/2016 06:30;1,1545;1,1541;0,10522;0,10521;0,6894;0,6892
18/08/2016 06:45;1,1548;1,1541;0,10522;0,10521;0,6894;0,6893
18/08/2016 07:00;1,1547;1,1542;0,10523;0,10522;0,6895;0,6894
18/08/2016 07:15;1,1546;1,1542;0,10523;0,10522;0,6896;0,6894
18/08/2016 07:30;1,1547;1,1542;0,10522;0,1052;0,6894;0,6891
18/08/2016 07:45;1,1546;1,1542;0,10522;0,1052;0,6894;0,6892
18/08/2016 08:00;1,1546;1,1537;0,10527;0,10522;0,6895;0,6892
18/08/2016 08:15;1,1551;1,1544;0,10529;0,10525;0,6897;0,6895
18/08/2016 08:30;1,1556;1,1546;0,10531;0,10523;0,6898;0,6896
18/08/2016 08:45;1,1549;1,1537;0,10539;0,1053;0,6899;0,6895
18/08/2016 09:00;1,1543;1,153;0,1055;0,10537;0,6897;0,6894
18/08/2016 09:15;1,1543;1,1534;0,10551;0,10545;0,6899;0,6896
18/08/2016 09:30;1,1549;1,1538;0,10548;0,10544;0,6898;0,6897
18/08/2016 09:45;1,1551;1,1542;0,10547;0,10543;0,6899;0,6896
18/08/2016 10:00;1,155;1,1536;0,10546;0,1054;0,6899;0,6895
18/08/2016 10:15;1,1564;1,1543;0,10543;0,10536;0,6899;0,6894
18/08/2016 10:30;1,1621;1,1558;0,10543;0,10536;0,6898;0,6893
18/08/2016 10:45;1,1629;1,1611;0,10551;0,10542;0,6897;0,6893
18/08/2016 11:00;1,1637;1,1617;0,10562;0,10551;0,6898;0,6894
18/08/2016 11:15;1,1638;1,1629;0,10559;0,10554;0,6901;0,6898
18/08/2016 11:30;1,1637;1,1629;0,1056;0,10556;0,6901;0,6898
18/08/2016 11:45;1,164;1,163;0,1056;0,10558;0,69;0,6896
18/08/2016 12:00;1,1635;1,1625;0,10558;0,10555;0,6896;0,6893
18/08/2016 12:15;1,1626;1,1618;0,10556;0,10552;0,6894;0,689
18/08/2016 12:30;1,1627;1,1618;0,10555;0,10552;0,6892;0,6889
18/08/2016 12:45;1,1625;1,1617;0,10557;0,10553;0,6891;0,6889
18/08/2016 13:00;1,1623;1,1614;0,10556;0,10554;0,689;0,6883
18/08/2016 13:15;1,162;1,1609;0,10564;0,10556;0,6887;0,6884
18/08/2016 13:30;1,1614;1,1599;0,10561;0,10555;0,6884;0,6881
18/08/2016 13:45;1,1617;1,1602;0,10558;0,10554;0,6888;0,6884
18/08/2016 14:00;1,162;1,1611;0,10555;0,1055;0,6887;0,6882
18/08/2016 14:15;1,1627;1,1616;0,10553;0,10546;0,6891;0,6884
18/08/2016 14:30;1,1628;1,1619;0,10553;0,10546;0,6894;0,6887
18/08/2016 14:45;1,1626;1,1617;0,10553;0,10547;0,6893;0,689
18/08/2016 15:00;1,1623;1,1609;0,10559;0,10552;0,6894;0,6892
18/08/2016 15:15;1,1621;1,1612;0,10558;0,10553;0,6898;0,6894
18/08/2016 15:30;1,1621;1,1607;0,10562;0,10555;0,6901;0,6894
18/08/2016 15:45;1,1611;1,1602;0,10564;0,10555;0,69;0,6894
18/08/2016 16:00;1,1614;1,1604;0,10564;0,10553;0,6903;0,6898
18/08/2016 16:15;1,1616;1,1607;0,10557;0,10551;0,691;0,6901
18/08/2016 16:30;1,1615;1,1605;0,10556;0,10544;0,6913;0,6902
18/08/2016 16:45;1,1623;1,1602;0,10555;0,10546;0,6913;0,6902
18/08/2016 17:00;1,1623;1,161;0,10549;0,10544;0,6911;0,6906
18/08/2016 17:15;1,1615;1,1607;0,10553;0,10547;0,6912;0,6907
18/08/2016 17:30;1,161;1,1602;0,10557;0,10553;0,6909;0,6905
18/08/2016 17:45;1,1606;1,1598;0,10556;0,10555;0,6906;0,6904
18/08/2016 18:00;1,1601;1,1594;0,10556;0,10554;0,6908;0,6904
18/08/2016 18:15;1,1599;1,1591;0,10556;0,10555;0,6904;0,6902
18/08/2016 18:30;1,1604;1,1591;0,10556;0,10555;0,6905;0,6904
18/08/2016 18:45;1,1606;1,1595;0,10559;0,10556;0,6906;0,6903
18/08/2016 19:00;1,16;1,1592;0,1056;0,10557;0,6905;0,6902
18/08/2016 19:15;1,1598;1,1592;0,1056;0,10559;0,6906;0,6901
18/08/2016 19:30;1,1596;1,1589;0,10561;0,1056;0,6903;0,6901
18/08/2016 19:45;1,159;1,1581;0,10561;0,10558;0,6903;0,69
18/08/2016 20:00;1,1588;1,158;0,1056;0,10554;0,6902;0,6897
18/08/2016 20:15;1,1587;1,1583;0,10558;0,10554;0,69;0,6896
18/08/2016 20:30;1,1588;1,1583;0,10557;0,10551;0,6897;0,6895
18/08/2016 20:45;1,1588;1,1579;0,10554;0,10551;0,6898;0,6895
18/08/2016 21:00;1,1591;1,1579;0,10556;0,10552;0,6898;0,6896
18/08/2016 21:15;1,1594;1,1589;0,10557;0,10554;0,6899;0,6897
18/08/2016 21:30;1,1595;1,1588;0,10557;0,10554;0,6898;0,6891
18/08/2016 21:45;1,1589;1,1584;0,10555;0,10553;0,6894;0,689
18/08/2016 22:00;1,1595;1,1584;0,10556;0,10552;0,6895;0,6892
18/08/2016 22:15;1,16;1,1591;0,10555;0,10551;0,6896;0,6893
18/08/2016 22:30;1,16;1,1596;0,10554;0,10552;0,6893;0,6892
18/08/2016 22:45;1,1601;1,1593;0,10555;0,10552;0,6894;0,689
18/08/2016 23:00;1,1614;1,1593;0,10555;0,10552;0,6895;0,689
18/08/2016 23:15;1,16;1,1594;0,10554;0,10553;0,6896;0,6892
18/08/2016 23:30;1,16;1,1597;0,10554;0,10553;0,6896;0,6896
18/08/2016 23:45;1,16;1,1593;0,10554;0,10552;0,6897;0,6894
19/08/2016;1,1608;1,1593;0,10554;0,10553;0,6895;0,6891
19/08/2016 00:15;1,1603;1,1595;0,10554;0,10554;0,6894;0,6893
19/08/2016 00:30;1,16;1,1595;0,10555;0,10554;0,6895;0,6893
19/08/2016 00:45;1,1601;1,1596;0,10555;0,10554;0,6898;0,6895
19/08/2016 01:00;1,1601;1,1597;0,10555;0,10554;0,6898;0,6895
19/08/2016 01:15;1,16;1,1596;0,10555;0,10554;0,6895;0,6894
19/08/2016 01:30;1,1601;1,1598;0,10555;0,10554;0,6898;0,6895
19/08/2016 01:45;1,16;1,1598;0,10555;0,10554;0,6897;0,6897
19/08/2016 02:00;1,16;1,1595;0,10555;0,10553;0,6897;0,6893
19/08/2016 02:15;1,1598;1,1592;0,10555;0,10554;0,6895;0,6893
19/08/2016 02:30;1,1596;1,1592;0,10555;0,10554;0,6895;0,6893
19/08/2016 02:45;1,1595;1,1591;0,10554;0,10554;0,6896;0,6894
19/08/2016 03:00;1,1595;1,1588;0,10555;0,10554;0,6896;0,6893
19/08/2016 03:15;1,1591;1,1588;0,10555;0,10554;0,6894;0,6893
19/08/2016 03:30;1,159;1,1583;0,10555;0,10553;0,6893;0,689
19/08/2016 03:45;1,1589;1,1584;0,10554;0,10552;0,6891;0,6888
19/08/2016 04:00;1,1588;1,1581;0,10553;0,1055;0,6889;0,6888
19/08/2016 04:15;1,1588;1,1579;0,1055;0,10548;0,689;0,6888
19/08/2016 04:30;1,1593;1,1586;0,10549;0,10548;0,6889;0,6888
19/08/2016 04:45;1,1595;1,1587;0,10549;0,10548;0,689;0,6887
19/08/2016 05:00;1,1598;1,1591;0,10549;0,10548;0,6892;0,689
19/08/2016 05:15;1,1598;1,1591;0,10549;0,10548;0,6891;0,6889
19/08/2016 05:30;1,1594;1,1591;0,10549;0,10549;0,689;0,6889
19/08/2016 05:45;1,1594;1,1591;0,10549;0,10548;0,6892;0,689
19/08/2016 06:00;1,1596;1,1593;0,10549;0,10548;0,689;0,6889
19/08/2016 06:15;1,1597;1,1593;0,10551;0,10549;0,6891;0,6889
19/08/2016 06:30;1,1595;1,1593;0,10551;0,10549;0,6892;0,6891
19/08/2016 06:45;1,1596;1,1593;0,10549;0,10549;0,6891;0,689
19/08/2016 07:00;1,1594;1,1592;0,10549;0,10548;0,6893;0,6891
19/08/2016 07:15;1,1593;1,159;0,1055;0,10549;0,6893;0,689
19/08/2016 07:30;1,1596;1,1589;0,10549;0,10548;0,6892;0,6889
19/08/2016 07:45;1,1597;1,1592;0,10553;0,10549;0,6892;0,689
19/08/2016 08:00;1,1597;1,1593;0,10555;0,10551;0,6893;0,6891
19/08/2016 08:15;1,1597;1,1589;0,10554;0,1055;0,6894;0,6892
19/08/2016 08:30;1,1597;1,1591;0,10551;0,10548;0,6895;0,6891
19/08/2016 08:45;1,1604;1,1591;0,10551;0,10548;0,6894;0,6886
19/08/2016 09:00;1,1594;1,1575;0,10555;0,10546;0,6887;0,6879
19/08/2016 09:15;1,1591;1,1575;0,1055;0,1054;0,6883;0,6879
19/08/2016 09:30;1,1593;1,1581;0,10554;0,10541;0,688;0,6878
19/08/2016 09:45;1,16;1,1584;0,10555;0,10549;0,6883;0,6877
19/08/2016 10:00;1,1595;1,1583;0,10556;0,1055;0,6881;0,6878
19/08/2016 10:15;1,1604;1,1593;0,10563;0,10556;0,6885;0,6882
19/08/2016 10:30;1,1604;1,1595;0,10566;0,10558;0,6888;0,6884
19/08/2016 10:45;1,1604;1,1596;0,10566;0,10556;0,6887;0,6883
19/08/2016 11:00;1,1601;1,1592;0,10561;0,10551;0,6887;0,6884
19/08/2016 11:15;1,1596;1,159;0,10562;0,10558;0,6888;0,6886
19/08/2016 11:30;1,16;1,1589;0,10564;0,10561;0,6891;0,6886
19/08/2016 11:45;1,1615;1,1594;0,10565;0,10554;0,6891;0,6889
19/08/2016 12:00;1,1615;1,1607;0,10563;0,1055;0,6892;0,6888
19/08/2016 12:15;1,1612;1,1601;0,10564;0,10554;0,6893;0,689
19/08/2016 12:30;1,1604;1,159;0,10554;0,10539;0,689;0,6888
19/08/2016 12:45;1,1592;1,1584;0,10545;0,10536;0,6888;0,6883
19/08/2016 13:00;1,1586;1,1579;0,10549;0,1054;0,6887;0,6883
19/08/2016 13:15;1,1587;1,1581;0,10544;0,1054;0,6887;0,6885
19/08/2016 13:30;1,1588;1,1584;0,10546;0,1054;0,6887;0,6884
19/08/2016 13:45;1,1591;1,1579;0,10544;0,10534;0,6887;0,6879
19/08/2016 14:00;1,158;1,1549;0,10538;0,10528;0,6884;0,6873
19/08/2016 14:15;1,1557;1,1537;0,10533;0,10524;0,6882;0,6873
19/08/2016 14:30;1,1556;1,1537;0,10526;0,10523;0,687;0,6855
19/08/2016 14:45;1,1562;1,1549;0,10528;0,10523;0,6867;0,6862
19/08/2016 15:00;1,156;1,1555;0,10529;0,10525;0,6875;0,6864
19/08/2016 15:15;1,1557;1,1508;0,10528;0,10524;0,6878;0,6872
19/08/2016 15:30;1,1523;1,1505;0,10524;0,10521;0,6873;0,686
19/08/2016 15:45;1,1525;1,1509;0,10524;0,10519;0,6862;0,6855
19/08/2016 16:00;1,1536;1,1517;0,10519;0,10516;0,6861;0,6856
19/08/2016 16:15;1,1541;1,153;0,10518;0,10515;0,6862;0,6857
19/08/2016 16:30;1,1544;1,1535;0,10522;0,10518;0,6862;0,6858
19/08/2016 16:45;1,1542;1,1527;0,10527;0,10518;0,6863;0,6856
19/08/2016 17:00;1,1543;1,1527;0,10534;0,10526;0,6862;0,6858
19/08/2016 17:15;1,1545;1,1536;0,10537;0,10533;0,6863;0,6859
19/08/2016 17:30;1,1545;1,1535;0,10542;0,10536;0,6864;0,6858
19/08/2016 17:45;1,1537;1,153;0,10544;0,10536;0,6859;0,6855
19/08/2016 18:00;1,1534;1,1527;0,10536;0,10533;0,686;0,6856
19/08/2016 18:15;1,153;1,1523;0,1054;0,10535;0,686;0,6858
19/08/2016 18:30;1,1532;1,1525;0,10536;0,10532;0,6861;0,6858
19/08/2016 18:45;1,154;1,1529;0,10533;0,10532;0,686;0,6857
19/08/2016 19:00;1,1543;1,1537;0,10534;0,10532;0,6858;0,6857
19/08/2016 19:15;1,1551;1,1541;0,10534;0,10533;0,686;0,6858
19/08/2016 19:30;1,1552;1,1547;0,10534;0,10533;0,6862;0,6857
19/08/2016 19:45;1,1551;1,1544;0,10535;0,10533;0,6863;0,6862
19/08/2016 20:00;1,1555;1,1545;0,10533;0,10532;0,6865;0,6862
19/08/2016 20:15;1,155;1,1545;0,10533;0,10532;0,6866;0,6863
19/08/2016 20:30;1,1552;1,1548;0,10533;0,10532;0,6866;0,6862
19/08/2016 20:45;1,1553;1,1548;0,10533;0,10532;0,6868;0,6865
19/08/2016 21:00;1,155;1,1548;0,10532;0,10531;0,6869;0,6867
19/08/2016 21:15;1,1551;1,1547;0,10529;0,10524;0,6868;0,6865
19/08/2016 21:30;1,1549;1,1546;0,1054;0,10524;0,6868;0,6865
19/08/2016 21:45;1,155;1,1546;0,10543;0,10536;0,6868;0,6865
19/08/2016 22:00;1,1556;1,1547;0,10535;0,10533;0,6868;0,6866
19/08/2016 22:15;1,1557;1,1553;0,10534;0,10532;0,6869;0,6867
19/08/2016 22:30;1,1554;1,155;0,10533;0,10526;0,6867;0,6865
19/08/2016 22:45;1,1554;1,1541;0,10536;0,10525;0,6866;0,686
21/08/2016 21:00;1,1555;1,1525;0,10538;0,10528;0,6869;0,6861
21/08/2016 21:15;1,1542;1,1524;0,1054;0,10528;0,6866;0,6864
21/08/2016 21:30;1,1533;1,1528;0,10534;0,10528;0,6869;0,6867
21/08/2016 21:45;1,1538;1,1531;0,10538;0,10526;0,6868;0,6861
21/08/2016 22:00;1,1538;1,1525;0,10535;0,10532;0,686;0,6848
21/08/2016 22:15;1,154;1,1532;0,10534;0,10533;0,6854;0,685
21/08/2016 22:30;1,1541;1,1539;0,10534;0,10533;0,6856;0,6851
21/08/2016 22:45;1,1548;1,1539;0,1054;0,10533;0,6857;0,6854
21/08/2016 23:00;1,1552;1,154;0,10539;0,10536;0,6858;0,6856
21/08/2016 23:15;1,1549;1,1542;0,10538;0,10536;0,6862;0,6857
21/08/2016 23:30;1,1551;1,1548;0,10539;0,10532;0,6863;0,6862
21/08/2016 23:45;1,1556;1,1547;0,10536;0,10534;0,6864;0,6861
22/08/2016;1,1554;1,1545;0,10536;0,10532;0,6862;0,6859
22/08/2016 00:15;1,1558;1,1551;0,10534;0,10529;0,6861;0,6858
22/08/2016 00:30;1,1558;1,1548;0,10532;0,10529;0,6863;0,6861
22/08/2016 00:45;1,1554;1,1547;0,10532;0,1053;0,6862;0,686
22/08/2016 01:00;1,156;1,1553;0,10532;0,10528;0,6864;0,6862
22/08/2016 01:15;1,1558;1,1551;0,10535;0,10528;0,6863;0,6862
22/08/2016 01:30;1,1555;1,1551;0,10533;0,10526;0,6865;0,6862
22/08/2016 01:45;1,1563;1,1552;0,10532;0,10527;0,6867;0,6863
22/08/2016 02:00;1,1565;1,1557;0,10531;0,1053;0,6867;0,6862
22/08/2016 02:15;1,1565;1,1556;0,1053;0,10528;0,6864;0,686
22/08/2016 02:30;1,1564;1,1557;0,10529;0,10526;0,6866;0,6862
22/08/2016 02:45;1,1563;1,1556;0,1053;0,10525;0,6867;0,6863
22/08/2016 03:00;1,1564;1,1556;0,10527;0,10526;0,6864;0,6862
22/08/2016 03:15;1,1565;1,1556;0,10527;0,10526;0,6865;0,6862
22/08/2016 03:30;1,1566;1,156;0,10527;0,10526;0,6863;0,6861
22/08/2016 03:45;1,1567;1,1561;0,10528;0,10526;0,6862;0,686
22/08/2016 04:00;1,1568;1,1565;0,10529;0,10528;0,6864;0,6861
22/08/2016 04:15;1,1567;1,1562;0,10528;0,10528;0,6862;0,686
22/08/2016 04:30;1,1565;1,1558;0,10528;0,10528;0,6861;0,6859
22/08/2016 04:45;1,1562;1,1558;0,10528;0,10528;0,6861;0,6859
22/08/2016 05:00;1,1564;1,156;0,10528;0,10528;0,6862;0,686
22/08/2016 05:15;1,1565;1,1562;0,10528;0,10527;0,6862;0,6861
22/08/2016 05:30;1,1567;1,1561;0,10538;0,10527;0,6866;0,6861
22/08/2016 05:45;1,1565;1,156;0,10536;0,10533;0,6865;0,6862
22/08/2016 06:00;1,1565;1,156;0,10533;0,10528;0,6863;0,6861
22/08/2016 06:15;1,1565;1,1561;0,1053;0,10529;0,6863;0,6862
22/08/2016 06:30;1,1563;1,156;0,10531;0,10529;0,6863;0,6861
22/08/2016 06:45;1,1563;1,1559;0,10531;0,10529;0,6862;0,6861
22/08/2016 07:00;1,1565;1,1561;0,1053;0,10529;0,6863;0,6861
22/08/2016 07:15;1,1565;1,1562;0,1053;0,10529;0,6863;0,6862
22/08/2016 07:30;1,1565;1,1561;0,10533;0,10529;0,6863;0,6861
22/08/2016 07:45;1,1571;1,1559;0,10532;0,1053;0,6863;0,686
22/08/2016 08:00;1,1571;1,1566;0,10533;0,10531;0,6863;0,686
22/08/2016 08:15;1,1573;1,1564;0,10532;0,10529;0,6861;0,6859
22/08/2016 08:30;1,1571;1,1565;0,1053;0,10527;0,6862;0,6859
22/08/2016 08:45;1,1572;1,1564;0,10527;0,10519;0,686;0,6856
22/08/2016 09:00;1,1572;1,1561;0,10525;0,10518;0,686;0,6857
22/08/2016 09:15;1,1582;1,1562;0,10537;0,10521;0,6864;0,6857
22/08/2016 09:30;1,1588;1,1574;0,10539;0,10531;0,6866;0,6863
22/08/2016 09:45;1,1597;1,158;0,10538;0,10528;0,6864;0,6862
22/08/2016 10:00;1,1605;1,159;0,10553;0,10537;0,6867;0,6862
22/08/2016 10:15;1,1594;1,1587;0,10557;0,10551;0,6862;0,6858
22/08/2016 10:30;1,1596;1,1583;0,10558;0,1055;0,6861;0,6858
22/08/2016 10:45;1,1614;1,1592;0,10555;0,10551;0,6862;0,6859
22/08/2016 11:00;1,1612;1,1599;0,10556;0,10551;0,6864;0,6858
22/08/2016 11:15;1,1607;1,1599;0,10555;0,10549;0,6863;0,6859
22/08/2016 11:30;1,1615;1,1602;0,10551;0,10548;0,686;0,6858
22/08/2016 11:45;1,1609;1,1598;0,10553;0,10549;0,6859;0,6855
22/08/2016 12:00;1,1599;1,1591;0,10549;0,10543;0,686;0,6857
22/08/2016 12:15;1,1595;1,159;0,10547;0,10543;0,6858;0,6852
22/08/2016 12:30;1,1593;1,1589;0,10546;0,10544;0,6853;0,6845
22/08/2016 12:45;1,1592;1,1585;0,10546;0,10542;0,685;0,6847
22/08/2016 13:00;1,1587;1,1581;0,10544;0,10539;0,6853;0,6849
22/08/2016 13:15;1,1597;1,1585;0,10549;0,10544;0,6852;0,6849
22/08/2016 13:30;1,16;1,1592;0,10555;0,10549;0,6851;0,6849
22/08/2016 13:45;1,1595;1,159;0,10554;0,10551;0,6854;0,6851
22/08/2016 14:00;1,1599;1,159;0,10554;0,10546;0,6851;0,6846
22/08/2016 14:15;1,1605;1,1592;0,10552;0,10545;0,6851;0,6849
22/08/2016 14:30;1,1605;1,1593;0,10553;0,1055;0,6853;0,6849
22/08/2016 14:45;1,1595;1,1586;0,10552;0,10551;0,6849;0,6847
22/08/2016 15:00;1,1591;1,1583;0,10552;0,10549;0,6851;0,6848
22/08/2016 15:15;1,1588;1,1578;0,10557;0,10551;0,6849;0,6845
22/08/2016 15:30;1,1582;1,1575;0,10556;0,10554;0,6845;0,684
22/08/2016 15:45;1,1582;1,1574;0,10555;0,10552;0,6844;0,684
22/08/2016 16:00;1,1588;1,158;0,10556;0,10552;0,6844;0,6841
22/08/2016 16:15;1,1591;1,1579;0,10554;0,1055;0,685;0,6844
22/08/2016 16:30;1,1609;1,1584;0,10552;0,10549;0,6848;0,6843
22/08/2016 16:45;1,1612;1,16;0,10553;0,10548;0,6847;0,6831
22/08/2016 17:00;1,1612;1,1602;0,10552;0,10544;0,6834;0,6827
22/08/2016 17:15;1,1606;1,16;0,10545;0,1054;0,6827;0,6817
22/08/2016 17:30;1,1607;1,1602;0,10543;0,10541;0,6825;0,682
22/08/2016 17:45;1,161;1,1605;0,10542;0,1054;0,6828;0,6824
22/08/2016 18:00;1,1615;1,1607;0,10542;0,10541;0,6829;0,6825
22/08/2016 18:15;1,1614;1,1607;0,10547;0,1054;0,6831;0,6827
22/08/2016 18:30;1,1613;1,1606;0,10545;0,10541;0,683;0,6829
22/08/2016 18:45;1,1608;1,1598;0,10545;0,10543;0,6829;0,6826
22/08/2016 19:00;1,1607;1,16;0,10545;0,10544;0,6824;0,682
22/08/2016 19:15;1,1608;1,1602;0,10545;0,10544;0,6822;0,6815
22/08/2016 19:30;1,1604;1,16;0,10546;0,10545;0,682;0,6817
22/08/2016 19:45;1,1604;1,1601;0,10549;0,10546;0,6819;0,6816
22/08/2016 20:00;1,1605;1,1602;0,10552;0,1055;0,6823;0,6819
22/08/2016 20:15;1,1603;1,16;0,10552;0,1055;0,6821;0,6817
22/08/2016 20:30;1,1604;1,1599;0,10551;0,1055;0,682;0,6817
22/08/2016 20:45;1,1605;1,1598;0,10552;0,10551;0,6821;0,6819
22/08/2016 21:00;1,1602;1,1598;0,10553;0,10551;0,6823;0,6818
22/08/2016 21:15;1,1601;1,1598;0,10554;0,10552;0,6825;0,6822
22/08/2016 21:30;1,1603;1,1598;0,10555;0,10553;0,6825;0,682
22/08/2016 21:45;1,1604;1,16;0,10554;0,10552;0,6825;0,682
22/08/2016 22:00;1,1606;1,1604;0,10552;0,10548;0,6822;0,682
22/08/2016 22:15;1,1607;1,16;0,10549;0,10548;0,6821;0,682
22/08/2016 22:30;1,1603;1,16;0,10548;0,10547;0,6822;0,6819
22/08/2016 22:45;1,1606;1,1602;0,10548;0,10547;0,6823;0,682
22/08/2016 23:00;1,1607;1,1603;0,10551;0,10548;0,6827;0,6824
22/08/2016 23:15;1,1606;1,1604;0,10549;0,10548;0,6825;0,6822
22/08/2016 23:30;1,1606;1,1604;0,10555;0,10551;0,6826;0,6822
22/08/2016 23:45;1,1607;1,1603;0,10556;0,10553;0,6827;0,6826
23/08/2016;1,1607;1,1604;0,10555;0,10554;0,6827;0,6824
23/08/2016 00:15;1,1608;1,1605;0,10555;0,10552;0,6825;0,6823
23/08/2016 00:30;1,1608;1,1605;0,10555;0,10554;0,6825;0,6824
23/08/2016 00:45;1,1606;1,1602;0,10557;0,1055;0,6826;0,6824
23/08/2016 01:00;1,1605;1,1602;0,10552;0,10549;0,6827;0,6825
23/08/2016 01:15;1,1605;1,1601;0,10551;0,1055;0,6827;0,6824
23/08/2016 01:30;1,1606;1,1602;0,10554;0,10549;0,6827;0,6826
23/08/2016 01:45;1,1609;1,1603;0,10551;0,10545;0,6829;0,6827
23/08/2016 02:00;1,1609;1,16;0,1055;0,10547;0,6829;0,6825
23/08/2016 02:15;1,1604;1,16;0,10548;0,10548;0,6828;0,6826
23/08/2016 02:30;1,1605;1,1601;0,10548;0,10545;0,6829;0,6827
23/08/2016 02:45;1,1602;1,1589;0,10544;0,1054;0,6829;0,6828
23/08/2016 03:00;1,1601;1,1597;0,10542;0,1054;0,683;0,6828
23/08/2016 03:15;1,1603;1,1597;0,10542;0,10541;0,683;0,6828
23/08/2016 03:30;1,1605;1,1599;0,10543;0,10542;0,6829;0,6827
23/08/2016 03:45;1,16;1,1593;0,10542;0,10541;0,6827;0,6825
23/08/2016 04:00;1,16;1,1593;0,10544;0,10542;0,6827;0,6825
23/08/2016 04:15;1,16;1,1595;0,10545;0,10542;0,6826;0,6825
23/08/2016 04:30;1,1598;1,1592;0,10544;0,10543;0,6826;0,6824
23/08/2016 04:45;1,1596;1,1591;0,10545;0,10544;0,6826;0,6825
23/08/2016 05:00;1,1593;1,1591;0,10544;0,10544;0,6827;0,6825
23/08/2016 05:15;1,1595;1,1588;0,10545;0,10544;0,6828;0,6826
23/08/2016 05:30;1,1598;1,1594;0,10547;0,10546;0,6829;0,6827
23/08/2016 05:45;1,1599;1,1596;0,10547;0,10547;0,6828;0,6826
23/08/2016 06:00;1,1601;1,1597;0,10547;0,10541;0,6827;0,6825
23/08/2016 06:15;1,1604;1,1599;0,10541;0,10539;0,6825;0,6824
23/08/2016 06:30;1,1604;1,1598;0,10541;0,10541;0,6828;0,6825
23/08/2016 06:45;1,1603;1,1596;0,10543;0,10541;0,683;0,6827
23/08/2016 07:00;1,1603;1,1597;0,10542;0,10542;0,683;0,6829
23/08/2016 07:15;1,1609;1,16;0,10542;0,10541;0,6829;0,6828
23/08/2016 07:30;1,1611;1,1605;0,10548;0,10542;0,6829;0,6828
23/08/2016 07:45;1,1613;1,1606;0,10549;0,10546;0,683;0,6828
23/08/2016 08:00;1,1617;1,1606;0,10552;0,10547;0,6835;0,683
23/08/2016 08:15;1,1616;1,161;0,10552;0,10549;0,684;0,6834
23/08/2016 08:30;1,1616;1,161;0,10554;0,10552;0,684;0,6835
23/08/2016 08:45;1,1618;1,1611;0,10553;0,1055;0,6838;0,6835
23/08/2016 09:00;1,1632;1,161;0,10556;0,10551;0,6836;0,6834
23/08/2016 09:15;1,1639;1,162;0,10554;0,10551;0,6835;0,6833
23/08/2016 09:30;1,1627;1,1619;0,10555;0,10553;0,6835;0,6832
23/08/2016 09:45;1,1628;1,162;0,10557;0,10552;0,6834;0,6831
23/08/2016 10:00;1,1632;1,1622;0,10559;0,10549;0,6837;0,6832
23/08/2016 10:15;1,1643;1,1629;0,10566;0,10556;0,6835;0,6833
23/08/2016 10:30;1,164;1,1634;0,10569;0,10564;0,6834;0,683
23/08/2016 10:45;1,164;1,1632;0,10566;0,10558;0,6831;0,6829
23/08/2016 11:00;1,164;1,163;0,10566;0,10557;0,6834;0,683
23/08/2016 11:15;1,1635;1,163;0,1057;0,10564;0,6832;0,6831
23/08/2016 11:30;1,1637;1,163;0,10571;0,10567;0,6834;0,6832
23/08/2016 11:45;1,1636;1,163;0,10571;0,10567;0,6836;0,6834
23/08/2016 12:00;1,164;1,1632;0,10569;0,10562;0,684;0,6834
23/08/2016 12:15;1,1643;1,1635;0,10562;0,10561;0,6836;0,6835
23/08/2016 12:30;1,1638;1,1631;0,10561;0,10559;0,6839;0,6835
23/08/2016 12:45;1,1634;1,1629;0,10562;0,1056;0,6839;0,6834
23/08/2016 13:00;1,1647;1,1631;0,10564;0,10561;0,6843;0,6838
23/08/2016 13:15;1,1645;1,1623;0,10564;0,1056;0,6841;0,6836
23/08/2016 13:30;1,1631;1,1621;0,10561;0,10556;0,6837;0,6834
23/08/2016 13:45;1,163;1,162;0,10562;0,10555;0,6837;0,6833
23/08/2016 14:00;1,1631;1,1624;0,10564;0,10561;0,684;0,6837
23/08/2016 14:15;1,1629;1,1623;0,10569;0,10563;0,6838;0,6833
23/08/2016 14:30;1,1632;1,1626;0,10567;0,10562;0,6835;0,6832
23/08/2016 14:45;1,1634;1,163;0,10569;0,10561;0,6835;0,6831
23/08/2016 15:00;1,1645;1,1634;0,10568;0,10565;0,6839;0,6835
23/08/2016 15:15;1,1647;1,1637;0,10571;0,10567;0,6839;0,6836
23/08/2016 15:30;1,1642;1,1636;0,10573;0,1057;0,6839;0,6836
23/08/2016 15:45;1,1648;1,1638;0,10572;0,10568;0,6839;0,6834
23/08/2016 16:00;1,1645;1,1637;0,10572;0,10566;0,6838;0,6834
23/08/2016 16:15;1,1642;1,1634;0,10572;0,1057;0,6839;0,6834
23/08/2016 16:30;1,1644;1,1638;0,10573;0,10566;0,6841;0,6838
23/08/2016 16:45;1,1651;1,164;0,10575;0,10565;0,6862;0,6841
23/08/2016 17:00;1,1652;1,1643;0,10567;0,10557;0,6866;0,6856
23/08/2016 17:15;1,1653;1,1642;0,1056;0,10556;0,6862;0,6858
23/08/2016 17:30;1,1656;1,1646;0,10556;0,10552;0,6863;0,686
23/08/2016 17:45;1,1655;1,1648;0,10555;0,10551;0,6861;0,6854
23/08/2016 18:00;1,166;1,1652;0,10554;0,10551;0,6854;0,685
23/08/2016 18:15;1,1663;1,1653;0,10555;0,10551;0,6856;0,6853
23/08/2016 18:30;1,1662;1,1657;0,10556;0,10554;0,6855;0,6851
23/08/2016 18:45;1,1661;1,1651;0,10556;0,10552;0,6855;0,685
23/08/2016 19:00;1,1654;1,1647;0,10553;0,10551;0,6849;0,6847
23/08/2016 19:15;1,1658;1,1652;0,10554;0,10553;0,6849;0,6848
23/08/2016 19:30;1,1659;1,1654;0,10556;0,10554;0,6849;0,6847
23/08/2016 19:45;1,1678;1,1653;0,10557;0,10554;0,6849;0,6847
23/08/2016 20:00;1,1679;1,167;0,10555;0,10555;0,685;0,6847
23/08/2016 20:15;1,1674;1,1668;0,10556;0,10555;0,685;0,6849
23/08/2016 20:30;1,1672;1,1667;0,10556;0,10555;0,685;0,6847
23/08/2016 20:45;1,1671;1,1667;0,10555;0,10552;0,6851;0,6849
23/08/2016 21:00;1,1671;1,1667;0,10553;0,10549;0,6852;0,685
23/08/2016 21:15;1,1674;1,1668;0,10551;0,1055;0,685;0,6849
23/08/2016 21:30;1,1676;1,1671;0,10551;0,1055;0,685;0,6849
23/08/2016 21:45;1,1677;1,1673;0,10551;0,1055;0,685;0,6848
23/08/2016 22:00;1,1676;1,1669;0,10554;0,10551;0,6851;0,685
23/08/2016 22:15;1,1671;1,1667;0,10554;0,10553;0,6851;0,685
23/08/2016 22:30;1,1669;1,1666;0,10553;0,10553;0,685;0,6847
23/08/2016 22:45;1,1674;1,1668;0,10558;0,10554;0,6851;0,6848
23/08/2016 23:00;1,1674;1,1671;0,10561;0,10557;0,685;0,6848
23/08/2016 23:15;1,1677;1,1673;0,10561;0,10559;0,6851;0,6849
23/08/2016 23:30;1,1678;1,1675;0,1056;0,10556;0,6849;0,6848
23/08/2016 23:45;1,1678;1,1675;0,10559;0,10555;0,6849;0,6847
24/08/2016;1,1677;1,1674;0,10555;0,10554;0,6848;0,6847
24/08/2016 00:15;1,1678;1,1676;0,10555;0,10554;0,6848;0,6846
24/08/2016 00:30;1,1677;1,1675;0,10555;0,10554;0,6847;0,6845
24/08/2016 00:45;1,1676;1,1674;0,10554;0,10553;0,6847;0,6845
24/08/2016 01:00;1,1677;1,1674;0,10554;0,10551;0,6849;0,6846
24/08/2016 01:15;1,1676;1,1672;0,10552;0,10551;0,6848;0,6846
24/08/2016 01:30;1,1674;1,167;0,10553;0,10551;0,6849;0,6847
24/08/2016 01:45;1,1678;1,1673;0,10556;0,10552;0,6849;0,6848
24/08/2016 02:00;1,1678;1,167;0,10555;0,10554;0,685;0,6848
24/08/2016 02:15;1,1672;1,1667;0,10556;0,10555;0,685;0,6849
24/08/2016 02:30;1,1668;1,1664;0,10556;0,10555;0,685;0,6848
24/08/2016 02:45;1,1667;1,1663;0,10556;0,10555;0,685;0,6848
24/08/2016 03:00;1,1666;1,166;0,10556;0,10554;0,6849;0,6846
24/08/2016 03:15;1,1665;1,1657;0,10555;0,10554;0,6846;0,6844
24/08/2016 03:30;1,1661;1,1658;0,10555;0,10554;0,6847;0,6844
24/08/2016 03:45;1,1667;1,1659;0,10555;0,10554;0,6848;0,6845
24/08/2016 04:00;1,167;1,1664;0,10556;0,10555;0,6847;0,6845
24/08/2016 04:15;1,1668;1,1664;0,10555;0,10555;0,6847;0,6846
24/08/2016 04:30;1,1666;1,1662;0,10555;0,10555;0,6846;0,6845
24/08/2016 04:45;1,1665;1,1662;0,10555;0,10555;0,6845;0,6844
24/08/2016 05:00;1,1668;1,1664;0,10556;0,10555;0,6848;0,6845
24/08/2016 05:15;1,167;1,1667;0,10556;0,10555;0,6847;0,6846
24/08/2016 05:30;1,1669;1,1667;0,10556;0,10556;0,6847;0,6846
24/08/2016 05:45;1,1669;1,1664;0,10556;0,10554;0,6848;0,6846
24/08/2016 06:00;1,1665;1,1662;0,10555;0,10554;0,6847;0,6845
24/08/2016 06:15;1,1665;1,1661;0,10554;0,10554;0,6846;0,6845
24/08/2016 06:30;1,1665;1,1662;0,10554;0,10553;0,6846;0,6845
24/08/2016 06:45;1,1666;1,1662;0,10554;0,10553;0,6848;0,6846
24/08/2016 07:00;1,1667;1,1663;0,10555;0,10554;0,6847;0,6846
24/08/2016 07:15;1,1672;1,1665;0,10555;0,10555;0,6848;0,6847
24/08/2016 07:30;1,1675;1,167;0,10556;0,10555;0,685;0,6848
24/08/2016 07:45;1,1675;1,167;0,10561;0,10554;0,685;0,6848
24/08/2016 08:00;1,1673;1,1658;0,10561;0,10557;0,6849;0,6844
24/08/2016 08:15;1,1667;1,1657;0,10558;0,10556;0,6847;0,6843
24/08/2016 08:30;1,167;1,1658;0,10561;0,10553;0,6845;0,6839
24/08/2016 08:45;1,1663;1,1658;0,10562;0,10558;0,6845;0,684
24/08/2016 09:00;1,1664;1,1656;0,1056;0,10555;0,6845;0,6841
24/08/2016 09:15;1,1676;1,1661;0,10564;0,10559;0,6847;0,6843
24/08/2016 09:30;1,1678;1,167;0,10566;0,10563;0,6849;0,6846
24/08/2016 09:45;1,1672;1,1666;0,10566;0,10562;0,685;0,6846
24/08/2016 10:00;1,168;1,1667;0,10577;0,10564;0,685;0,6846
24/08/2016 10:15;1,17;1,1679;0,10581;0,10576;0,6854;0,685
24/08/2016 10:30;1,1715;1,1694;0,10578;0,10573;0,6858;0,6852
24/08/2016 10:45;1,1716;1,1702;0,10583;0,10576;0,686;0,6858
24/08/2016 11:00;1,1725;1,1702;0,10588;0,10582;0,6866;0,686
24/08/2016 11:15;1,1738;1,1717;0,10594;0,10589;0,6867;0,6864
24/08/2016 11:30;1,1732;1,1717;0,10594;0,1059;0,6865;0,6862
24/08/2016 11:45;1,1726;1,1717;0,10593;0,10588;0,6863;0,686
24/08/2016 12:00;1,1729;1,1718;0,10591;0,10584;0,6862;0,686
24/08/2016 12:15;1,1733;1,1725;0,10587;0,10583;0,6861;0,686
24/08/2016 12:30;1,1745;1,1728;0,10587;0,10582;0,6861;0,6857
24/08/2016 12:45;1,1746;1,1735;0,10581;0,10574;0,6861;0,6859
24/08/2016 13:00;1,1743;1,1734;0,10574;0,10568;0,6862;0,686
24/08/2016 13:15;1,1746;1,1736;0,10576;0,10571;0,6863;0,686
24/08/2016 13:30;1,1754;1,174;0,10578;0,10576;0,6868;0,6863
24/08/2016 13:45;1,1751;1,1739;0,10578;0,10572;0,6864;0,6863
24/08/2016 14:00;1,1749;1,1739;0,1058;0,10577;0,6863;0,6859
24/08/2016 14:15;1,1753;1,1745;0,10577;0,10571;0,6862;0,6857
24/08/2016 14:30;1,1762;1,1751;0,10576;0,1057;0,6863;0,6859
24/08/2016 14:45;1,1764;1,1757;0,10578;0,10569;0,6865;0,6861
24/08/2016 15:00;1,1769;1,1761;0,10573;0,10565;0,6865;0,6863
24/08/2016 15:15;1,1766;1,1753;0,1057;0,10567;0,6864;0,6862
24/08/2016 15:30;1,1775;1,1757;0,10572;0,10566;0,6874;0,6866
24/08/2016 15:45;1,1773;1,1757;0,10574;0,10569;0,6872;0,6868
24/08/2016 16:00;1,1785;1,177;0,10571;0,10561;0,6877;0,6869
24/08/2016 16:15;1,1783;1,1775;0,10567;0,10564;0,6881;0,6877
24/08/2016 16:30;1,1783;1,1771;0,10566;0,10564;0,6876;0,6867
24/08/2016 16:45;1,178;1,1772;0,10564;0,10556;0,6871;0,6867
24/08/2016 17:00;1,1782;1,1764;0,10564;0,10557;0,6868;0,6863
24/08/2016 17:15;1,1769;1,1764;0,10568;0,10561;0,6867;0,6864
24/08/2016 17:30;1,1767;1,1761;0,1057;0,10566;0,6867;0,6863
24/08/2016 17:45;1,1761;1,1756;0,1057;0,10565;0,6866;0,6862
24/08/2016 18:00;1,1764;1,1756;0,10571;0,10568;0,687;0,6865
24/08/2016 18:15;1,1764;1,1756;0,10571;0,10569;0,6868;0,6865
24/08/2016 18:30;1,1759;1,1755;0,1057;0,10569;0,6867;0,6864
24/08/2016 18:45;1,1757;1,1745;0,10572;0,1057;0,6868;0,6865
24/08/2016 19:00;1,1749;1,1745;0,10574;0,10573;0,6867;0,6863
24/08/2016 19:15;1,1749;1,1747;0,10574;0,10573;0,6869;0,6866
24/08/2016 19:30;1,1749;1,1744;0,10575;0,10573;0,6871;0,6868
24/08/2016 19:45;1,1753;1,1746;0,10577;0,10574;0,6874;0,6871
24/08/2016 20:00;1,1754;1,1751;0,10577;0,10574;0,6874;0,687
24/08/2016 20:15;1,1754;1,1746;0,10578;0,10574;0,687;0,6868
24/08/2016 20:30;1,1748;1,1745;0,10575;0,10573;0,6868;0,6867
24/08/2016 20:45;1,175;1,1744;0,10574;0,10572;0,6867;0,6866
24/08/2016 21:00;1,175;1,1745;0,10574;0,10571;0,6866;0,6862
24/08/2016 21:15;1,1747;1,1743;0,10573;0,10571;0,687;0,6866
24/08/2016 21:30;1,1747;1,1739;0,10573;0,10566;0,6869;0,6866
24/08/2016 21:45;1,1747;1,1743;0,10571;0,10568;0,6867;0,6865
24/08/2016 22:00;1,1745;1,1741;0,10572;0,1057;0,6866;0,6865
24/08/2016 22:15;1,1747;1,1743;0,10572;0,10569;0,6869;0,6867
24/08/2016 22:30;1,1747;1,1744;0,10571;0,10571;0,6868;0,6867
24/08/2016 22:45;1,1748;1,1744;0,10574;0,1057;0,6869;0,6867
24/08/2016 23:00;1,1751;1,1744;0,10573;0,1057;0,6869;0,6867
24/08/2016 23:15;1,1751;1,1746;0,10571;0,10569;0,6869;0,6867
24/08/2016 23:30;1,175;1,1748;0,10571;0,10569;0,6867;0,6866
24/08/2016 23:45;1,1749;1,1747;0,1057;0,10567;0,6867;0,6866
25/08/2016;1,175;1,1746;0,10573;0,10564;0,6868;0,6866
25/08/2016 00:15;1,1749;1,1745;0,10569;0,10568;0,6869;0,6866
25/08/2016 00:30;1,1749;1,1747;0,10569;0,10568;0,6869;0,6866
25/08/2016 00:45;1,1749;1,1746;0,10569;0,10568;0,6868;0,6866
25/08/2016 01:00;1,1748;1,1746;0,1057;0,10568;0,6867;0,6866
25/08/2016 01:15;1,175;1,1746;0,10569;0,10568;0,6867;0,6866
25/08/2016 01:30;1,1754;1,1749;0,10569;0,10569;0,6868;0,6866
25/08/2016 01:45;1,1756;1,1753;0,1057;0,10569;0,6867;0,6866
25/08/2016 02:00;1,1759;1,1752;0,1057;0,10569;0,6867;0,6863
25/08/2016 02:15;1,1757;1,175;0,1057;0,10569;0,6865;0,6863
25/08/2016 02:30;1,1756;1,175;0,1057;0,10569;0,6865;0,6862
25/08/2016 02:45;1,1765;1,1755;0,1057;0,10569;0,6867;0,6865
25/08/2016 03:00;1,1762;1,1757;0,10574;0,10569;0,6866;0,6864
25/08/2016 03:15;1,1761;1,1755;0,10575;0,10573;0,6867;0,6863
25/08/2016 03:30;1,1755;1,1751;0,10574;0,10573;0,6864;0,6862
25/08/2016 03:45;1,1753;1,1748;0,10574;0,10573;0,6862;0,6861
25/08/2016 04:00;1,175;1,1743;0,10574;0,10573;0,6862;0,6861
25/08/2016 04:15;1,1745;1,174;0,10575;0,10574;0,6863;0,6862
25/08/2016 04:30;1,1744;1,1738;0,10576;0,10574;0,6866;0,6863
25/08/2016 04:45;1,1739;1,1731;0,10576;0,10575;0,6866;0,6865
25/08/2016 05:00;1,1734;1,1731;0,10575;0,10574;0,6866;0,6864
25/08/2016 05:15;1,1732;1,1729;0,10574;0,10571;0,6865;0,6864
25/08/2016 05:30;1,1731;1,1729;0,10575;0,10574;0,6865;0,6864
25/08/2016 05:45;1,1734;1,1729;0,10574;0,10574;0,6865;0,6864
25/08/2016 06:00;1,1736;1,1733;0,10574;0,10573;0,6865;0,6864
25/08/2016 06:15;1,1737;1,1734;0,10574;0,10573;0,6865;0,6865
25/08/2016 06:30;1,1735;1,1732;0,10573;0,10573;0,6865;0,6864
25/08/2016 06:45;1,1736;1,1733;0,10574;0,10573;0,6867;0,6864
25/08/2016 07:00;1,1736;1,173;0,10574;0,10573;0,6867;0,6863
25/08/2016 07:15;1,1732;1,1727;0,10573;0,10572;0,6864;0,6863
25/08/2016 07:30;1,1736;1,1728;0,10574;0,10573;0,6865;0,6864
25/08/2016 07:45;1,1735;1,1733;0,10574;0,10573;0,6866;0,6865
25/08/2016 08:00;1,1737;1,1733;0,10575;0,10572;0,6867;0,6866
25/08/2016 08:15;1,1734;1,1727;0,10575;0,10572;0,687;0,6866
25/08/2016 08:30;1,173;1,1717;0,10575;0,10569;0,6871;0,6868
25/08/2016 08:45;1,173;1,1721;0,10575;0,10571;0,6873;0,687
25/08/2016 09:00;1,1729;1,1722;0,10574;0,10557;0,6871;0,6867
25/08/2016 09:15;1,1732;1,1723;0,10567;0,10562;0,6869;0,6866
25/08/2016 09:30;1,1728;1,1722;0,10559;0,10548;0,6867;0,6865
25/08/2016 09:45;1,1727;1,1715;0,10551;0,10547;0,6868;0,6866
25/08/2016 10:00;1,1728;1,1715;0,10556;0,10551;0,6869;0,6866
25/08/2016 10:15;1,1729;1,1715;0,10558;0,10555;0,687;0,6862
25/08/2016 10:30;1,1719;1,1709;0,10557;0,10554;0,6863;0,686
25/08/2016 10:45;1,1713;1,1706;0,10553;0,10534;0,686;0,6859
25/08/2016 11:00;1,1713;1,1708;0,10544;0,10539;0,6863;0,686
25/08/2016 11:15;1,1719;1,171;0,10545;0,10544;0,6865;0,6861
25/08/2016 11:30;1,1719;1,1709;0,10544;0,10536;0,6866;0,6859
25/08/2016 11:45;1,1711;1,1706;0,10536;0,10533;0,686;0,6856
25/08/2016 12:00;1,1712;1,1704;0,10535;0,10533;0,6858;0,6856
25/08/2016 12:15;1,1705;1,1695;0,10535;0,1053;0,6858;0,6854
25/08/2016 12:30;1,1698;1,169;0,10537;0,10529;0,6859;0,6856
25/08/2016 12:45;1,1695;1,1683;0,10544;0,10536;0,6858;0,6855
25/08/2016 13:00;1,1692;1,168;0,10544;0,1054;0,6858;0,6855
25/08/2016 13:15;1,1694;1,1679;0,1054;0,10533;0,6855;0,6853
25/08/2016 13:30;1,1694;1,1677;0,10533;0,10531;0,6856;0,6852
25/08/2016 13:45;1,169;1,1679;0,10533;0,1053;0,6859;0,6853
25/08/2016 14:00;1,1688;1,1683;0,10534;0,10531;0,6854;0,6851
25/08/2016 14:15;1,1688;1,1681;0,10534;0,1053;0,6853;0,6849
25/08/2016 14:30;1,1687;1,1678;0,10536;0,10534;0,6854;0,685
25/08/2016 14:45;1,1684;1,1678;0,10536;0,10531;0,6854;0,6848
25/08/2016 15:00;1,1688;1,1678;0,10537;0,10534;0,6851;0,6848
25/08/2016 15:15;1,1695;1,1685;0,1054;0,10536;0,685;0,6847
25/08/2016 15:30;1,1691;1,1681;0,10541;0,10538;0,6849;0,6846
25/08/2016 15:45;1,1689;1,1683;0,10541;0,10536;0,6854;0,6847
25/08/2016 16:00;1,1696;1,1687;0,10543;0,10533;0,6854;0,6851
25/08/2016 16:15;1,1696;1,169;0,10538;0,10534;0,6851;0,6847
25/08/2016 16:30;1,1698;1,1689;0,10542;0,10538;0,685;0,6848
25/08/2016 16:45;1,1702;1,1693;0,10546;0,1054;0,6857;0,6848
25/08/2016 17:00;1,1694;1,1686;0,10544;0,1054;0,6857;0,6854
25/08/2016 17:15;1,1697;1,169;0,10542;0,10539;0,6855;0,6853
25/08/2016 17:30;1,1697;1,1688;0,10542;0,10538;0,6855;0,6853
25/08/2016 17:45;1,169;1,1683;0,10544;0,10538;0,6858;0,6853
25/08/2016 18:00;1,1692;1,1684;0,10542;0,10539;0,6858;0,6856
25/08/2016 18:15;1,1695;1,1688;0,10539;0,10537;0,6858;0,6855
25/08/2016 18:30;1,1691;1,1686;0,10542;0,10538;0,6857;0,6855
25/08/2016 18:45;1,1696;1,1686;0,10542;0,10541;0,6859;0,6856
25/08/2016 19:00;1,1694;1,1687;0,10543;0,1054;0,6858;0,6856
25/08/2016 19:15;1,169;1,1686;0,10545;0,10542;0,6857;0,6855
25/08/2016 19:30;1,1687;1,168;0,10544;0,10539;0,6856;0,6852
25/08/2016 19:45;1,1683;1,1677;0,1054;0,10538;0,6855;0,6853
25/08/2016 20:00;1,1682;1,1676;0,10541;0,1054;0,6856;0,6854
25/08/2016 20:15;1,1683;1,1679;0,10541;0,1054;0,6857;0,6853
25/08/2016 20:30;1,1682;1,1678;0,10541;0,1054;0,6857;0,6855
25/08/2016 20:45;1,1679;1,1675;0,10542;0,1054;0,6857;0,6856
25/08/2016 21:00;1,1684;1,1673;0,10541;0,10539;0,6857;0,6856
25/08/2016 21:15;1,169;1,1682;0,10541;0,10539;0,6857;0,6856
25/08/2016 21:30;1,1691;1,1686;0,10541;0,10541;0,6858;0,6856
25/08/2016 21:45;1,1693;1,1688;0,10541;0,10541;0,6859;0,6858
25/08/2016 22:00;1,1693;1,1685;0,10541;0,10541;0,6859;0,6858
25/08/2016 22:15;1,1692;1,1689;0,10541;0,10541;0,686;0,6859
25/08/2016 22:30;1,1694;1,1691;0,10541;0,10541;0,6862;0,6859
25/08/2016 22:45;1,1691;1,1687;0,10541;0,10541;0,6862;0,6857
25/08/2016 23:00;1,1694;1,1685;0,10543;0,10541;0,6861;0,6857
25/08/2016 23:15;1,1688;1,1686;0,10542;0,10541;0,686;0,6858
25/08/2016 23:30;1,1691;1,1686;0,10542;0,1054;0,6861;0,6858
25/08/2016 23:45;1,1689;1,1686;0,10541;0,10539;0,686;0,6859
26/08/2016;1,1688;1,1686;0,10541;0,10538;0,686;0,6859
26/08/2016 00:15;1,1688;1,1686;0,1054;0,10539;0,6861;0,686
26/08/2016 00:30;1,1688;1,1686;0,10542;0,10539;0,6861;0,6859
26/08/2016 00:45;1,169;1,1687;0,10542;0,10535;0,6861;0,6859
26/08/2016 01:00;1,1688;1,1687;0,10542;0,10538;0,6861;0,6859
26/08/2016 01:15;1,1689;1,1685;0,10542;0,10541;0,6861;0,686
26/08/2016 01:30;1,169;1,1687;0,10542;0,10541;0,6861;0,6859
26/08/2016 01:45;1,1689;1,1687;0,10541;0,1054;0,686;0,686
26/08/2016 02:00;1,1697;1,1688;0,10541;0,1054;0,686;0,686
26/08/2016 02:15;1,1697;1,1694;0,1054;0,10539;0,6861;0,6859
26/08/2016 02:30;1,1702;1,1695;0,10539;0,10537;0,6862;0,686
26/08/2016 02:45;1,1703;1,1698;0,10539;0,10538;0,686;0,6858
26/08/2016 03:00;1,1698;1,1692;0,10539;0,10538;0,686;0,6859
26/08/2016 03:15;1,1699;1,1693;0,10539;0,10538;0,6861;0,6859
26/08/2016 03:30;1,1696;1,1692;0,10539;0,10538;0,6862;0,686
26/08/2016 03:45;1,1693;1,1688;0,10539;0,10538;0,6861;0,6859
26/08/2016 04:00;1,1692;1,1688;0,10539;0,10538;0,6861;0,686
26/08/2016 04:15;1,1697;1,1692;0,1054;0,10538;0,6861;0,6859
26/08/2016 04:30;1,1696;1,1693;0,1054;0,10539;0,6861;0,686
26/08/2016 04:45;1,1696;1,1694;0,1054;0,10538;0,6862;0,686
26/08/2016 05:00;1,1699;1,1695;0,10539;0,10538;0,6861;0,686
26/08/2016 05:15;1,1699;1,1697;0,10539;0,10538;0,6861;0,686
26/08/2016 05:30;1,17;1,1697;0,10539;0,10539;0,6862;0,686
26/08/2016 05:45;1,1699;1,1697;0,10539;0,10538;0,6862;0,6861
26/08/2016 06:00;1,1699;1,1697;0,10539;0,10538;0,6862;0,6861
26/08/2016 06:15;1,17;1,1698;0,10539;0,10538;0,6862;0,6861
26/08/2016 06:30;1,1703;1,1698;0,10539;0,10538;0,6863;0,6861
26/08/2016 06:45;1,1701;1,1699;0,10541;0,10538;0,6863;0,6863
26/08/2016 07:00;1,17;1,1699;0,10541;0,10539;0,6864;0,6863
26/08/2016 07:15;1,17;1,1696;0,10542;0,10539;0,6863;0,6862
26/08/2016 07:30;1,17;1,1696;0,10542;0,10541;0,6865;0,6863
26/08/2016 07:45;1,1705;1,1696;0,10544;0,10539;0,6864;0,6862
26/08/2016 08:00;1,1703;1,1693;0,10544;0,10541;0,6864;0,6861
26/08/2016 08:15;1,1696;1,1686;0,10546;0,10543;0,6862;0,6858
26/08/2016 08:30;1,17;1,1688;0,10547;0,10544;0,6861;0,6857
26/08/2016 08:45;1,1701;1,1694;0,10545;0,10542;0,6862;0,686
26/08/2016 09:00;1,1725;1,1698;0,10544;0,10541;0,6869;0,6863
26/08/2016 09:15;1,1719;1,171;0,10544;0,10541;0,6866;0,6863
26/08/2016 09:30;1,1713;1,1706;0,10543;0,10541;0,6863;0,6861
26/08/2016 09:45;1,1716;1,1705;0,10544;0,10543;0,6866;0,6862
26/08/2016 10:00;1,171;1,1703;0,10543;0,10541;0,6865;0,6861
26/08/2016 10:15;1,1709;1,1702;0,10542;0,10539;0,6863;0,6861
26/08/2016 10:30;1,1716;1,1704;0,10539;0,10537;0,6865;0,6863
26/08/2016 10:45;1,172;1,1702;0,10538;0,10535;0,6864;0,6862
26/08/2016 11:00;1,1706;1,1695;0,10539;0,10535;0,6865;0,6863
26/08/2016 11:15;1,1703;1,1695;0,10542;0,10535;0,6864;0,6863
26/08/2016 11:30;1,1699;1,1687;0,10543;0,10537;0,6867;0,6864
26/08/2016 11:45;1,1693;1,1688;0,10544;0,10538;0,6868;0,6866
26/08/2016 12:00;1,1692;1,1686;0,10547;0,10542;0,6868;0,6867
26/08/2016 12:15;1,169;1,1679;0,10545;0,10542;0,6869;0,6866
26/08/2016 12:30;1,1689;1,1675;0,10544;0,10542;0,6869;0,6868
26/08/2016 12:45;1,1696;1,1689;0,10544;0,10541;0,6868;0,6866
26/08/2016 13:00;1,1694;1,1689;0,10542;0,1054;0,6868;0,6865
26/08/2016 13:15;1,1692;1,1687;0,10542;0,10535;0,6869;0,6865
26/08/2016 13:30;1,1699;1,1689;0,10538;0,10534;0,6869;0,6867
26/08/2016 13:45;1,17;1,1694;0,10538;0,10535;0,6871;0,6869
26/08/2016 14:00;1,1704;1,1692;0,10538;0,10535;0,6875;0,6872
26/08/2016 14:15;1,1704;1,1695;0,10539;0,10537;0,6876;0,6873
26/08/2016 14:30;1,1699;1,1686;0,10542;0,10539;0,6874;0,687
26/08/2016 14:45;1,1693;1,1687;0,10547;0,10542;0,6877;0,6871
26/08/2016 15:00;1,1704;1,169;0,10546;0,1054;0,688;0,6877
26/08/2016 15:15;1,1706;1,17;0,10543;0,10537;0,6878;0,6874
26/08/2016 15:30;1,1707;1,1697;0,10543;0,10536;0,6876;0,687
26/08/2016 15:45;1,1703;1,1691;0,10542;0,10536;0,6871;0,6866
26/08/2016 16:00;1,1718;1,1683;0,10543;0,10526;0,6876;0,6864
26/08/2016 16:15;1,1716;1,1694;0,10548;0,10531;0,6881;0,6869
26/08/2016 16:30;1,172;1,1708;0,10544;0,1054;0,6895;0,688
26/08/2016 16:45;1,1709;1,1698;0,10541;0,1053;0,6891;0,6882
26/08/2016 17:00;1,1709;1,1699;0,10545;0,10539;0,6882;0,6875
26/08/2016 17:15;1,1718;1,1708;0,10545;0,10538;0,6879;0,6875
26/08/2016 17:30;1,1723;1,1708;0,10544;0,10539;0,6879;0,6871
26/08/2016 17:45;1,1734;1,1716;0,10542;0,10535;0,688;0,6874
26/08/2016 18:00;1,172;1,1705;0,10534;0,10527;0,6873;0,6864
26/08/2016 18:15;1,1718;1,1707;0,10529;0,10527;0,6869;0,6862
26/08/2016 18:30;1,1715;1,1706;0,10529;0,10525;0,6862;0,6856
26/08/2016 18:45;1,171;1,1701;0,10529;0,10523;0,6863;0,6859
26/08/2016 19:00;1,1712;1,1705;0,10526;0,10523;0,6864;0,6859
26/08/2016 19:15;1,172;1,171;0,10523;0,10521;0,6862;0,686
26/08/2016 19:30;1,172;1,1712;0,10522;0,10518;0,6862;0,6859
26/08/2016 19:45;1,1727;1,1713;0,10521;0,10512;0,6864;0,686
26/08/2016 20:00;1,1728;1,1718;0,10512;0,10511;0,6867;0,6862
26/08/2016 20:15;1,1728;1,1723;0,10512;0,10511;0,687;0,6865
26/08/2016 20:30;1,1729;1,1723;0,10513;0,10511;0,687;0,6869
26/08/2016 20:45;1,1734;1,1726;0,10514;0,1051;0,6874;0,6868
26/08/2016 21:00;1,1739;1,1731;0,10518;0,10512;0,6875;0,6871
26/08/2016 21:15;1,1737;1,1731;0,10518;0,10516;0,6875;0,6873
26/08/2016 21:30;1,1731;1,1724;0,10518;0,10516;0,6876;0,6872
26/08/2016 21:45;1,1732;1,1726;0,10521;0,10517;0,6874;0,6871
26/08/2016 22:00;1,1734;1,1725;0,10519;0,10518;0,6872;0,687
26/08/2016 22:15;1,1734;1,1729;0,10522;0,10519;0,6871;0,6869
26/08/2016 22:30;1,1735;1,173;0,10527;0,10522;0,6874;0,6868
26/08/2016 22:45;1,1737;1,1729;0,1053;0,10523;0,6873;0,6867
28/08/2016 21:00;1,1741;1,1726;0,10541;0,10529;0,6892;0,6871
28/08/2016 21:15;1,1745;1,173;0,1054;0,10533;0,6891;0,6881
28/08/2016 21:30;1,174;1,1734;0,10538;0,10534;0,6889;0,6887
28/08/2016 21:45;1,174;1,1729;0,10539;0,10532;0,689;0,6887
28/08/2016 22:00;1,174;1,1736;0,10542;0,10535;0,6888;0,6884
28/08/2016 22:15;1,1739;1,1724;0,10539;0,10535;0,6889;0,6886
28/08/2016 22:30;1,1736;1,1725;0,10542;0,10533;0,6891;0,6884
28/08/2016 22:45;1,1732;1,1726;0,1054;0,10536;0,6887;0,6884
28/08/2016 23:00;1,1736;1,1723;0,10538;0,10533;0,6885;0,688
28/08/2016 23:15;1,1732;1,1725;0,10537;0,10533;0,6882;0,6877
28/08/2016 23:30;1,1729;1,1719;0,10537;0,10534;0,6876;0,6874
28/08/2016 23:45;1,1733;1,1725;0,10537;0,10526;0,6879;0,6874
29/08/2016;1,173;1,1722;0,1053;0,10528;0,6874;0,6867
29/08/2016 00:15;1,1729;1,1722;0,10528;0,1052;0,6869;0,6866
29/08/2016 00:30;1,173;1,1726;0,10525;0,10522;0,6868;0,6864
29/08/2016 00:45;1,173;1,1726;0,10525;0,10522;0,6866;0,6863
29/08/2016 01:00;1,1732;1,1727;0,10522;0,1052;0,6865;0,6862
29/08/2016 01:15;1,1731;1,1729;0,10522;0,1052;0,6863;0,6862
29/08/2016 01:30;1,1732;1,1724;0,10523;0,10521;0,6863;0,6861
29/08/2016 01:45;1,1727;1,1722;0,10523;0,10521;0,6863;0,6861
29/08/2016 02:00;1,1724;1,1717;0,10522;0,10521;0,6863;0,686
29/08/2016 02:15;1,1721;1,1717;0,10522;0,10521;0,6864;0,6861
29/08/2016 02:30;1,1722;1,1717;0,10521;0,10518;0,6865;0,6862
29/08/2016 02:45;1,1722;1,1715;0,10519;0,10518;0,6867;0,6864
29/08/2016 03:00;1,172;1,1716;0,1052;0,10517;0,6866;0,6863
29/08/2016 03:15;1,172;1,1717;0,1052;0,10519;0,6865;0,6863
29/08/2016 03:30;1,1721;1,1718;0,1052;0,10519;0,6867;0,6863
29/08/2016 03:45;1,1721;1,1717;0,10519;0,10518;0,6864;0,6863
29/08/2016 04:00;1,1721;1,1717;0,10519;0,10518;0,6865;0,6864
29/08/2016 04:15;1,1722;1,1718;0,10519;0,10518;0,6866;0,6865
29/08/2016 04:30;1,172;1,1713;0,10519;0,10518;0,6866;0,6863
29/08/2016 04:45;1,1715;1,1711;0,10519;0,10519;0,6864;0,6863
29/08/2016 05:00;1,1716;1,1712;0,10519;0,10519;0,6865;0,6862
29/08/2016 05:15;1,1719;1,1715;0,10521;0,10519;0,6866;0,6864
29/08/2016 05:30;1,1719;1,1716;0,10521;0,10521;0,6866;0,6864
29/08/2016 05:45;1,172;1,1716;0,10521;0,10518;0,6867;0,6864
29/08/2016 06:00;1,172;1,1717;0,10519;0,10518;0,6866;0,6864
29/08/2016 06:15;1,1718;1,1714;0,10521;0,10518;0,6867;0,6864
29/08/2016 06:30;1,1715;1,171;0,10524;0,10521;0,6866;0,6865
29/08/2016 06:45;1,1714;1,171;0,10523;0,10522;0,6865;0,6864
29/08/2016 07:00;1,1715;1,1712;0,10522;0,1052;0,6865;0,6863
29/08/2016 07:15;1,1716;1,1711;0,10522;0,1052;0,6865;0,6864
29/08/2016 07:30;1,1718;1,1712;0,10523;0,10521;0,6865;0,6864
29/08/2016 07:45;1,172;1,1713;0,10524;0,10522;0,6866;0,6864
29/08/2016 08:00;1,1716;1,1709;0,10527;0,10524;0,6866;0,6862
29/08/2016 08:15;1,1714;1,17;0,10529;0,10524;0,6865;0,6862
29/08/2016 08:30;1,1705;1,17;0,10531;0,10527;0,6865;0,6863
29/08/2016 08:45;1,1708;1,1702;0,1053;0,10527;0,6866;0,6863
29/08/2016 09:00;1,1709;1,1699;0,10536;0,10529;0,6867;0,6863
29/08/2016 09:15;1,1716;1,1704;0,10538;0,10532;0,687;0,6865
29/08/2016 09:30;1,1715;1,1703;0,10535;0,10527;0,687;0,6868
29/08/2016 09:45;1,1713;1,1703;0,1053;0,10527;0,6872;0,6868
29/08/2016 10:00;1,1718;1,1708;0,10529;0,10522;0,6875;0,687
29/08/2016 10:15;1,1713;1,1705;0,10529;0,10521;0,6875;0,6873
29/08/2016 10:30;1,1713;1,1704;0,10531;0,10527;0,6876;0,6872
29/08/2016 10:45;1,1718;1,1708;0,10536;0,10528;0,6876;0,6873
29/08/2016 11:00;1,1718;1,1713;0,10536;0,10528;0,6875;0,6873
29/08/2016 11:15;1,1714;1,1709;0,10537;0,10534;0,6875;0,6872
29/08/2016 11:30;1,1712;1,1709;0,10535;0,10534;0,6874;0,6871
29/08/2016 11:45;1,1718;1,1711;0,1054;0,10535;0,6874;0,6872
29/08/2016 12:00;1,1717;1,1711;0,10541;0,10539;0,6873;0,6872
29/08/2016 12:15;1,1715;1,1703;0,1054;0,10537;0,6873;0,6868
29/08/2016 12:30;1,1707;1,1697;0,10539;0,10536;0,6873;0,6871
29/08/2016 12:45;1,1706;1,1697;0,1054;0,10538;0,6876;0,6871
29/08/2016 13:00;1,1709;1,1705;0,10538;0,10533;0,6877;0,6875
29/08/2016 13:15;1,1712;1,1706;0,10535;0,10532;0,6878;0,6876
29/08/2016 13:30;1,1707;1,1697;0,10534;0,1053;0,6879;0,6876
29/08/2016 13:45;1,1703;1,1696;0,10534;0,10529;0,6878;0,6873
29/08/2016 14:00;1,1705;1,1697;0,10533;0,10531;0,688;0,6876
29/08/2016 14:15;1,1705;1,1697;0,10533;0,1053;0,688;0,6877
29/08/2016 14:30;1,1707;1,1695;0,10535;0,10531;0,6881;0,6874
29/08/2016 14:45;1,1707;1,1701;0,10535;0,10534;0,6878;0,6874
29/08/2016 15:00;1,1706;1,1697;0,10541;0,10535;0,6878;0,6873
29/08/2016 15:15;1,1707;1,1699;0,10544;0,10538;0,6878;0,6871
29/08/2016 15:30;1,1714;1,1701;0,10547;0,10543;0,6873;0,6868
29/08/2016 15:45;1,1717;1,1708;0,10545;0,10541;0,6871;0,6866
29/08/2016 16:00;1,1711;1,1705;0,10541;0,10537;0,6872;0,6868
29/08/2016 16:15;1,1714;1,1707;0,10542;0,10534;0,6875;0,687
29/08/2016 16:30;1,1709;1,1704;0,10546;0,10536;0,6871;0,6864
29/08/2016 16:45;1,1718;1,1705;0,10558;0,10546;0,6872;0,6861
29/08/2016 17:00;1,171;1,1702;0,10558;0,10548;0,6877;0,6872
29/08/2016 17:15;1,171;1,1703;0,10553;0,10546;0,6875;0,6871
29/08/2016 17:30;1,1712;1,1705;0,10553;0,10547;0,6873;0,6869
29/08/2016 17:45;1,1711;1,1704;0,10553;0,10551;0,6873;0,6869
29/08/2016 18:00;1,1707;1,1702;0,10556;0,1055;0,6872;0,6868
29/08/2016 18:15;1,1707;1,1702;0,10555;0,10554;0,6872;0,6868
29/08/2016 18:30;1,1706;1,1701;0,1056;0,10555;0,687;0,6868
29/08/2016 18:45;1,1707;1,1703;0,1056;0,10552;0,6869;0,6866
29/08/2016 19:00;1,171;1,1702;0,10555;0,10553;0,6868;0,6864
29/08/2016 19:15;1,1708;1,1703;0,10563;0,10554;0,6868;0,6865
29/08/2016 19:30;1,1712;1,1704;0,10564;0,10561;0,6869;0,6867
29/08/2016 19:45;1,1716;1,1709;0,10565;0,1056;0,6871;0,6868
29/08/2016 20:00;1,1722;1,1712;0,10565;0,10557;0,6871;0,6869
29/08/2016 20:15;1,1723;1,1715;0,10564;0,10559;0,687;0,6867
29/08/2016 20:30;1,1722;1,1718;0,10561;0,10558;0,6868;0,6865
29/08/2016 20:45;1,1722;1,1718;0,10563;0,10558;0,6867;0,6865
29/08/2016 21:00;1,1722;1,1719;0,10561;0,10553;0,6869;0,6866
29/08/2016 21:15;1,172;1,1717;0,10555;0,10554;0,6869;0,6866
29/08/2016 21:30;1,1719;1,1713;0,10554;0,10554;0,6868;0,6865
29/08/2016 21:45;1,1716;1,1712;0,10555;0,10552;0,6868;0,6865
29/08/2016 22:00;1,1718;1,1714;0,10556;0,10555;0,6865;0,6863
29/08/2016 22:15;1,1718;1,1713;0,10556;0,10555;0,6867;0,6864
29/08/2016 22:30;1,1714;1,1712;0,10555;0,10552;0,6866;0,6864
29/08/2016 22:45;1,1714;1,171;0,10556;0,10552;0,6869;0,6866
29/08/2016 23:00;1,1714;1,1708;0,10558;0,10554;0,6869;0,6866
29/08/2016 23:15;1,1717;1,1711;0,10557;0,10555;0,6869;0,6864
29/08/2016 23:30;1,1715;1,171;0,10557;0,10553;0,6868;0,6865
29/08/2016 23:45;1,1717;1,1713;0,10555;0,10553;0,6869;0,6866
30/08/2016;1,1717;1,1714;0,10556;0,10553;0,6869;0,6866
30/08/2016 00:15;1,1718;1,1714;0,10555;0,10552;0,6868;0,6867
30/08/2016 00:30;1,1718;1,1714;0,10559;0,10553;0,6868;0,6866
30/08/2016 00:45;1,1716;1,1713;0,10558;0,10557;0,6867;0,6866
30/08/2016 01:00;1,1719;1,1714;0,10559;0,10555;0,6869;0,6867
30/08/2016 01:15;1,1717;1,171;0,10555;0,10555;0,6869;0,6867
30/08/2016 01:30;1,1724;1,171;0,10555;0,10554;0,6869;0,6867
30/08/2016 01:45;1,1717;1,1709;0,10555;0,10554;0,6867;0,6866
30/08/2016 02:00;1,1717;1,1711;0,10556;0,10554;0,6869;0,6867
30/08/2016 02:15;1,172;1,1715;0,10554;0,10554;0,6872;0,6869
30/08/2016 02:30;1,172;1,1714;0,10554;0,10553;0,6871;0,6869
30/08/2016 02:45;1,172;1,1716;0,10554;0,10553;0,687;0,6868
30/08/2016 03:00;1,172;1,1717;0,10554;0,10553;0,687;0,6868
30/08/2016 03:15;1,1723;1,1717;0,10554;0,10552;0,6871;0,6868
30/08/2016 03:30;1,1723;1,171;0,10553;0,10552;0,6872;0,687
30/08/2016 03:45;1,1716;1,1709;0,10553;0,10551;0,6871;0,687
30/08/2016 04:00;1,1712;1,1707;0,10553;0,10551;0,687;0,6868
30/08/2016 04:15;1,1708;1,1705;0,10552;0,10552;0,687;0,6869
30/08/2016 04:30;1,1709;1,1706;0,10552;0,10551;0,6873;0,687
30/08/2016 04:45;1,1715;1,1708;0,10553;0,10551;0,6873;0,6872
30/08/2016 05:00;1,1715;1,1713;0,10552;0,10552;0,6873;0,6872
30/08/2016 05:15;1,1716;1,1712;0,10552;0,1055;0,6873;0,6871
30/08/2016 05:30;1,1716;1,1712;0,10551;0,1055;0,6873;0,6871
30/08/2016 05:45;1,1715;1,1711;0,10552;0,1055;0,6872;0,6871
30/08/2016 06:00;1,1714;1,171;0,10553;0,10552;0,6872;0,6871
30/08/2016 06:15;1,1716;1,1712;0,10553;0,10552;0,6872;0,6871
30/08/2016 06:30;1,1715;1,171;0,10553;0,10552;0,6873;0,6872
30/08/2016 06:45;1,1715;1,1712;0,10553;0,10552;0,6874;0,6872
30/08/2016 07:00;1,1714;1,1711;0,10553;0,10552;0,6873;0,6872
30/08/2016 07:15;1,1714;1,1711;0,10553;0,10552;0,6872;0,6871
30/08/2016 07:30;1,1715;1,1711;0,10554;0,10553;0,6873;0,6871
30/08/2016 07:45;1,1714;1,1705;0,10554;0,10553;0,6873;0,6871
30/08/2016 08:00;1,1709;1,1705;0,10554;0,10549;0,6873;0,6872
30/08/2016 08:15;1,1708;1,1702;0,1055;0,10548;0,6872;0,6869
30/08/2016 08:30;1,1708;1,17;0,1055;0,10546;0,6871;0,6868
30/08/2016 08:45;1,1701;1,1693;0,10547;0,10544;0,6869;0,6865
30/08/2016 09:00;1,1705;1,1696;0,10545;0,10538;0,6868;0,6864
30/08/2016 09:15;1,1711;1,1699;0,10541;0,10536;0,6869;0,6864
30/08/2016 09:30;1,1714;1,1704;0,10545;0,10541;0,687;0,6867
30/08/2016 09:45;1,1724;1,1708;0,10546;0,10544;0,6869;0,6866
30/08/2016 10:00;1,1713;1,1704;0,10544;0,10538;0,687;0,6864
30/08/2016 10:15;1,1712;1,1704;0,10539;0,10535;0,6866;0,6864
30/08/2016 10:30;1,1712;1,1697;0,10537;0,10534;0,6863;0,686
30/08/2016 10:45;1,1706;1,1698;0,10538;0,10534;0,6865;0,6863
30/08/2016 11:00;1,1712;1,1699;0,10537;0,10533;0,6866;0,6863
30/08/2016 11:15;1,1715;1,171;0,10534;0,10532;0,687;0,6866
30/08/2016 11:30;1,1714;1,171;0,10533;0,10531;0,6871;0,6869
30/08/2016 11:45;1,1712;1,1706;0,10531;0,10526;0,687;0,6865
30/08/2016 12:00;1,1712;1,1704;0,10527;0,10525;0,6868;0,6865
30/08/2016 12:15;1,1719;1,1709;0,10526;0,10525;0,6869;0,6866
30/08/2016 12:30;1,1726;1,1717;0,10525;0,10519;0,6871;0,6867
30/08/2016 12:45;1,1723;1,1713;0,10527;0,10521;0,6867;0,6864
30/08/2016 13:00;1,1724;1,1716;0,10527;0,10525;0,6869;0,6866
30/08/2016 13:15;1,1735;1,1719;0,10528;0,10523;0,6872;0,6868
30/08/2016 13:30;1,1743;1,173;0,10527;0,10524;0,6874;0,6871
30/08/2016 13:45;1,1741;1,1733;0,10528;0,10524;0,6872;0,6869
30/08/2016 14:00;1,1743;1,1736;0,10528;0,10525;0,6871;0,6866
30/08/2016 14:15;1,1742;1,1735;0,10525;0,10523;0,6868;0,6865
30/08/2016 14:30;1,1744;1,1734;0,10526;0,10523;0,687;0,6866
30/08/2016 14:45;1,175;1,1738;0,10525;0,10515;0,6869;0,6866
30/08/2016 15:00;1,1744;1,1737;0,10514;0,10506;0,6869;0,6864
30/08/2016 15:15;1,1756;1,1738;0,10507;0,10497;0,6865;0,6861
30/08/2016 15:30;1,1758;1,175;0,10509;0,105;0,6866;0,6862
30/08/2016 15:45;1,1763;1,1753;0,10509;0,10506;0,6871;0,6866
30/08/2016 16:00;1,1768;1,1753;0,10506;0,10485;0,6873;0,6868
30/08/2016 16:15;1,1757;1,1751;0,10497;0,10492;0,687;0,6862
30/08/2016 16:30;1,176;1,1752;0,105;0,10493;0,6865;0,6855
30/08/2016 16:45;1,1757;1,1743;0,10493;0,10489;0,6856;0,6853
30/08/2016 17:00;1,1749;1,1742;0,10497;0,10491;0,6863;0,6853
30/08/2016 17:15;1,1749;1,1744;0,10498;0,10494;0,6861;0,6858
30/08/2016 17:30;1,1747;1,1733;0,10501;0,10498;0,6859;0,6857
30/08/2016 17:45;1,1737;1,1731;0,10503;0,105;0,686;0,6857
30/08/2016 18:00;1,1735;1,1729;0,10502;0,10499;0,686;0,6857
30/08/2016 18:15;1,1737;1,1731;0,10501;0,10496;0,6861;0,6857
30/08/2016 18:30;1,1741;1,1734;0,10496;0,10496;0,6864;0,6859
30/08/2016 18:45;1,174;1,1733;0,10497;0,10496;0,6863;0,6862
30/08/2016 19:00;1,1736;1,1731;0,10498;0,10496;0,6865;0,6861
30/08/2016 19:15;1,1741;1,1731;0,10498;0,10497;0,6864;0,6862
30/08/2016 19:30;1,1743;1,1737;0,10498;0,10496;0,6864;0,6862
30/08/2016 19:45;1,175;1,174;0,10502;0,10496;0,6867;0,6864
30/08/2016 20:00;1,1746;1,1742;0,10503;0,10499;0,6867;0,6863
30/08/2016 20:15;1,1747;1,1741;0,10501;0,10501;0,6866;0,6862
30/08/2016 20:30;1,1744;1,1738;0,10501;0,105;0,6861;0,6859
30/08/2016 20:45;1,1746;1,1739;0,10505;0,10501;0,6861;0,6859
30/08/2016 21:00;1,1747;1,1738;0,10506;0,10504;0,6862;0,6858
30/08/2016 21:15;1,1739;1,1735;0,10505;0,10504;0,6858;0,6855
30/08/2016 21:30;1,1741;1,1737;0,10505;0,10503;0,6855;0,685
30/08/2016 21:45;1,174;1,1734;0,10507;0,10504;0,6854;0,6851
30/08/2016 22:00;1,1739;1,1735;0,10507;0,10506;0,6854;0,6852
30/08/2016 22:15;1,1738;1,1735;0,10509;0,10506;0,6855;0,6853
30/08/2016 22:30;1,1737;1,1735;0,10509;0,10507;0,6853;0,6852
30/08/2016 22:45;1,1741;1,1735;0,10509;0,10505;0,6852;0,685
30/08/2016 23:00;1,1742;1,1732;0,10509;0,10507;0,6853;0,6851
30/08/2016 23:15;1,174;1,1735;0,1051;0,10508;0,6854;0,6852
30/08/2016 23:30;1,1741;1,1739;0,1051;0,10509;0,6854;0,6853
30/08/2016 23:45;1,174;1,1736;0,1051;0,10509;0,6853;0,685
31/08/2016;1,1739;1,1735;0,10511;0,1051;0,6853;0,6851
31/08/2016 00:15;1,1738;1,1736;0,1051;0,1051;0,6853;0,6852
31/08/2016 00:30;1,1739;1,1736;0,1051;0,10509;0,6853;0,6851
31/08/2016 00:45;1,1739;1,1735;0,1051;0,10509;0,6853;0,6852
31/08/2016 01:00;1,1736;1,1735;0,1051;0,10509;0,6853;0,6852
31/08/2016 01:15;1,1736;1,1733;0,1051;0,10509;0,6852;0,6851
31/08/2016 01:30;1,1735;1,1734;0,1051;0,10509;0,6852;0,6851
31/08/2016 01:45;1,1742;1,1734;0,1051;0,10509;0,6853;0,685
31/08/2016 02:00;1,1742;1,1738;0,10511;0,10509;0,6854;0,6852
31/08/2016 02:15;1,1738;1,1734;0,10511;0,10509;0,6852;0,685
31/08/2016 02:30;1,174;1,1732;0,1051;0,10509;0,6851;0,6849
31/08/2016 02:45;1,1736;1,1728;0,1051;0,10509;0,685;0,6847
31/08/2016 03:00;1,1737;1,173;0,1051;0,1051;0,6849;0,6847
31/08/2016 03:15;1,1737;1,1734;0,10513;0,1051;0,6851;0,6849
31/08/2016 03:30;1,1736;1,1734;0,10513;0,10512;0,685;0,6846
31/08/2016 03:45;1,1743;1,1733;0,10516;0,10513;0,6851;0,6846
31/08/2016 04:00;1,1742;1,1729;0,10518;0,10516;0,685;0,6847
31/08/2016 04:15;1,175;1,1739;0,10518;0,10518;0,685;0,6848
31/08/2016 04:30;1,175;1,1746;0,10518;0,10517;0,6851;0,6849
31/08/2016 04:45;1,1753;1,1748;0,10519;0,10517;0,6852;0,6849
31/08/2016 05:00;1,1752;1,1749;0,10519;0,10518;0,6851;0,6848
31/08/2016 05:15;1,1754;1,1749;0,10519;0,10519;0,685;0,6847
31/08/2016 05:30;1,1755;1,1751;0,10519;0,10517;0,6847;0,6846
31/08/2016 05:45;1,1752;1,1747;0,10518;0,10517;0,6849;0,6847
31/08/2016 06:00;1,1749;1,1746;0,10518;0,10518;0,685;0,6849
31/08/2016 06:15;1,1749;1,1746;0,10518;0,10517;0,6849;0,6848
31/08/2016 06:30;1,1748;1,1745;0,10518;0,10517;0,685;0,6848
31/08/2016 06:45;1,1749;1,1745;0,10518;0,10517;0,685;0,6849
31/08/2016 07:00;1,1748;1,1745;0,10517;0,10515;0,685;0,6849
31/08/2016 07:15;1,1748;1,1743;0,10516;0,10514;0,6851;0,6849
31/08/2016 07:30;1,1747;1,1741;0,10516;0,10514;0,6852;0,6849
31/08/2016 07:45;1,1747;1,1741;0,10516;0,10515;0,6852;0,6851
31/08/2016 08:00;1,1748;1,1741;0,10516;0,10512;0,6852;0,6849
31/08/2016 08:15;1,1752;1,1742;0,10513;0,10511;0,6851;0,6848
31/08/2016 08:30;1,1754;1,1749;0,10514;0,10507;0,6853;0,6851
31/08/2016 08:45;1,1756;1,175;0,10512;0,10504;0,6856;0,6851
31/08/2016 09:00;1,1758;1,1752;0,10517;0,1051;0,6857;0,6854
31/08/2016 09:15;1,1764;1,1756;0,10516;0,10506;0,6856;0,6852
31/08/2016 09:30;1,1768;1,1758;0,10513;0,10501;0,6855;0,6852
31/08/2016 09:45;1,1765;1,176;0,10502;0,10498;0,6856;0,6853
31/08/2016 10:00;1,1784;1,1764;0,10504;0,105;0,6856;0,6851
31/08/2016 10:15;1,1801;1,1778;0,1052;0,10503;0,6854;0,6851
31/08/2016 10:30;1,1797;1,1787;0,10518;0,10515;0,6853;0,685
31/08/2016 10:45;1,1802;1,1789;0,10519;0,10515;0,6853;0,6849
31/08/2016 11:00;1,18;1,1789;0,10515;0,10511;0,6855;0,6853
31/08/2016 11:15;1,1796;1,1785;0,10515;0,10513;0,6858;0,6854
31/08/2016 11:30;1,179;1,1782;0,10514;0,10508;0,6856;0,6851
31/08/2016 11:45;1,1784;1,1775;0,1051;0,10506;0,6852;0,6849
31/08/2016 12:00;1,1783;1,1778;0,1051;0,10506;0,6853;0,6848
31/08/2016 12:15;1,1785;1,1778;0,1051;0,10508;0,6849;0,6846
31/08/2016 12:30;1,1796;1,1782;0,1051;0,10505;0,6849;0,6846
31/08/2016 12:45;1,1798;1,1789;0,10512;0,10506;0,6851;0,6848
31/08/2016 13:00;1,1796;1,1789;0,10514;0,10508;0,6852;0,6849
31/08/2016 13:15;1,1797;1,1793;0,10513;0,10509;0,6855;0,6851
31/08/2016 13:30;1,18;1,1794;0,10514;0,10512;0,6855;0,6854
31/08/2016 13:45;1,1797;1,1793;0,10515;0,10512;0,6857;0,6854
31/08/2016 14:00;1,1796;1,1784;0,10514;0,10507;0,6858;0,6853
31/08/2016 14:15;1,1795;1,1779;0,10509;0,10501;0,6857;0,685
31/08/2016 14:30;1,1783;1,1769;0,10502;0,10499;0,6858;0,6847
31/08/2016 14:45;1,1771;1,1762;0,105;0,10486;0,6848;0,6844
31/08/2016 15:00;1,1773;1,1767;0,10493;0,10487;0,6847;0,6842
31/08/2016 15:15;1,1767;1,1752;0,10493;0,10489;0,6847;0,6843
31/08/2016 15:30;1,176;1,1748;0,10489;0,10486;0,6846;0,6842
31/08/2016 15:45;1,1756;1,1745;0,10486;0,10484;0,6844;0,6841
31/08/2016 16:00;1,1781;1,1751;0,10486;0,10483;0,6843;0,6832
31/08/2016 16:15;1,178;1,1768;0,10484;0,10481;0,684;0,6834
31/08/2016 16:30;1,18;1,1773;0,10483;0,10467;0,6838;0,6831
31/08/2016 16:45;1,179;1,1758;0,10474;0,10464;0,6844;0,6836
31/08/2016 17:00;1,1766;1,1754;0,10475;0,10467;0,6844;0,6834
31/08/2016 17:15;1,1772;1,1761;0,10472;0,10464;0,6834;0,6829
31/08/2016 17:30;1,1773;1,1767;0,10469;0,10466;0,6835;0,683
31/08/2016 17:45;1,1784;1,177;0,10474;0,10468;0,6837;0,6834
31/08/2016 18:00;1,1779;1,1772;0,10469;0,10464;0,6837;0,6832
31/08/2016 18:15;1,1776;1,1769;0,10467;0,10464;0,6832;0,6825
31/08/2016 18:30;1,1775;1,1769;0,10471;0,10464;0,6827;0,6824
31/08/2016 18:45;1,1777;1,177;0,10472;0,1047;0,6829;0,6825
31/08/2016 19:00;1,178;1,1773;0,1047;0,10464;0,6828;0,6825
31/08/2016 19:15;1,1777;1,177;0,10466;0,10463;0,6828;0,6825
31/08/2016 19:30;1,1776;1,1771;0,10467;0,10464;0,6832;0,6827
31/08/2016 19:45;1,178;1,1772;0,1047;0,10465;0,6834;0,6831
31/08/2016 20:00;1,1776;1,1767;0,10473;0,1047;0,6836;0,6831
31/08/2016 20:15;1,1775;1,1768;0,10473;0,10467;0,6835;0,6833
31/08/2016 20:30;1,1773;1,1768;0,10472;0,10467;0,6835;0,6834
31/08/2016 20:45;1,1774;1,1762;0,10472;0,10466;0,6838;0,6832
31/08/2016 21:00;1,1774;1,1763;0,10474;0,10466;0,6835;0,6832
31/08/2016 21:15;1,1774;1,1766;0,10475;0,10472;0,6835;0,6832
31/08/2016 21:30;1,177;1,1764;0,10474;0,10472;0,6839;0,6834
31/08/2016 21:45;1,1775;1,1768;0,10473;0,10471;0,6839;0,6836
31/08/2016 22:00;1,1774;1,177;0,10472;0,10471;0,6838;0,6835
31/08/2016 22:15;1,1775;1,1771;0,10472;0,10471;0,6837;0,6835
31/08/2016 22:30;1,1776;1,1766;0,10472;0,10471;0,684;0,6836
31/08/2016 22:45;1,1776;1,1767;0,10475;0,10466;0,6841;0,6839
31/08/2016 23:00;1,178;1,1773;0,10469;0,10464;0,6839;0,6838
31/08/2016 23:15;1,1779;1,1776;0,1047;0,10466;0,6843;0,6839
31/08/2016 23:30;1,1779;1,1777;0,1047;0,10468;0,6842;0,6838
31/08/2016 23:45;1,1778;1,1773;0,10472;0,10469;0,6838;0,6837
01/09/2016;1,1777;1,1773;0,10475;0,1047;0,6838;0,6836
01/09/2016 00:15;1,1779;1,1775;0,10472;0,1047;0,6838;0,6836
01/09/2016 00:30;1,178;1,1777;0,10472;0,1047;0,6839;0,6836
01/09/2016 00:45;1,1781;1,1777;0,10471;0,10469;0,6838;0,6836
01/09/2016 01:00;1,1779;1,1773;0,10471;0,10469;0,6837;0,6836
01/09/2016 01:15;1,1778;1,1773;0,1047;0,1047;0,6837;0,6836
01/09/2016 01:30;1,1777;1,1771;0,1047;0,10469;0,6837;0,6835
01/09/2016 01:45;1,1778;1,1768;0,1047;0,10469;0,6837;0,6836
01/09/2016 02:00;1,1777;1,177;0,1047;0,10469;0,6839;0,6836
01/09/2016 02:15;1,1779;1,1775;0,1047;0,10468;0,6839;0,6836
01/09/2016 02:30;1,1778;1,1774;0,10469;0,10469;0,6838;0,6835
01/09/2016 02:45;1,1776;1,1769;0,1047;0,10463;0,6838;0,6835
01/09/2016 03:00;1,1774;1,1768;0,10468;0,10461;0,6836;0,6835
01/09/2016 03:15;1,1773;1,1769;0,10466;0,10463;0,6835;0,6834
01/09/2016 03:30;1,1773;1,1769;0,10471;0,10464;0,6838;0,6834
01/09/2016 03:45;1,1775;1,1769;0,1047;0,10461;0,6842;0,6838
01/09/2016 04:00;1,1776;1,177;0,10467;0,10464;0,6841;0,6839
01/09/2016 04:15;1,1781;1,1774;0,10469;0,10467;0,6841;0,6839
01/09/2016 04:30;1,1782;1,1778;0,10468;0,10467;0,6841;0,684
01/09/2016 04:45;1,1786;1,1778;0,10468;0,10467;0,6842;0,684
01/09/2016 05:00;1,1787;1,1777;0,10468;0,10467;0,6841;0,6839
01/09/2016 05:15;1,1785;1,1779;0,10468;0,10467;0,684;0,6839
01/09/2016 05:30;1,1788;1,1784;0,10468;0,10468;0,6841;0,6839
01/09/2016 05:45;1,1786;1,1782;0,10468;0,10463;0,6842;0,6841
01/09/2016 06:00;1,1792;1,1782;0,10464;0,10463;0,6843;0,6841
01/09/2016 06:15;1,1789;1,1786;0,10464;0,10461;0,6843;0,6842
01/09/2016 06:30;1,1789;1,1785;0,10463;0,1046;0,6843;0,6841
01/09/2016 06:45;1,1788;1,1786;0,10461;0,1046;0,6846;0,6842
01/09/2016 07:00;1,1788;1,1785;0,10462;0,1046;0,6845;0,6844
01/09/2016 07:15;1,1788;1,1784;0,10462;0,10461;0,6846;0,6845
01/09/2016 07:30;1,1789;1,1785;0,10464;0,1046;0,6845;0,6845
01/09/2016 07:45;1,1788;1,1783;0,10465;0,10463;0,6845;0,6843
01/09/2016 08:00;1,1793;1,1785;0,10467;0,10463;0,6844;0,6842
01/09/2016 08:15;1,1794;1,1786;0,10473;0,10465;0,6846;0,6841
01/09/2016 08:30;1,1796;1,1787;0,10469;0,10453;0,6848;0,6844
01/09/2016 08:45;1,1795;1,1788;0,10454;0,10446;0,6847;0,6845
01/09/2016 09:00;1,1802;1,179;0,10454;0,10446;0,6849;0,6845
01/09/2016 09:15;1,1798;1,1792;0,10452;0,10448;0,6849;0,6846
01/09/2016 09:30;1,1807;1,1796;0,1045;0,10436;0,6848;0,6845
01/09/2016 09:45;1,1806;1,1796;0,10443;0,10432;0,6848;0,6843
01/09/2016 10:00;1,1807;1,1798;0,10439;0,10428;0,6845;0,6843
01/09/2016 10:15;1,181;1,18;0,10439;0,10431;0,6847;0,6842
01/09/2016 10:30;1,19;1,1806;0,10462;0,10438;0,6846;0,6841
01/09/2016 10:45;1,1897;1,1884;0,10465;0,10458;0,6846;0,6841
01/09/2016 11:00;1,1893;1,1883;0,10469;0,10461;0,6844;0,6841
01/09/2016 11:15;1,1899;1,1884;0,10474;0,10462;0,6847;0,6844
01/09/2016 11:30;1,1896;1,1877;0,10472;0,10467;0,6845;0,6839
01/09/2016 11:45;1,1892;1,1878;0,10477;0,10471;0,6842;0,684
01/09/2016 12:00;1,1892;1,1887;0,10473;0,10472;0,6842;0,684
01/09/2016 12:15;1,1891;1,1876;0,10478;0,10468;0,684;0,6837
01/09/2016 12:30;1,188;1,1874;0,10478;0,10472;0,684;0,6836
01/09/2016 12:45;1,188;1,1875;0,10474;0,10468;0,6838;0,6835
01/09/2016 13:00;1,1883;1,1875;0,10475;0,10467;0,6839;0,6835
01/09/2016 13:15;1,1882;1,1872;0,10468;0,10463;0,6838;0,6836
01/09/2016 13:30;1,1883;1,1874;0,10468;0,10467;0,6838;0,6836
01/09/2016 13:45;1,1884;1,1872;0,10474;0,10466;0,6836;0,6833
01/09/2016 14:00;1,1898;1,1878;0,10471;0,10463;0,6834;0,6832
01/09/2016 14:15;1,1903;1,1889;0,10472;0,10468;0,6833;0,6831
01/09/2016 14:30;1,1905;1,1893;0,10472;0,10463;0,6834;0,6831
01/09/2016 14:45;1,1905;1,1893;0,10467;0,10463;0,6835;0,6833
01/09/2016 15:00;1,191;1,1895;0,10466;0,10452;0,6837;0,6833
01/09/2016 15:15;1,1914;1,1904;0,10455;0,10443;0,6837;0,6834
01/09/2016 15:30;1,1916;1,1906;0,10451;0,1044;0,684;0,6832
01/09/2016 15:45;1,1911;1,1904;0,10444;0,10435;0,6837;0,6832
01/09/2016 16:00;1,1922;1,1907;0,10459;0,1044;0,6836;0,6826
01/09/2016 16:15;1,1914;1,1882;0,1045;0,10438;0,683;0,6824
01/09/2016 16:30;1,1888;1,1878;0,10441;0,10433;0,6828;0,6822
01/09/2016 16:45;1,1891;1,1876;0,10437;0,10431;0,6827;0,6823
01/09/2016 17:00;1,189;1,1875;0,10446;0,10431;0,6826;0,6822
01/09/2016 17:15;1,1883;1,1877;0,10444;0,10433;0,6826;0,6821
01/09/2016 17:30;1,1879;1,1867;0,10447;0,10439;0,6825;0,6821
01/09/2016 17:45;1,1869;1,1853;0,10447;0,1044;0,6822;0,6816
01/09/2016 18:00;1,1858;1,1851;0,10446;0,10435;0,6817;0,6814
01/09/2016 18:15;1,1863;1,1855;0,10437;0,10432;0,6821;0,6817
01/09/2016 18:30;1,1863;1,1858;0,10436;0,10434;0,6822;0,6816
01/09/2016 18:45;1,1866;1,1852;0,10436;0,10434;0,682;0,6813
01/09/2016 19:00;1,1858;1,1851;0,10436;0,10432;0,6816;0,681
01/09/2016 19:15;1,1857;1,1849;0,10434;0,10432;0,6817;0,6815
01/09/2016 19:30;1,1857;1,1852;0,10437;0,10432;0,6818;0,6815
01/09/2016 19:45;1,1857;1,1853;0,10436;0,10433;0,6819;0,6817
01/09/2016 20:00;1,1857;1,1849;0,10441;0,10433;0,6819;0,6813
01/09/2016 20:15;1,1852;1,1848;0,10441;0,10435;0,6814;0,6811
01/09/2016 20:30;1,1851;1,1847;0,10445;0,10441;0,6815;0,6812
01/09/2016 20:45;1,1851;1,1845;0,10444;0,10442;0,6818;0,6814
01/09/2016 21:00;1,1852;1,1847;0,10445;0,1044;0,682;0,6816
01/09/2016 21:15;1,185;1,1847;0,10441;0,10439;0,6819;0,6816
01/09/2016 21:30;1,1849;1,1844;0,10439;0,10434;0,6822;0,6819
01/09/2016 21:45;1,1847;1,1843;0,10442;0,10438;0,6823;0,682
01/09/2016 22:00;1,1846;1,1842;0,10441;0,10434;0,6823;0,682
01/09/2016 22:15;1,1847;1,1842;0,10441;0,10435;0,682;0,6819
01/09/2016 22:30;1,185;1,1847;0,10438;0,10435;0,682;0,6818
01/09/2016 22:45;1,1852;1,1849;0,10443;0,10437;0,6819;0,6816
01/09/2016 23:00;1,1854;1,1845;0,10444;0,10438;0,6823;0,6816
01/09/2016 23:15;1,1858;1,1852;0,10441;0,1044;0,682;0,6818
01/09/2016 23:30;1,1858;1,1852;0,10442;0,10439;0,6819;0,6819
01/09/2016 23:45;1,1859;1,1854;0,10443;0,10439;0,682;0,6819
02/09/2016;1,1858;1,1853;0,10445;0,1044;0,6821;0,6819
02/09/2016 00:15;1,1859;1,1855;0,10441;0,10438;0,6823;0,6821
02/09/2016 00:30;1,1858;1,1856;0,10442;0,10438;0,6822;0,682
02/09/2016 00:45;1,1858;1,1854;0,10442;0,10442;0,682;0,6818
02/09/2016 01:00;1,1856;1,1854;0,10442;0,10441;0,6821;0,6819
02/09/2016 01:15;1,1856;1,1854;0,10442;0,10439;0,6821;0,6821
02/09/2016 01:30;1,1858;1,1854;0,1044;0,10439;0,6821;0,682
02/09/2016 01:45;1,1858;1,1851;0,10439;0,10438;0,6821;0,6819
02/09/2016 02:00;1,1856;1,1852;0,10439;0,10438;0,682;0,6818
02/09/2016 02:15;1,1857;1,1851;0,10439;0,10438;0,682;0,6817
02/09/2016 02:30;1,1856;1,1848;0,10439;0,10436;0,6818;0,6816
02/09/2016 02:45;1,1851;1,1848;0,10436;0,10434;0,6817;0,6814
02/09/2016 03:00;1,1859;1,185;0,10435;0,10434;0,6819;0,6815
02/09/2016 03:15;1,1866;1,1858;0,10436;0,10435;0,682;0,6819
02/09/2016 03:30;1,1866;1,1862;0,10438;0,10435;0,682;0,6818
02/09/2016 03:45;1,187;1,1864;0,10437;0,10435;0,6821;0,6819
02/09/2016 04:00;1,1871;1,1859;0,10436;0,10435;0,6821;0,682
02/09/2016 04:15;1,1865;1,186;0,10436;0,10435;0,6821;0,682
02/09/2016 04:30;1,1865;1,1859;0,10438;0,10435;0,6822;0,6821
02/09/2016 04:45;1,1866;1,1861;0,10437;0,10436;0,6824;0,6822
02/09/2016 05:00;1,1864;1,1858;0,10437;0,10437;0,6822;0,682
02/09/2016 05:15;1,1859;1,1856;0,10437;0,10437;0,6822;0,6819
02/09/2016 05:30;1,1859;1,1856;0,10439;0,10437;0,6823;0,6821
02/09/2016 05:45;1,186;1,1856;0,10439;0,10436;0,6821;0,682
02/09/2016 06:00;1,1858;1,1849;0,10437;0,10436;0,6822;0,682
02/09/2016 06:15;1,1857;1,1853;0,10438;0,10437;0,6823;0,6821
02/09/2016 06:30;1,1859;1,1853;0,10439;0,10437;0,6822;0,6821
02/09/2016 06:45;1,186;1,1856;0,10439;0,10437;0,6822;0,6819
02/09/2016 07:00;1,186;1,1857;0,10438;0,10436;0,6821;0,6819
02/09/2016 07:15;1,1861;1,1858;0,10438;0,10436;0,6821;0,682
02/09/2016 07:30;1,1861;1,1858;0,10438;0,10435;0,682;0,6819
02/09/2016 07:45;1,1869;1,1859;0,10442;0,10438;0,6822;0,682
02/09/2016 08:00;1,1869;1,1859;0,10441;0,10438;0,6823;0,6819
02/09/2016 08:15;1,1865;1,1858;0,10442;0,10438;0,6822;0,6819
02/09/2016 08:30;1,1867;1,1858;0,10442;0,10437;0,6822;0,6819
02/09/2016 08:45;1,1865;1,1858;0,10443;0,10437;0,6821;0,6818
02/09/2016 09:00;1,1865;1,1852;0,10444;0,10437;0,6819;0,6814
02/09/2016 09:15;1,1857;1,1848;0,10437;0,10431;0,6816;0,6811
02/09/2016 09:30;1,1861;1,1848;0,10435;0,1043;0,6816;0,6811
02/09/2016 09:45;1,1868;1,1854;0,10431;0,10422;0,6817;0,6814
02/09/2016 10:00;1,1868;1,186;0,10429;0,10422;0,6819;0,6815
02/09/2016 10:15;1,1867;1,1862;0,10424;0,10406;0,6819;0,6817
02/09/2016 10:30;1,188;1,186;0,10411;0,10406;0,6821;0,6819
02/09/2016 10:45;1,1871;1,1862;0,10409;0,10397;0,6823;0,6819
02/09/2016 11:00;1,1878;1,1863;0,10417;0,10411;0,6824;0,6822
02/09/2016 11:15;1,1878;1,1868;0,10419;0,10412;0,6826;0,6824
02/09/2016 11:30;1,1873;1,1866;0,10414;0,1041;0,6827;0,6825
02/09/2016 11:45;1,187;1,1863;0,10413;0,10409;0,6827;0,6826
02/09/2016 12:00;1,187;1,1865;0,10416;0,10412;0,6829;0,6824
02/09/2016 12:15;1,1871;1,1863;0,10413;0,10395;0,6825;0,6823
02/09/2016 12:30;1,1868;1,1861;0,10399;0,10394;0,6828;0,6823
02/09/2016 12:45;1,1866;1,1853;0,10407;0,104;0,6827;0,6822
02/09/2016 13:00;1,1856;1,1851;0,1041;0,10405;0,6824;0,6823
02/09/2016 13:15;1,1856;1,1842;0,10414;0,10408;0,6825;0,6822
02/09/2016 13:30;1,1855;1,1842;0,10417;0,10411;0,6826;0,6823
02/09/2016 13:45;1,1861;1,1855;0,10417;0,10412;0,6824;0,6822
02/09/2016 14:00;1,1869;1,1855;0,10419;0,10415;0,6827;0,6823
02/09/2016 14:15;1,1874;1,185;0,10424;0,10417;0,6831;0,6824
02/09/2016 14:30;1,1883;1,1841;0,10437;0,10424;0,6836;0,6824
02/09/2016 14:45;1,1894;1,1877;0,10436;0,10426;0,685;0,6837
02/09/2016 15:00;1,1912;1,1891;0,10436;0,10432;0,6854;0,6848
02/09/2016 15:15;1,1912;1,1896;0,10446;0,10438;0,6858;0,6854
02/09/2016 15:30;1,1905;1,1891;0,10447;0,10441;0,6864;0,6853
02/09/2016 15:45;1,191;1,1901;0,10454;0,10442;0,6868;0,6863
02/09/2016 16:00;1,1929;1,1902;0,10445;0,1044;0,6874;0,6861
02/09/2016 16:15;1,1939;1,1922;0,10442;0,10432;0,6879;0,687
02/09/2016 16:30;1,1936;1,1922;0,1044;0,10432;0,6881;0,6876
02/09/2016 16:45;1,1928;1,1919;0,1044;0,1043;0,6881;0,6876
02/09/2016 17:00;1,1926;1,1911;0,10436;0,10434;0,6883;0,688
02/09/2016 17:15;1,1924;1,1911;0,10436;0,10429;0,689;0,6883
02/09/2016 17:30;1,1929;1,1914;0,10437;0,10434;0,6891;0,6888
02/09/2016 17:45;1,1919;1,1913;0,10436;0,10432;0,6894;0,689
02/09/2016 18:00;1,1924;1,1917;0,10434;0,10432;0,6895;0,6891
02/09/2016 18:15;1,1921;1,1913;0,10432;0,10431;0,6894;0,689
02/09/2016 18:30;1,1928;1,1918;0,10433;0,10432;0,6898;0,6894
02/09/2016 18:45;1,1926;1,192;0,10437;0,10432;0,6899;0,6894
02/09/2016 19:00;1,1923;1,1918;0,1044;0,10437;0,6895;0,6891
02/09/2016 19:15;1,1927;1,192;0,10447;0,1044;0,6897;0,6893
02/09/2016 19:30;1,1927;1,192;0,10448;0,10446;0,6898;0,6896
02/09/2016 19:45;1,1921;1,1917;0,10447;0,10442;0,6898;0,6896
02/09/2016 20:00;1,1922;1,1915;0,10443;0,10442;0,6897;0,6895
02/09/2016 20:15;1,1916;1,1912;0,10443;0,10442;0,6897;0,6894
02/09/2016 20:30;1,1914;1,1911;0,10447;0,10444;0,6894;0,6893
02/09/2016 20:45;1,1915;1,191;0,10448;0,10441;0,6894;0,6892
02/09/2016 21:00;1,1914;1,191;0,10448;0,10444;0,6897;0,6895
02/09/2016 21:15;1,1914;1,1911;0,10448;0,10446;0,6898;0,6896
02/09/2016 21:30;1,1915;1,1911;0,10448;0,10446;0,6898;0,6897
02/09/2016 21:45;1,1918;1,1913;0,10448;0,10447;0,6899;0,6896
02/09/2016 22:00;1,1919;1,1915;0,10448;0,10446;0,6901;0,6898
02/09/2016 22:15;1,1918;1,1917;0,10445;0,10444;0,69;0,6898
02/09/2016 22:30;1,1918;1,1916;0,10446;0,10444;0,6902;0,69
02/09/2016 22:45;1,1921;1,1912;0,10445;0,10438;0,6904;0,6901
04/09/2016 21:00;1,1931;1,1924;0,10444;0,1044;0,6904;0,6903
04/09/2016 21:15;1,1933;1,1923;0,10446;0,10441;0,6906;0,6901
04/09/2016 21:30;1,193;1,1919;0,10445;0,10438;0,6903;0,6897
04/09/2016 21:45;1,1928;1,1921;0,10442;0,10441;0,6906;0,6902
04/09/2016 22:00;1,1924;1,1919;0,10444;0,10441;0,6906;0,6901
04/09/2016 22:15;1,1921;1,1921;0,10446;0,10444;0,6901;0,6901
04/09/2016 22:30;1,1921;1,1919;0,10445;0,10444;0,6903;0,6899
04/09/2016 22:45;1,1924;1,1918;0,10445;0,10443;0,6902;0,6895
04/09/2016 23:00;1,1926;1,1916;0,10444;0,10443;0,6899;0,6895
04/09/2016 23:15;1,1932;1,192;0,10445;0,10443;0,6901;0,6896
04/09/2016 23:30;1,1927;1,1921;0,10444;0,10443;0,69;0,6898
04/09/2016 23:45;1,1926;1,192;0,10444;0,10443;0,6903;0,69
05/09/2016;1,1926;1,1919;0,10447;0,10443;0,6903;0,6901
05/09/2016 00:15;1,1921;1,1915;0,10447;0,10446;0,6903;0,69
05/09/2016 00:30;1,192;1,1914;0,10447;0,10446;0,6901;0,69
05/09/2016 00:45;1,1917;1,1914;0,10447;0,10446;0,6901;0,6899
05/09/2016 01:00;1,1916;1,1912;0,10447;0,10446;0,6901;0,6898
05/09/2016 01:15;1,1915;1,1912;0,10447;0,10446;0,6898;0,6898
05/09/2016 01:30;1,1917;1,1914;0,10447;0,10446;0,6899;0,6898
05/09/2016 01:45;1,1916;1,1913;0,10446;0,10446;0,6898;0,6896
05/09/2016 02:00;1,1915;1,1912;0,10447;0,10446;0,6902;0,6896
05/09/2016 02:15;1,1917;1,191;0,10447;0,10447;0,6902;0,69
05/09/2016 02:30;1,1919;1,1914;0,10448;0,10446;0,6904;0,6901
05/09/2016 02:45;1,192;1,1914;0,10449;0,10448;0,6904;0,69
05/09/2016 03:00;1,1918;1,1912;0,10452;0,10449;0,6902;0,6899
05/09/2016 03:15;1,1919;1,1912;0,10452;0,10452;0,6903;0,6901
05/09/2016 03:30;1,1919;1,1915;0,10452;0,10451;0,6905;0,6902
05/09/2016 03:45;1,1921;1,1915;0,10451;0,10451;0,6905;0,6903
05/09/2016 04:00;1,1924;1,192;0,10452;0,10451;0,6904;0,6902
05/09/2016 04:15;1,1922;1,192;0,10452;0,10451;0,6904;0,6902
05/09/2016 04:30;1,1922;1,1917;0,10452;0,10451;0,6909;0,6903
05/09/2016 04:45;1,1924;1,192;0,10452;0,10452;0,6909;0,6905
05/09/2016 05:00;1,1925;1,1922;0,10452;0,10452;0,6908;0,6904
05/09/2016 05:15;1,1927;1,1922;0,10453;0,10452;0,6908;0,6906
05/09/2016 05:30;1,1924;1,1922;0,10453;0,10452;0,6907;0,6906
05/09/2016 05:45;1,1925;1,1922;0,10453;0,10452;0,6908;0,6906
05/09/2016 06:00;1,1927;1,1922;0,10452;0,10452;0,6908;0,6906
05/09/2016 06:15;1,1928;1,1924;0,10453;0,10452;0,6909;0,6907
05/09/2016 06:30;1,193;1,1925;0,10452;0,10452;0,6909;0,6907
05/09/2016 06:45;1,1927;1,1924;0,10452;0,10452;0,6908;0,6906
05/09/2016 07:00;1,1926;1,1922;0,10453;0,10451;0,6907;0,6905
05/09/2016 07:15;1,1923;1,1917;0,10452;0,10451;0,6906;0,6905
05/09/2016 07:30;1,1922;1,191;0,10453;0,10451;0,6906;0,6903
05/09/2016 07:45;1,1915;1,1908;0,10453;0,10452;0,6906;0,6905
05/09/2016 08:00;1,192;1,1913;0,10453;0,1045;0,6907;0,6903
05/09/2016 08:15;1,192;1,1913;0,10457;0,10449;0,6904;0,6903
05/09/2016 08:30;1,1921;1,191;0,10457;0,10452;0,6905;0,6903
05/09/2016 08:45;1,1911;1,1903;0,10455;0,10451;0,6905;0,6903
05/09/2016 09:00;1,1911;1,1896;0,10459;0,10452;0,6908;0,6905
05/09/2016 09:15;1,1912;1,1897;0,10461;0,10452;0,6918;0,6906
05/09/2016 09:30;1,1908;1,1898;0,10467;0,10449;0,6917;0,6913
05/09/2016 09:45;1,1904;1,1897;0,10461;0,10449;0,6915;0,6911
05/09/2016 10:00;1,1918;1,1903;0,10463;0,10452;0,6918;0,6912
05/09/2016 10:15;1,1925;1,1914;0,10455;0,1045;0,6917;0,6914
05/09/2016 10:30;1,1967;1,1918;0,1046;0,10453;0,6929;0,6917
05/09/2016 10:45;1,1973;1,1956;0,10458;0,10452;0,6933;0,6925
05/09/2016 11:00;1,1969;1,1955;0,10454;0,10451;0,6934;0,6932
05/09/2016 11:15;1,1964;1,1955;0,10462;0,10453;0,6937;0,6934
05/09/2016 11:30;1,1955;1,1935;0,10461;0,10457;0,6937;0,6923
05/09/2016 11:45;1,1941;1,1928;0,10465;0,10458;0,6928;0,6922
05/09/2016 12:00;1,1948;1,1934;0,10466;0,10464;0,693;0,6924
05/09/2016 12:15;1,1948;1,1936;0,10466;0,10463;0,6927;0,6919
05/09/2016 12:30;1,194;1,1932;0,10465;0,10462;0,6923;0,6919
05/09/2016 12:45;1,1942;1,1935;0,10465;0,10462;0,6924;0,692
05/09/2016 13:00;1,1946;1,194;0,10468;0,10462;0,6925;0,6922
05/09/2016 13:15;1,1946;1,1935;0,10469;0,10465;0,6926;0,6923
05/09/2016 13:30;1,1938;1,1931;0,10469;0,10465;0,6925;0,692
05/09/2016 13:45;1,194;1,1933;0,10469;0,10467;0,6922;0,6921
05/09/2016 14:00;1,1956;1,1934;0,10474;0,10469;0,6926;0,6923
05/09/2016 14:15;1,1959;1,1942;0,10475;0,10472;0,6927;0,6924
05/09/2016 14:30;1,1948;1,1942;0,10474;0,10471;0,6926;0,6922
05/09/2016 14:45;1,1947;1,1943;0,1048;0,1047;0,6929;0,6924
05/09/2016 15:00;1,1956;1,1944;0,1048;0,10479;0,6936;0,6927
05/09/2016 15:15;1,196;1,1954;0,10482;0,10479;0,6941;0,6936
05/09/2016 15:30;1,1961;1,1956;0,10482;0,10477;0,694;0,6936
05/09/2016 15:45;1,1963;1,1955;0,10478;0,10476;0,6943;0,6937
05/09/2016 16:00;1,196;1,1937;0,10477;0,10475;0,6944;0,6939
05/09/2016 16:15;1,1938;1,1925;0,10476;0,10472;0,6946;0,6939
05/09/2016 16:30;1,1937;1,1929;0,10472;0,10467;0,694;0,6938
05/09/2016 16:45;1,1934;1,1924;0,10468;0,10463;0,6944;0,6936
05/09/2016 17:00;1,1933;1,1927;0,10472;0,10464;0,6943;0,6939
05/09/2016 17:15;1,1945;1,193;0,10474;0,10469;0,6946;0,6942
05/09/2016 17:30;1,1944;1,1937;0,10475;0,10468;0,6946;0,6943
05/09/2016 17:45;1,1942;1,1934;0,10473;0,10468;0,6946;0,6943
05/09/2016 18:00;1,1941;1,1937;0,10473;0,10471;0,6944;0,6942
05/09/2016 18:15;1,1942;1,1938;0,10474;0,10471;0,6942;0,6939
05/09/2016 18:30;1,1946;1,1941;0,10474;0,10472;0,6941;0,6939
05/09/2016 18:45;1,1943;1,1937;0,10472;0,10469;0,6939;0,6936
05/09/2016 19:00;1,1938;1,1936;0,10474;0,1047;0,6937;0,6936
05/09/2016 19:15;1,1936;1,193;0,10474;0,10473;0,6937;0,6935
05/09/2016 19:30;1,1934;1,193;0,10474;0,10473;0,6936;0,6935
05/09/2016 19:45;1,1935;1,1928;0,10474;0,10472;0,6934;0,6934
05/09/2016 20:00;1,1936;1,1928;0,10473;0,10472;0,6934;0,6934
05/09/2016 20:15;1,1933;1,1929;0,10473;0,10472;0,6935;0,6934
05/09/2016 20:30;1,193;1,1926;0,10473;0,10472;0,6936;0,6935
05/09/2016 20:45;1,193;1,1928;0,10473;0,10473;0,6936;0,6935
05/09/2016 21:00;1,1934;1,1928;0,10474;0,10473;0,6937;0,6934
05/09/2016 21:15;1,193;1,1927;0,10474;0,10473;0,6937;0,6935
05/09/2016 21:30;1,1932;1,1927;0,10475;0,10474;0,6937;0,6936
05/09/2016 21:45;1,1934;1,1928;0,10475;0,10473;0,6938;0,6936
05/09/2016 22:00;1,1935;1,1929;0,10476;0,10475;0,6939;0,6937
05/09/2016 22:15;1,1932;1,1929;0,10475;0,10475;0,6937;0,6936
05/09/2016 22:30;1,1932;1,1931;0,10475;0,10474;0,6937;0,6936
05/09/2016 22:45;1,1935;1,1931;0,10476;0,1047;0,6939;0,6937
05/09/2016 23:00;1,1938;1,1931;0,10471;0,10469;0,6939;0,6937
05/09/2016 23:15;1,1937;1,1935;0,1047;0,10468;0,6938;0,6937
05/09/2016 23:30;1,1938;1,1936;0,1047;0,10469;0,6939;0,6938
05/09/2016 23:45;1,194;1,1936;0,1047;0,10469;0,694;0,6938
06/09/2016;1,194;1,1933;0,10476;0,10467;0,6939;0,6935
06/09/2016 00:15;1,1936;1,1933;0,1047;0,10468;0,6938;0,6936
06/09/2016 00:30;1,1936;1,1933;0,1047;0,10469;0,6938;0,6937
06/09/2016 00:45;1,1934;1,193;0,10469;0,10469;0,6937;0,6936
06/09/2016 01:00;1,1932;1,1928;0,1047;0,10469;0,6938;0,6937
06/09/2016 01:15;1,1932;1,1928;0,1047;0,10469;0,6938;0,6937
06/09/2016 01:30;1,1932;1,1929;0,10474;0,1047;0,6938;0,6936
06/09/2016 01:45;1,1938;1,1931;0,10474;0,10473;0,6937;0,6935
06/09/2016 02:00;1,1941;1,1937;0,10473;0,10473;0,6939;0,6936
06/09/2016 02:15;1,1939;1,1932;0,10475;0,10473;0,694;0,6938
06/09/2016 02:30;1,1939;1,1935;0,10477;0,10474;0,6941;0,6939
06/09/2016 02:45;1,1943;1,1936;0,10477;0,10476;0,6941;0,6938
06/09/2016 03:00;1,1946;1,194;0,10477;0,10477;0,6941;0,6939
06/09/2016 03:15;1,1945;1,1942;0,10477;0,10476;0,694;0,6938
06/09/2016 03:30;1,1946;1,1938;0,10476;0,10476;0,6941;0,6939
06/09/2016 03:45;1,1941;1,1935;0,10477;0,10476;0,6941;0,6939
06/09/2016 04:00;1,1946;1,194;0,10477;0,10477;0,6943;0,694
06/09/2016 04:15;1,1946;1,1941;0,10477;0,10477;0,694;0,6939
06/09/2016 04:30;1,1944;1,1937;0,10477;0,10475;0,6939;0,6937
06/09/2016 04:45;1,1943;1,1937;0,10476;0,10475;0,6938;0,6936
06/09/2016 05:00;1,1945;1,1942;0,10476;0,10476;0,6938;0,6937
06/09/2016 05:15;1,1946;1,1943;0,10476;0,10476;0,6939;0,6937
06/09/2016 05:30;1,1943;1,1942;0,10476;0,10476;0,6941;0,6939
06/09/2016 05:45;1,1943;1,194;0,10477;0,10476;0,6941;0,6938
06/09/2016 06:00;1,1946;1,1941;0,10479;0,10476;0,6942;0,694
06/09/2016 06:15;1,1946;1,1942;0,10479;0,10478;0,6941;0,6939
06/09/2016 06:30;1,1952;1,1944;0,10479;0,10478;0,6941;0,6938
06/09/2016 06:45;1,1952;1,1947;0,10478;0,10477;0,6941;0,694
06/09/2016 07:00;1,1952;1,1949;0,10479;0,10478;0,6942;0,6941
06/09/2016 07:15;1,1954;1,1948;0,10479;0,10477;0,6943;0,6942
06/09/2016 07:30;1,1954;1,1951;0,10481;0,10478;0,6944;0,6942
06/09/2016 07:45;1,1954;1,1951;0,10481;0,1048;0,6945;0,6944
06/09/2016 08:00;1,1954;1,1948;0,10486;0,1048;0,6947;0,6944
06/09/2016 08:15;1,1955;1,195;0,10487;0,10481;0,6947;0,6944
06/09/2016 08:30;1,1959;1,195;0,10485;0,1048;0,6951;0,6944
06/09/2016 08:45;1,197;1,195;0,10485;0,1048;0,6953;0,6949
06/09/2016 09:00;1,1968;1,1958;0,10483;0,10479;0,6953;0,6948
06/09/2016 09:15;1,1962;1,195;0,10487;0,10478;0,6953;0,6946
06/09/2016 09:30;1,1955;1,1946;0,10488;0,10484;0,6947;0,6941
06/09/2016 09:45;1,1957;1,1947;0,10486;0,10485;0,6946;0,6943
06/09/2016 10:00;1,1952;1,1937;0,10487;0,10483;0,6945;0,6939
06/09/2016 10:15;1,1945;1,1935;0,10496;0,10485;0,6941;0,6939
06/09/2016 10:30;1,1949;1,1942;0,105;0,10496;0,6943;0,694
06/09/2016 10:45;1,1952;1,1946;0,105;0,10498;0,6945;0,6942
06/09/2016 11:00;1,1949;1,1944;0,105;0,10498;0,6945;0,694
06/09/2016 11:15;1,1948;1,1937;0,105;0,10497;0,6946;0,6944
06/09/2016 11:30;1,1946;1,1936;0,10499;0,10495;0,6945;0,6944
06/09/2016 11:45;1,1949;1,1942;0,10496;0,10494;0,6947;0,6945
06/09/2016 12:00;1,1949;1,1941;0,10495;0,10489;0,6949;0,6946
06/09/2016 12:15;1,1945;1,1936;0,10492;0,10488;0,6948;0,6945
06/09/2016 12:30;1,1943;1,1937;0,10489;0,10486;0,6945;0,6944
06/09/2016 12:45;1,1941;1,1934;0,1049;0,10489;0,6945;0,6944
06/09/2016 13:00;1,1944;1,1936;0,10494;0,10489;0,6945;0,6943
06/09/2016 13:15;1,1952;1,1941;0,10494;0,10489;0,6945;0,6942
06/09/2016 13:30;1,1963;1,1951;0,10491;0,10487;0,6944;0,6941
06/09/2016 13:45;1,1969;1,1957;0,10489;0,10486;0,6942;0,694
06/09/2016 14:00;1,1972;1,1965;0,10489;0,10487;0,6944;0,6942
06/09/2016 14:15;1,1972;1,196;0,10494;0,10486;0,6941;0,6937
06/09/2016 14:30;1,1965;1,1955;0,10497;0,10492;0,694;0,6934
06/09/2016 14:45;1,1965;1,1957;0,10496;0,10489;0,6938;0,6934
06/09/2016 15:00;1,1966;1,1959;0,10496;0,10494;0,6937;0,6934
06/09/2016 15:15;1,1965;1,1959;0,10498;0,10492;0,6935;0,6932
06/09/2016 15:30;1,1974;1,1963;0,10498;0,10495;0,6938;0,6935
06/09/2016 15:45;1,1999;1,1971;0,10498;0,10495;0,6937;0,6933
06/09/2016 16:00;1,1995;1,1944;0,10498;0,1049;0,6935;0,6927
06/09/2016 16:15;1,1947;1,1937;0,10505;0,10493;0,6932;0,6924
06/09/2016 16:30;1,1947;1,1938;0,10503;0,10496;0,6935;0,6928
06/09/2016 16:45;1,195;1,1936;0,10506;0,10499;0,6931;0,6926
06/09/2016 17:00;1,1964;1,1945;0,10501;0,10498;0,6929;0,6926
06/09/2016 17:15;1,1962;1,1955;0,10499;0,10496;0,6934;0,6927
06/09/2016 17:30;1,1959;1,1951;0,10499;0,10497;0,6935;0,6932
06/09/2016 17:45;1,1956;1,195;0,10501;0,10497;0,6932;0,693
06/09/2016 18:00;1,1957;1,1949;0,10501;0,10501;0,6931;0,6928
06/09/2016 18:15;1,1954;1,1946;0,105;0,10497;0,6929;0,6927
06/09/2016 18:30;1,1953;1,1947;0,10498;0,10493;0,6928;0,6925
06/09/2016 18:45;1,1949;1,1937;0,10493;0,1049;0,6928;0,6925
06/09/2016 19:00;1,1943;1,1936;0,10494;0,10493;0,6927;0,6923
06/09/2016 19:15;1,1939;1,1933;0,10497;0,10493;0,6925;0,6923
06/09/2016 19:30;1,1941;1,1934;0,10494;0,10492;0,6926;0,6923
06/09/2016 19:45;1,194;1,1932;0,10496;0,1049;0,6925;0,6922
06/09/2016 20:00;1,1936;1,1932;0,10499;0,10494;0,6923;0,6918
06/09/2016 20:15;1,1936;1,1932;0,10495;0,10493;0,692;0,6918
06/09/2016 20:30;1,1936;1,193;0,10496;0,10492;0,6922;0,692
06/09/2016 20:45;1,1943;1,1934;0,10494;0,10492;0,6924;0,6921
06/09/2016 21:00;1,1941;1,1938;0,10492;0,1049;0,6924;0,692
06/09/2016 21:15;1,194;1,1936;0,10491;0,1049;0,6924;0,6922
06/09/2016 21:30;1,1941;1,1934;0,10491;0,10491;0,6922;0,692
06/09/2016 21:45;1,1937;1,1934;0,10492;0,10491;0,6923;0,692
06/09/2016 22:00;1,1936;1,1932;0,10491;0,10487;0,692;0,6917
06/09/2016 22:15;1,1935;1,1931;0,10489;0,10486;0,692;0,6918
06/09/2016 22:30;1,1937;1,1932;0,10486;0,10486;0,6919;0,6917
06/09/2016 22:45;1,1943;1,1936;0,10486;0,10486;0,6919;0,6916
06/09/2016 23:00;1,1942;1,1938;0,10497;0,1049;0,6919;0,6915
06/09/2016 23:15;1,194;1,1938;0,10498;0,10493;0,6919;0,6919
06/09/2016 23:30;1,1939;1,1934;0,10497;0,10493;0,6921;0,6918
06/09/2016 23:45;1,1936;1,1933;0,10496;0,10492;0,6919;0,6915
07/09/2016;1,1938;1,1933;0,10492;0,10487;0,6919;0,6917
07/09/2016 00:15;1,1938;1,1935;0,10489;0,10488;0,6917;0,6916
07/09/2016 00:30;1,1939;1,1936;0,10488;0,10487;0,6918;0,6917
07/09/2016 00:45;1,1939;1,1937;0,10488;0,10487;0,6918;0,6917
07/09/2016 01:00;1,1939;1,1936;0,10488;0,10487;0,6919;0,6918
07/09/2016 01:15;1,1938;1,1934;0,10488;0,10488;0,6919;0,6918
07/09/2016 01:30;1,1935;1,1922;0,1049;0,10487;0,6919;0,6916
07/09/2016 01:45;1,1929;1,1924;0,1049;0,10487;0,6921;0,6918
07/09/2016 02:00;1,1931;1,1925;0,10488;0,10486;0,6921;0,6918
07/09/2016 02:15;1,1933;1,1927;0,10487;0,10486;0,6919;0,6917
07/09/2016 02:30;1,1933;1,1924;0,10487;0,10486;0,6918;0,6916
07/09/2016 02:45;1,1929;1,1923;0,10487;0,10485;0,6919;0,6917
07/09/2016 03:00;1,1935;1,1928;0,10487;0,10486;0,6921;0,6919
07/09/2016 03:15;1,1941;1,1933;0,10487;0,10486;0,6921;0,6918
07/09/2016 03:30;1,1941;1,1932;0,10487;0,10484;0,692;0,6918
07/09/2016 03:45;1,1935;1,1926;0,10485;0,10484;0,6919;0,6918
07/09/2016 04:00;1,1931;1,1926;0,10485;0,10484;0,6918;0,6916
07/09/2016 04:15;1,1928;1,1924;0,10486;0,10484;0,6918;0,6917
07/09/2016 04:30;1,1925;1,1922;0,10486;0,10485;0,6918;0,6916
07/09/2016 04:45;1,1924;1,1921;0,10486;0,10485;0,6917;0,6915
07/09/2016 05:00;1,1926;1,1919;0,10487;0,10486;0,6917;0,6915
07/09/2016 05:15;1,1925;1,1919;0,10487;0,10486;0,6916;0,6915
07/09/2016 05:30;1,1927;1,1923;0,10487;0,10486;0,6917;0,6916
07/09/2016 05:45;1,1925;1,1922;0,10487;0,10485;0,6919;0,6916
07/09/2016 06:00;1,1924;1,1915;0,10486;0,10485;0,6919;0,6918
07/09/2016 06:15;1,1917;1,1912;0,10485;0,10484;0,6919;0,6917
07/09/2016 06:30;1,1919;1,1915;0,10485;0,10483;0,6919;0,6917
07/09/2016 06:45;1,1923;1,1917;0,10485;0,10483;0,6919;0,6918
07/09/2016 07:00;1,1921;1,1918;0,10486;0,10484;0,6919;0,6918
07/09/2016 07:15;1,1921;1,1917;0,10486;0,10485;0,692;0,6917
07/09/2016 07:30;1,1919;1,1916;0,10486;0,10485;0,6918;0,6915
07/09/2016 07:45;1,1921;1,1916;0,10487;0,10485;0,692;0,6916
07/09/2016 08:00;1,1923;1,1912;0,10488;0,10484;0,6919;0,6915
07/09/2016 08:15;1,1925;1,1912;0,1049;0,10483;0,6919;0,6916
07/09/2016 08:30;1,1927;1,1922;0,10496;0,10488;0,692;0,6917
07/09/2016 08:45;1,1927;1,192;0,10497;0,10493;0,6922;0,692
07/09/2016 09:00;1,193;1,1919;0,10498;0,10491;0,6924;0,6921
07/09/2016 09:15;1,1925;1,1914;0,10507;0,10498;0,6924;0,6922
07/09/2016 09:30;1,1934;1,1922;0,10522;0,10504;0,6925;0,6922
07/09/2016 09:45;1,1932;1,192;0,10504;0,10499;0,6925;0,6922
07/09/2016 10:00;1,1926;1,1917;0,10501;0,10497;0,6925;0,6923
07/09/2016 10:15;1,1932;1,1917;0,10506;0,10497;0,6927;0,6923
07/09/2016 10:30;1,1939;1,1903;0,10506;0,10502;0,6929;0,6927
07/09/2016 10:45;1,1917;1,1906;0,10506;0,10501;0,6927;0,6923
07/09/2016 11:00;1,1917;1,1903;0,10512;0,10504;0,6925;0,6923
07/09/2016 11:15;1,1912;1,1894;0,10515;0,1051;0,6924;0,6922
07/09/2016 11:30;1,19;1,1891;0,10515;0,10506;0,6921;0,6918
07/09/2016 11:45;1,1896;1,1887;0,10519;0,10511;0,6921;0,6918
07/09/2016 12:00;1,1895;1,1889;0,10523;0,10518;0,6924;0,692
07/09/2016 12:15;1,1892;1,1885;0,10523;0,10516;0,6926;0,6924
07/09/2016 12:30;1,1899;1,1883;0,10517;0,10508;0,6927;0,6926
07/09/2016 12:45;1,19;1,1894;0,10515;0,10506;0,6926;0,6923
07/09/2016 13:00;1,1898;1,1894;0,10512;0,1051;0,6924;0,6922
07/09/2016 13:15;1,1894;1,1889;0,10512;0,10508;0,6924;0,6921
07/09/2016 13:30;1,1898;1,1891;0,10511;0,1051;0,6925;0,6922
07/09/2016 13:45;1,1895;1,1889;0,10515;0,10509;0,6925;0,6922
07/09/2016 14:00;1,191;1,1891;0,10518;0,10513;0,6926;0,6922
07/09/2016 14:15;1,191;1,1901;0,10524;0,10515;0,6925;0,6921
07/09/2016 14:30;1,1902;1,1896;0,10525;0,10521;0,6922;0,6918
07/09/2016 14:45;1,1899;1,1887;0,10532;0,10521;0,693;0,6922
07/09/2016 15:00;1,1893;1,188;0,10528;0,10525;0,6932;0,6928
07/09/2016 15:15;1,1893;1,1872;0,10529;0,10527;0,6931;0,6927
07/09/2016 15:30;1,1909;1,1879;0,10531;0,10527;0,6933;0,6927
07/09/2016 15:45;1,1912;1,1889;0,10533;0,1053;0,6932;0,6926
07/09/2016 16:00;1,1895;1,1873;0,10535;0,10531;0,6915;0,6894
07/09/2016 16:15;1,1901;1,1888;0,10536;0,10534;0,6898;0,6887
07/09/2016 16:30;1,19;1,1889;0,10536;0,10534;0,6898;0,689
07/09/2016 16:45;1,1898;1,1862;0,10535;0,10529;0,6895;0,689
07/09/2016 17:00;1,1879;1,1867;0,10536;0,10531;0,6897;0,6893
07/09/2016 17:15;1,1883;1,1874;0,10537;0,10534;0,6902;0,6895
07/09/2016 17:30;1,188;1,1874;0,10538;0,10536;0,6902;0,6898
07/09/2016 17:45;1,1874;1,1866;0,10537;0,10536;0,6902;0,6901
07/09/2016 18:00;1,187;1,1869;0,10537;0,10537;0,6901;0,6901
